Wavenumber,Baseline,Surface,1 micrometer,2 micrometers,3 micrometers,4 micrometers,5 micrometers,6 micrometers,7 micrometers
182.2753689022866,10368.421864165728,10379.404198520315,10638.58728928857,10829.679907058387,11013.084890779994,11624.800914330497,11930.10980938802,12564.888735083157,13185.39062611733
183.29477958540883,10398.704116567063,10505.659721460386,10455.45607018393,10950.944280608093,11367.85286294737,11742.197480073995,12298.803179008632,12654.594272837438,13382.547216346067
184.31407859921458,10510.357768290993,10800.298672243847,10733.222791478634,11000.444445494884,11255.765540020533,11808.600621811238,12214.301513536315,12716.28875023081,13520.117450368763
185.3332659620501,10401.64596271829,10581.353544139174,10687.252654619339,10946.117146904182,11283.06886206834,11755.870951282806,12152.72519358726,12752.820152974851,13428.862959272463
186.3523416922617,10546.975031421762,10571.35497370545,10763.214519503172,11025.033899680175,11361.053104198838,11776.572120512137,12323.530825659236,12860.949553390978,13593.407819392229
187.3713058081921,10695.8076002933,10729.419094274384,10808.19603329255,11059.231878963777,11338.627422681544,11885.86455906108,12486.67001397297,12927.820872474706,13662.021944124024
188.3901583281731,10793.65166153426,10793.65166153426,10945.306650964732,11110.558294620005,11475.576165731967,12026.763610075819,12433.617340341016,13158.423600170787,13748.30921423138
189.4088992705329,10825.875968479148,10764.64833407153,10844.555585756048,11121.636575363404,11562.683094401329,12022.409230716155,12701.101991776868,13019.693241999557,13890.370958406193
190.4275286536104,10915.119596182201,10827.26115246293,11011.247069898578,11115.643573612062,11439.169372248904,12124.465233259205,12460.394576891707,13251.120570365134,13682.143758964374
191.4460464957119,10776.57376552417,10744.684324255437,11004.943312674453,11363.956699861159,11577.924563857821,12051.122724619669,12502.718360651084,13034.551945681249,13646.62347971016
192.46445281517657,10799.421194842205,10835.123446832331,10933.049623719538,11094.219789846398,11507.345848589299,12036.759242385757,12427.443885592007,12974.19837321224,13753.527530939591
193.48274763031083,10766.68900994276,10903.386368763626,10974.266480744816,11295.252130716775,11498.779309405621,11994.940093273952,12524.51578707627,12950.809031991714,13615.056938558295
194.50093095942432,10854.65217116194,10896.190414490076,11143.393618686781,11152.51176966125,11632.734387649934,12123.08828449914,12527.326311033918,12989.312627073665,13688.370868449596
195.5190028208308,10967.45050790376,10895.589213509043,10947.207889764404,11336.878288947031,11755.900484431726,12094.96433826596,12732.606809655714,13227.538823162999,13816.599011018296
196.5369632328257,11063.878140740777,11113.51920189784,11307.018032122314,11396.16932562888,11670.714786313867,12386.96438300865,12823.603104614664,13445.6359933991,14078.812793871859
197.55481221371517,11107.17131098518,11199.587201018978,11257.474077193996,11605.810893475234,12008.987908238068,12377.635909142122,12947.36463781202,13426.708594910402,14325.478514469869
198.5725497817948,11296.326426704261,11192.820740796622,11322.710228994443,11427.230676528627,11860.533891063547,12375.018035722103,12895.590750139934,13534.890574863584,14204.633248383601
199.5901759553562,11224.507810349985,11038.59463750775,11278.058887309977,11588.250974606533,11910.567834044974,12432.943433824517,12986.641361637263,13617.129513015281,14103.130796369169
200.607690752684,11131.544047558133,11023.080789065145,11221.93009630229,11419.775114108943,11942.00561796407,12325.644180411491,12773.557266410311,13560.920179914965,14110.26649839334
201.6250941920662,11170.349144332426,11070.337064966929,11257.359653380408,11361.372215920526,11854.43176719243,12297.485278781583,12877.55533910147,13612.644122437876,14094.702344979574
202.64238629177268,11122.883222002936,11122.883222002936,11181.629091674244,11313.060528904965,11693.415142709022,12282.86522483468,12812.57374458274,13333.321029974159,14111.952726295553
203.6595670700917,11136.079240684996,10997.140634235377,11247.030214180735,11509.914052283255,11816.778456456155,12451.49798951737,12798.344726481528,13418.07088474602,14237.708706966798
204.6766365452932,11300.551045511049,11255.425054114474,11451.973816641776,11660.556176874832,11845.07134169638,12526.97521168906,12962.1903287138,13522.755421840136,14220.70408877382
205.6935947356396,11338.306246127222,11185.804472000034,11334.293041544926,11601.171146267505,11964.366160965146,12386.75594325163,12881.383408019414,13548.578669825856,14184.671596119517
206.7104416593938,11244.264544909007,11184.107980246097,11440.775989474514,11556.076071745092,11946.091132642961,12310.03834885357,12951.708371924615,13425.942623350558,14159.852712238066
207.72717733482202,11213.58342456408,11230.700324826053,11478.391940381656,11584.113971411489,11950.617012314902,12402.70455452818,12950.445362911305,13522.35120695839,14279.522324429181
208.7438017801687,11281.38062421522,11324.66987701205,11355.878408098133,11512.927790337788,11971.99521534601,12388.780114366635,12869.995529177884,13508.26032622879,14258.271799104066
209.76031501369653,11429.607288886076,11343.057475832964,11357.14698028347,11646.988214693894,11917.707978778632,12520.537490625313,13031.7852235437,13476.6110069097,14134.79214338337
210.7767170536536,11484.919074797268,11398.026927314857,11560.697110392393,11732.460657741347,12098.21597621382,12574.10203975121,13165.170717393192,13804.737337816054,14470.573677245226
211.79300791827703,11459.230219641282,11576.150855183405,11522.730219978814,11712.222284478115,12164.785778947193,12601.222289203564,13228.158800472529,13615.206421577486,14372.1667430614
212.80918762581132,11461.862725200663,11339.831454655192,11676.678102276575,11885.442341970067,12198.08444006177,12650.911220846205,13322.587470294831,13924.675639845627,14467.260958469293
213.8252561944828,11508.056083786734,11283.038227399844,11509.060627788462,11891.791892446523,12252.423189066585,12789.854229990635,13227.835414743691,13828.552727776554,14493.560856919956
214.8412136425395,11489.928097705635,11282.550373734488,11516.977366049696,11864.610555508572,12135.103238949197,12669.07583255606,13313.24914904614,13840.208969378615,14535.475348296368
215.8570599881969,11390.86782970508,11317.095361702439,11490.560354032972,11704.899281337943,12252.211239898077,12532.347233259456,13082.649967549427,13733.64215141057,14489.311485816
216.87279524968469,11532.385515918219,11449.440282138217,11528.388155254122,11887.151274856777,12189.951345162082,12604.677514062087,13126.333080726672,13831.867237939692,14366.51422676259
217.88841944521852,11543.255383803713,11503.282202663366,11579.231246830024,11704.14743789361,12052.913443343137,12728.460204615001,13307.072001621525,13830.72067456007,14670.157478507359
218.9039325930135,11702.521964798358,11591.19355049491,11687.47758448708,11962.288264839734,12114.737985327336,12814.803149145408,13292.211484356585,13932.09912692955,14463.667231261323
219.9193347112851,11638.807393230209,11450.113378921198,11747.206082301342,11917.83364843183,12192.845137371556,12667.5912478405,13271.813570255523,13820.832856569503,14542.48709214492
220.9346258182413,11701.480387916707,11593.785703458847,11552.519515956303,11998.395639459408,12292.291413867775,12804.596034326196,13298.783791978622,13897.646756954575,14763.230202129904
221.94980593208308,11703.545974446257,11626.86756978609,11830.670697961794,11976.965022642373,12328.071401875759,12947.552197419725,13548.872318175758,13956.478574527162,14681.896639667408
222.96487507101483,11763.71919718229,11554.824123508382,11811.149479610665,12057.383286260101,12455.99948964751,12745.626958944182,13431.852321737693,14063.583317485836,14601.462903322516
223.9798332532264,11725.030614007617,11595.110587448007,11656.545638766893,12029.184474635542,12261.83196405624,12881.218137189266,13382.769867628691,14076.683807935447,14749.447976476684
224.99468049691131,11820.839773749169,11687.015149139988,11830.901775599483,11933.534194472688,12411.479282362614,12884.393369327383,13430.760069799448,14095.858392105218,14815.291524402686
226.0094168202631,11798.827451699977,11602.01210926358,11931.0469894393,12143.001973601577,12410.4689774254,12994.859148044245,13486.392849411044,13941.59141063574,14790.420656733231
227.0240422414609,11866.056017903076,11737.372194274203,11772.559177297722,11985.691760183045,12406.930214093185,13004.103583120926,13483.6518946129,14128.076355129368,14880.072449460597
228.0385567786871,11889.126544626108,11756.67952767188,11844.9775389747,12010.536310167483,12459.050072126118,13009.909256276658,13562.77521341135,14027.343159243226,14757.808525475635
229.0529604501171,11935.352639789884,11630.62876286907,11773.969270762742,11967.428837360496,12558.833730068653,12884.60761164518,13367.755337552522,14116.534074591495,14678.869913251285
230.0672532739191,11944.7988353648,11684.148588013155,11821.491218348445,12082.14146570009,12464.094328165385,12943.28978291187,13471.607784274627,14043.033326545541,14777.866523886909
231.081435268261,11856.99679489824,11669.408189542617,11687.368800693686,12127.403773894908,12336.944237324062,13083.307411824095,13461.478057727187,14036.217614561436,14857.416668857593
232.09550645131458,12089.0543520493,11816.285975130393,11931.610840371843,12102.091075946159,12688.743651304834,13270.382102087795,13610.339748321285,14322.34543807284,14874.901966316653
233.10946684123698,11917.810683709513,11883.734023777957,12082.180455144073,12261.584047136674,12697.564843319806,13154.592988284194,13523.422719308086,14427.45646219817,15080.926529120936
234.12331645618184,12128.544179568808,11930.011462343722,12224.802466708243,12354.149540051858,12711.107354860596,13228.495648235059,13815.06958549099,14380.587022435171,15046.37350848293
235.13705531430242,12226.314557376065,11976.4716082716,12128.376121327115,12399.205878156354,12602.07835282918,13311.632328285858,13865.284303501352,14440.922458238038,15368.339485313809
236.1506834337415,12185.78439231821,11929.641785828888,12156.768237676843,12362.882991336219,12860.15984846588,13255.379885822453,13924.752556687128,14386.00935977923,15136.427152228416
237.16420083265618,12088.581387983388,11909.520768345714,12000.04585938476,12206.960353188293,12796.865616772408,13278.339727353707,13873.218897038867,14221.392324112121,15015.22773783914
238.1776075291782,12031.091603613342,11953.663786362365,12041.018246850646,12308.044949934145,12614.77822596686,13498.249474086982,13828.80669388923,14353.926121142651,15146.072251479569
239.1909035414428,12114.382095993977,11958.560533723696,12211.646510659502,12258.293729937868,12642.388918463976,13203.148043831548,13924.6912016054,14373.298501899457,15286.393006922763
240.204088887589,12446.020353583479,12079.960931419258,12177.709768945399,12343.28433046927,12791.133596277812,13436.475411373862,13997.035071472748,14513.707498396634,15255.800713901212
241.2171635857376,12284.363744011916,12122.937160094823,12292.335427168317,12651.061169206303,12903.165649027444,13500.045425362869,13964.395969223151,14587.183715816876,15373.390967116795
242.23012765401648,12315.669157359105,12288.785572004694,12385.367341611278,12540.69472365898,12806.5435121637,13389.02119484258,14177.606365238604,14568.911885397236,15315.678145241955
243.24298111054668,12366.649065822716,12238.058244486981,12330.763255217395,12774.351747422063,13139.190821909497,13504.029896396933,14018.393181739873,14721.156972760751,15480.73996390672
244.2557239734451,12540.268516838074,12302.155846978354,12529.309356300597,12676.759879895739,13094.20426764144,13678.02863809247,14247.904986041256,14856.636539532006,15535.10820553397
245.2683562608254,12632.1497662328,12244.751920134602,12572.550097602309,12738.435841957178,13144.706916455032,13816.196516358576,14291.007209781497,14701.251595521384,15632.993081778077
246.2808779907937,12486.722972604122,12215.01378466785,12424.24969216622,12775.290029864907,13131.288564423745,13638.01628353117,14163.58515070717,14847.816317407998,15656.002405612602
247.2932891814526,12707.675222499083,12243.014545561075,12543.852547937606,12788.097262738354,13075.035159394518,13670.753975981708,14173.143511303571,14849.284368130033,15523.439495567869
248.30558985090832,12500.95405383986,12341.434865231773,12488.073622461567,12726.857004166837,13298.549996880287,13829.62009063143,14300.251237145969,15129.552857425271,15653.68733428041
249.3177800172562,12608.406057089096,12410.238574855868,12571.745072875949,12891.785556682611,12958.171663230742,13752.823266985984,14365.160787086657,14975.516632364997,15686.937893582284
250.3298596985842,12603.47765281925,12498.341221623938,12571.738352835759,12950.62624638868,13297.774839958109,13813.538464689833,14491.966001836945,14939.291760979268,15734.757966815501
251.34182891298767,12851.414036624123,12626.874448508386,12744.111932568814,12840.48511861849,13410.77593091244,14022.795339227898,14545.396327497267,15106.745297786609,15774.402834130746
252.3536876785511,12743.88182339995,12572.643644336013,12691.42157201042,12823.067108516221,13312.036244109198,14154.369714533537,14560.194300754429,15135.27743391135,15929.109917201973
253.36543601334782,12742.56325833701,12403.501822535933,12814.93602094952,13074.684840188944,13329.476620893263,13920.355614277598,14478.51815333025,15341.042858438255,15776.270841820342
254.3770739354623,12844.195173045044,12647.186167384803,12818.45530295878,13126.343748990614,13444.132145055626,14075.748957172378,14624.206189010434,15292.452816249945,15859.71995315104
255.3886014629679,12968.4577390693,12575.474171218713,12913.163568718463,13096.819205955167,13315.033699661146,14088.164688673729,14556.19034485759,15298.71206099739,16001.737941172305
256.400018613931,12787.935597088479,12669.92942424546,12885.29068968397,13082.951029196027,13462.537551841071,14130.255813177819,14678.001132124165,15286.716307039404,16094.075206240392
257.4113254064178,12917.051499823825,12714.005898224152,12936.764665027677,13259.07491611065,13642.495979325568,14104.769703355889,14819.371941995512,15521.160623252634,16217.035354948599
258.42252185849065,13018.692323080053,12640.299106683722,12952.84207503186,13288.973191934578,13721.422582101814,14261.001480287754,14730.79877233307,15352.936190460026,16210.95509413275
259.4336079882014,13148.950308369955,12802.356860128124,12975.162658684958,13301.137233235348,13672.276959681274,14208.367675658723,14955.556384191395,15351.242388841416,16240.799510957842
260.4445838136089,13088.48065911105,12798.629912587683,13042.301048648005,13348.855058530344,13714.361762620827,14420.811548215064,15054.553010952593,15546.808007590582,16281.751595385422
261.4554493527612,13199.831943632606,13050.414721750556,13141.834469349442,13369.892334327307,13778.823678425546,14377.47557399244,14983.008525830219,15480.41059341125,16213.73459027973
262.46620462370635,13245.514576176853,12973.353198118772,13271.060409496384,13313.309287678685,13970.623229631234,14524.771306254906,15091.692299538347,15747.041177389394,16415.162971900205
263.4768496444813,13272.295662326911,13055.589038776969,13330.412438642577,13606.220868615232,13900.744870621744,14624.741999299958,15088.691179718244,15999.844028735046,16719.90103698508
264.48738443312317,13461.849663838118,13085.067405635109,13362.489329429492,13522.843136445395,13991.11560355932,14651.222379679999,15179.504553713985,15857.31911220452,16823.37701704879
265.4978090076729,13160.637789004832,13080.10254283331,13213.673195020225,13598.670957206037,14054.382594079041,14499.29072231928,15272.232658136205,15985.264227898706,16600.082082817888
266.5081233861565,13386.529295595492,13160.675379092776,13341.161259966126,13592.657979215875,13993.080206727242,14593.71354799429,15210.127075567205,15860.073499040087,16468.59693346007
267.5183275865966,13393.799094614244,13255.130640811423,13273.816460827406,13564.921867392191,14031.083903580397,14647.71596410783,15127.64649925518,15866.228121992186,16503.51293095834
268.5284216270193,13462.408508509034,13014.940039565237,13463.391955693525,13633.528318610617,14026.90719240736,14731.05537650353,15309.32232098474,15788.261099832276,16795.311016751937
269.5384055254399,13599.661518823923,13241.801561269385,13621.290417357439,13714.687933752166,14228.865839798933,14801.048519185582,15389.94443834813,16160.719731542516,16854.810748118074
270.5482792998701,13508.240132677654,13282.173084162943,13379.058962097819,13745.072278740683,14262.775606291685,14799.073193244329,15601.562283209965,16136.881224930945,16827.804758486724
271.558042968325,13483.952871947266,13315.12289099287,13563.000435284295,13779.649312578375,14051.924252961473,14717.485218342383,15634.827311389387,16077.884024414214,16811.757698851816
272.5676965488128,13732.099027180671,13426.984734595544,13576.608089613252,13813.267252451715,14290.497299828454,14815.645938027857,15491.39586166992,16230.711262933884,17141.164488564507
273.5772400593305,13618.770035366408,13454.204591509573,13465.959266070775,13733.37811233813,14253.522461671337,14866.724651280727,15531.843320202097,16135.249947677154,16890.487788234408
274.5866735178788,13732.818395587603,13642.715750287785,13650.550762922552,13870.910493275369,14292.042422394088,15057.914907442548,15576.005117916506,16231.208049498884,16980.431132698464
275.5959969424475,14032.042560721138,13595.910177756186,13684.514950819044,13979.8641943619,14404.182607585139,14988.974109799996,15634.804455680376,16297.371258694851,17218.860898548566
276.6052103510338,14221.036545066017,13835.065042150898,13973.543367624261,14264.249639539976,14543.1705220537,15058.781308390695,15958.39936607581,16421.958015887354,17228.27507414006
277.61431376162363,14020.004405842892,13901.539284815868,14058.1873787359,14423.373247686975,14758.208548441045,15353.471305337167,15936.985455189288,16774.07370707446,17599.41335191563
278.6233071921961,14278.014014439537,14018.609536595957,14214.386501006207,14356.324800203638,14651.948016463115,15430.16144999386,16094.824244166659,16829.96674552715,17546.510435268665
279.6321906607336,14084.500116487972,13864.123723844732,14016.918022744045,14237.294415387285,14716.245775398595,15430.265287562692,16011.079513506877,16763.297600395803,17521.39239108855
280.6409641852042,14131.0755570151,13599.139749218968,13869.51596091645,14267.243286819266,14803.0975904371,15305.644679570463,15950.237242240544,16598.748300732328,17377.549345295727
281.6496277835831,13996.318346261887,13793.5583282287,14029.621924103089,14160.877201477228,14666.307971067203,15297.11691605934,15965.147506873995,16579.30466294553,17418.750727942836
282.65818147384203,14098.331958750545,13751.627581300201,14127.713685653116,14165.90993062646,14679.110760524709,15511.593022764233,15912.163899535957,16646.707072100246,17629.036141542885
283.6666252739378,14197.36113738894,13783.43821074018,14118.286238665945,14330.128868578164,14835.8177270783,15567.992715254171,16042.442107592136,16677.969997328793,17583.91451603174
284.674959201835,14298.239202648678,13768.277894054218,14121.910164311183,14452.161788600744,14877.884383923867,15373.748917149198,16115.110233032256,16879.85219488272,17707.91673956156
285.6831832754797,14239.945704739901,13844.066633518018,14110.261181408594,14399.857447795048,14910.794968288317,15509.488933141118,16197.889485561438,16938.94390459748,17726.80176062527
286.69129751282884,14325.512213791206,14057.800418225881,14240.508833447471,14601.04041214676,15042.667169794668,15767.638528588357,16377.317946226176,17072.00074420773,17817.49016032577
287.6993019318325,14359.768224472036,14042.570870230657,14338.296403569542,14619.382059020365,15067.362322395113,15622.701690282327,16285.400162682008,17087.665470947897,17961.178184935696
288.7071965504329,14463.941283972248,13918.003649557364,14380.25030971257,14528.169240962236,14708.202150706893,15786.453307447879,16290.545454732923,17014.569697165498,17733.728185280648
289.714981386569,14416.288763212286,14161.314759878383,14258.029037005037,14553.056427835836,15123.572971694071,15702.88172256382,16503.949472501754,17128.19617031924,18215.499104076458
290.72265645817237,14551.019105751404,14023.554394989147,14546.153195135515,14724.245523677017,14958.782415362817,15762.63084910751,16413.68968951332,16992.73305280399,17959.102901119342
291.7302217831821,14468.237399205378,14253.546165708469,14555.08976184731,14743.43252577869,15266.498440116615,15945.703433361385,16614.17386493131,17100.156748028858,18288.7654862072
292.7376773795149,14594.90772840936,14305.462499509813,14492.866020593925,14954.01604629829,15363.164047827478,16049.983235046742,16623.967841508555,17289.201282843787,18323.354744742508
293.74502326510986,14720.894509255017,14418.978040097374,14766.28064514146,14877.772674601636,15340.513929617762,16068.665414056783,16982.308062553442,17572.327829077203,18463.27740963064
294.7522594578768,14838.251312952792,14550.168242249187,14740.579312953967,15156.91854527219,15441.0552725415,16188.887353340582,16897.255999796707,17609.570989687127,18353.456727051915
295.7593859757362,14931.506339611187,14659.448813380943,14796.96152663914,15225.328467939851,15625.995006569847,16292.783270857792,17051.576444016326,17750.02231135652,18521.67638575503
296.7664028365944,15038.644123641243,14500.317257352111,14799.059089743332,15116.533908324103,15727.820826088318,16240.513079697013,16970.113594447852,17796.336880071096,18616.644485845012
297.77331005836817,15094.113303137561,14572.438699246926,14970.092548250354,15267.348643297471,15650.238116719089,16392.39406263143,17109.94271590742,17779.26107561616,18777.332864946544
298.7801076589531,15089.995897335359,14797.386658826383,14950.564649455242,15208.807031092358,15674.23246415697,16540.27725732783,17286.529006545352,17843.272087869478,18790.815427336463
299.7867956562586,14908.52834200479,14731.875382913167,14895.770072737063,15270.66690814262,15805.532812058927,16469.94421930909,17188.33291961503,17850.78151620862,18908.73646010179
300.7933740681765,15102.915807022653,14546.189297936258,14978.87323394551,15237.70222501199,15589.318967592872,16442.966281525343,17155.96689842546,17781.06332968036,18880.842363419448
301.7998429125983,14968.100552729446,14543.369715127534,14956.383839968013,15240.51412443274,15579.322401784151,16543.998419142055,17211.85104654368,17824.049288328508,18819.96987305023
302.8062022074191,14917.248288372039,14673.183362187941,15074.426100834598,15194.506044517175,15799.787061453735,16277.17805706983,17254.41402151096,17973.917423901676,18774.450381785515
303.8124519705125,14995.581685014107,14606.644473503153,15063.010498065001,15176.369082324476,15622.962815139821,16457.51653029147,17160.14430686528,17809.024478833308,18588.85336020452
304.81859221976987,15183.307028005982,14731.225281770176,15071.995323749217,15274.1139446365,15883.399062673525,16611.807232634455,17328.498381094672,17944.618428340444,18839.994154686523
305.82462297306853,15327.62656412775,14900.35853750836,15198.955043467658,15483.80039454725,15942.49963232025,16695.866474658345,17504.23793651526,18160.364469346874,19301.710324362346
306.8305442482779,15189.588067861965,14917.7144639076,15338.775027432592,15530.166192671224,15963.004674057056,16885.608239822774,17352.798981636053,18247.920739059813,19215.672989958744
307.8363560632679,15334.788828705738,14822.18894598389,15268.01336505615,15477.177685017363,16133.14841616333,16882.408397996227,17334.12476974345,18285.6751267501,19141.972248844835
308.8420584359046,15482.675070172421,15021.816554156709,15446.161654556616,15659.321053827267,16133.995456832745,16775.447352786094,17593.545232394285,18387.95873430574,19459.676825083177
309.84765138404333,15462.176586450008,14972.330732073055,15258.156280904677,15687.88020949291,16209.265434775423,16896.232357312118,17499.422825880923,18284.950282497488,19353.346471923276
310.8531349255536,15513.300342489052,15164.388683747058,15529.025938376015,15660.72780392933,16121.684333365934,17015.094749694024,17485.879776559977,18310.490710882605,19334.620143021075
311.8585090782835,15780.824434158712,15104.348425795724,15358.766516404545,15822.241332629916,16274.86886592235,17127.859751103086,17724.460312414463,18481.797884459324,19606.95695959368
312.8637738600846,15601.108434463915,15150.943858472629,15624.749462524727,15955.723855376089,16398.993131516305,17118.074401699327,17819.424900836737,18571.99762743924,19554.085334798787
313.8689292887975,15482.281112037332,15298.515164119974,15516.492857660243,15851.767964764784,16356.146843091146,17088.278199421467,17853.64382292833,18613.14457575698,19357.00567344373
314.8739753822702,15547.80818886243,15336.180073115105,15652.642486940964,15985.760817283974,16439.389602427545,16986.095568108132,17823.790192941287,18636.011063101156,19701.989720198788
315.8789121583395,15689.926960647781,15333.159506020358,15461.556584471437,15885.953034618893,16398.56121805335,17183.645644307653,18085.365584574767,18536.225554708322,19599.667006001604
316.883739634839,15703.830846537467,15386.17444852697,15692.02937045039,15933.959630235473,16431.588538573895,17350.13676068474,17677.627722101137,18630.596916132625,19555.04587628701
317.88845782960203,15823.677517901959,15442.728018715143,15788.240355186905,15836.474271104616,16479.26502813043,17309.085255041246,18179.264472821982,18703.931354130957,19618.407025305507
318.89306676045084,15657.583840854215,15580.729549772053,15698.966920667686,16040.869984840892,16736.49985027687,17487.30715546414,17978.977556105147,18907.140917635865,19781.11215083942
319.8975664452155,15664.879409058763,15567.361767010294,15971.22270882719,16115.0366051815,16539.583107432918,17576.81620922119,18166.8471949488,18895.76694359393,19990.13159324898
320.90195690170367,16034.0034123231,15595.781356157779,15967.039143066377,16270.347892052712,16749.93023217072,17542.669007930457,18276.321663757793,18870.137169078447,19956.33700716912
321.9062381477379,15846.026809110172,15548.169162322387,15745.438816916263,16133.142048964626,16626.31618544932,17621.45370045507,18306.037996842733,19003.317865060693,19930.094608672523
322.9104102011334,16012.714405898843,15593.90227159643,15980.422816104498,16220.163407001908,16844.467476359245,17744.71785850462,18280.95395569556,19029.531719109924,20032.52806878276
323.914473079687,16100.499356654045,15686.809382339039,15921.659510275587,16427.717317335508,16847.30311076189,17659.943511613455,18319.2926155692,19272.45003857527,20206.937367728642
324.91842680121414,15993.228207143313,15770.076027966872,15996.177354885733,16321.566655799399,16820.95567351584,17720.445734953923,18463.630966043747,19284.47708768396,20023.730121783894
325.92227138350063,16228.114613834281,15791.241594889558,16152.520855500024,16416.608141109307,17032.157316116813,17619.236114608822,18392.84496613341,19202.778091143286,20189.423897973502
326.92600684435087,16177.670650419423,15780.83570781068,16035.873549338383,16535.117509394542,16910.289006004794,17803.413802397172,18400.143269446547,19148.516858485367,20322.281750767303
327.9296332015583,16052.427117201632,15748.939600117976,16200.733314870346,16400.111845511066,16997.265277183764,17532.54261314038,18401.75443391396,19232.66200495854,20088.12358223966
328.93315047290884,16068.252539626332,15875.331662596443,15906.669063941401,16510.893333623837,16987.80941034239,17768.30656259021,18533.13501416555,19339.09380500614,20163.659177895304
329.9365586761851,16221.99649140406,15922.65795637604,16267.973325215553,16351.12291827889,16907.736076549947,17702.059247931487,18601.053083522173,19224.1859162439,20414.69244280958
330.9398578291693,16326.16060752792,16198.312834563723,16403.852715713856,16616.276707715904,17239.780462018218,18002.93332217373,18599.88407747579,19589.229151337186,20510.71656108682
331.94304794962954,16459.57530418436,16088.402921741632,16449.729882899406,16772.65970104586,17015.8416067842,18184.493113308115,18989.84857441727,19794.219493397926,20775.807995507737
332.94612905535183,16518.177241452246,16410.666563759623,16766.73403758564,16778.570075496755,17564.680260093246,18359.66747312307,18954.428378156554,19712.921140960443,20809.72732072368
333.9491011640967,16492.06426882569,16359.462768044297,16659.300489960428,16816.641076708493,17322.307993867376,18268.33064123311,18962.01461173874,19788.30008302576,20899.5798246489
334.9519642936321,16591.007992369843,16247.875332139045,16634.51760922908,16898.54187517036,17610.517423776048,18303.70472873798,19031.501956201573,19911.5828426725,20944.93624307937
335.95471846171864,16671.46180391015,16438.13616038076,16730.531587082147,17053.446401755737,17608.702363572513,18204.32267722349,19352.245463532647,19983.30764708682,20919.563710362985
336.9573636861096,16707.416233175576,16343.119927778973,16631.603218268716,17010.66829280302,17398.594628819945,18472.776437435332,18984.760434208936,20024.48178150303,21093.740667072518
337.9598999845584,16755.13757040647,16602.181193504824,16795.59699913529,16930.790700009646,17505.117224891947,18335.02892150022,19180.729663466078,20064.916203491062,21094.164597738894
338.96232737481836,16744.79524681824,16454.04265732694,16668.178010398235,16867.579279542606,17446.137641739824,18270.264069385772,19154.30910500121,20020.673239904343,21077.598193595695
339.9646458746356,16708.99269704294,16441.664539076017,16806.29228395002,17301.635635476967,17683.954214334077,18349.32613692087,19144.430842050435,20018.161475993802,21058.972208666495
340.9668555017524,16895.60013460635,16453.306937365345,17020.425103605477,17336.91045807571,17892.23413905608,18787.6321450262,19530.684716391086,20297.326258275494,21250.713816772768
341.9689562739004,16875.030463226576,16600.25016768467,16987.485032576467,17144.921429666312,17802.047260997846,18527.623699759748,19281.558247314228,20142.080169295998,21220.66616923451
342.9709482088147,16710.786366522807,16615.424049867637,16844.09899286728,17237.225277853897,17916.438512806028,18620.951954217693,19314.761462127244,20332.60822969161,21070.206556473437
343.97283132423036,16833.05830652087,16595.23165760419,16885.6920730844,17428.59962819338,17884.75893841062,18712.27871271498,19470.594830982103,20280.57001643195,21303.02966689752
344.9746056378717,16613.617413641852,16535.76997071493,16987.28513969108,17199.419421666946,17736.56677786271,18572.45369629054,19456.9952665477,20375.595093085383,21371.069269513406
345.97627116745934,16938.348336856085,16605.82232747969,16941.273785618927,17201.63872551188,17888.14403519217,18785.2816557971,19552.724381249358,20380.626381133687,21503.02355647746
346.97782793071383,17128.426246123898,16561.4149277376,16986.917397301157,17485.61409901441,17918.923953340603,18771.88073865838,19685.34475588657,20428.02223143214,21215.592169362855
347.9792759453521,16978.66868942187,16717.90915303558,16955.229629971414,17388.852229804794,17855.68016385965,18785.429522060953,19677.090408655265,20562.89153038697,21579.560734050367
348.980615229073,16982.330701528786,16677.247219374247,17219.184650933108,17487.229243880385,18019.41959933207,18760.197383477273,19510.72224372965,20638.45894932965,21412.376792239244
349.9818457996007,17350.870199819587,17008.861133714312,17018.604981751498,17373.28105030512,18204.431287877203,18941.06619948857,19715.70211844497,20565.365667287708,21480.312997979603
350.9829676746267,17264.95837356804,16884.19919058194,17344.404309967173,17605.99458835457,18131.112850895188,18865.503336145728,19689.02828662456,20614.282789809604,21507.56514785841
351.98398087185717,17187.915110919832,16883.729861190088,17279.65351956849,17566.45675502796,18067.638166487446,18973.43424346047,19868.607978379434,20813.030753730836,21595.22139589304
352.98488540897966,17058.986564889994,16957.806336153993,17139.930747878796,17680.522255696866,18073.67971592819,18858.067393938723,19642.455071949254,20608.96716168459,21518.625599082556
353.9856813036895,17204.42969504163,16920.138331800834,17307.197181077994,17547.308129761095,18186.00325325815,18876.56234167075,19776.498177335015,20649.541586746775,21571.567629689886
354.9863685736782,17146.717382234725,16969.748793591512,17396.781692274046,17732.444939211444,17948.84674597624,19365.557240929782,19807.978712537813,20905.376319287298,21909.48070267596
355.9869472366263,17073.72188505088,17198.790000510202,17263.248183093085,17770.25508191665,18151.231802854283,19082.508231812935,19981.074538266847,20722.824669183294,21791.676025147204
356.98741731021795,17268.022014060905,17293.16586331973,17500.11908414237,17594.892054425633,18329.8661096836,19404.282129935713,20159.56467882581,20876.16438270233,22102.410569632728
357.98777881212305,17627.662774050033,17357.79238807769,17443.880073925502,17946.864305845276,18516.59067623133,19371.663870494955,20294.446480593928,21034.413667937446,22174.833686078633
358.9880317600146,17566.488264897624,17302.403546605903,17703.3851225415,18018.927524912124,18846.134068972962,19553.919949982766,20597.637127054833,21446.203464506918,22391.859771919193
359.9881761715624,17682.964338794158,17619.900985232125,17923.575287769298,18232.100617503555,18760.86258198522,19668.004667839083,20427.67552690173,21514.305619047536,22471.89838775103
360.9882120644361,17826.152539072547,17505.881449876673,17943.942210174984,18286.603071563884,18918.384034749666,19582.28945369066,20462.304847712156,21448.42829256146,22660.39639605345
361.9881394562945,18048.231054547236,17562.145485343484,17978.374445799393,18136.522046159094,18974.80135113323,19986.75194729992,20635.836270248637,21698.238861622103,22677.20161476898
362.98795836479263,17851.52134123774,17938.10365183012,18331.128971822494,18703.724757854867,19267.969029131047,20167.841358321504,20846.88015375387,21801.231240170997,22873.295355595736
363.9876688075819,18044.862882017136,17745.39535856968,18159.593946195055,18562.124967971824,19281.624861968954,20125.5787916845,20854.80165722213,21854.32313158571,23113.44794608068
364.987270802314,17894.892859161293,17790.886692081975,18020.28347180832,18455.74854518715,18864.969071732885,20143.17570453012,20750.68836270371,21935.58105120548,22956.202316937113
365.986764366633,17846.36116020511,17887.17727699495,18224.39614666339,18205.931712877507,19211.757448055698,20011.55897467565,20926.034353228963,21938.662774538792,23066.936860086502
366.9861495181867,18125.67558815909,18054.47593695722,18353.904607080167,18632.85118576148,19374.107828411117,20321.1607231648,20850.769087584216,21806.600021527174,23073.56367784544
367.9854262746085,18127.66220640109,17977.067949675173,18346.266772616134,18780.561177496682,19276.064860917442,20274.844834557724,20983.123629094458,21954.699478939085,23043.836006614914
368.9845946535315,18160.216516267108,17998.813846856963,18298.42359246861,18758.46952444004,19318.06321059856,20126.043040699642,20868.302023376233,21796.12575172197,23078.648759549884
369.9836546725892,18212.250650540827,17881.031033725583,18485.530975784888,18753.983026731355,19373.93344654298,20258.47329786299,20928.637770369634,22131.843725331135,23080.11679737944
370.98260634940016,18007.19500114761,17851.70405769119,18263.46711165912,18739.53814841458,19265.519858378277,20261.813681265714,20950.00507915617,21921.34356543949,23028.976582406834
371.9814497015977,18259.49670178659,18055.517428829095,18338.02393362938,18672.24349354565,19332.063770858862,20233.211638713332,21170.750174982753,22200.22303145837,23150.21100692238
372.980184746797,18216.333978665967,17934.465710965655,18351.057455770184,18673.056120905796,19369.605162104195,20320.313387059487,21148.71944840244,22012.478478914585,23104.598580546644
373.97881150260946,18302.973110786046,18138.133264987784,18623.069090417554,18954.66552440708,19545.022181452016,20447.807848556447,21239.422456866705,22298.422629000885,23320.046324471507
374.97732998665384,18273.93746501459,18152.690400699412,18436.236684964046,18817.16250119835,19523.64145862538,20294.085402738372,21175.27469693452,22211.12560072956,23204.014946302683
375.97574021653054,18261.45418875925,18066.10355139654,18555.437745966858,19023.70471493924,19736.159980615004,20510.85932192105,21502.934127351284,22245.075029096875,23502.405356828436
376.9740422098403,18351.616234046556,18276.94222568641,18678.07568085181,19260.150002428327,19468.85428220412,20417.597132010585,21334.74713212622,22452.942539365322,23337.542330708588
377.97223598419083,18444.21134095535,18315.21079536272,18697.4346341557,19064.369519396965,19793.461491894577,20616.198304896472,21535.446637193592,22321.872185510154,23589.89977070587
378.9703215571753,18657.244193582996,18513.829894667477,18638.122287060927,19256.715963049868,19726.15876816667,20600.98599155134,21689.02247265708,22495.0108325623,23528.549880080147
379.96829894638716,18649.809000274472,18700.498224736755,18689.021419198125,19221.736476282887,19713.32631352089,20847.6172609222,21545.789597855553,22506.972061715853,23679.519027579263
380.96616816941236,18689.33653922348,18688.37609230744,18858.37519644653,19230.068152954034,19850.51686071591,20934.861428925135,21756.043542139385,22539.76822562807,23900.721505656835
381.9639292438333,18739.93284089875,18717.75996907712,19076.38206984436,19701.07863247116,20195.630077884045,21174.12855175164,22060.079386711564,22871.79930296429,24165.538171861153
382.9615821872394,19041.497731986037,18920.473314611845,19144.126437919353,19587.559903178397,20170.41349725251,21288.679113790055,22249.12889007165,22888.13781380739,24110.968526956236
383.9591270171986,18860.663094981577,18862.592475892525,19316.961680421005,19529.193580625393,20266.217088607897,21057.26326209697,22174.37480953642,23235.53431055835,24299.5878829467
384.956563751286,19082.478617838577,18899.07677973906,19455.073931030223,19708.94068587324,20328.64584408318,21453.188693482844,22141.42822277208,23059.402686101763,24118.306982918442
385.95389240707664,18600.274414834483,18894.679665677657,19271.556745747253,19586.10046651781,20270.80844404884,21167.449843196613,22263.557992101327,23048.95831926927,24047.251042812408
386.9511130021274,18806.135376789247,18579.739578328383,19119.459519806816,19333.43698333101,19955.308986698194,20984.120273374785,21967.079246439047,22841.13897467403,24104.9433686138
387.94822555400236,18660.499723193298,18657.630936723606,19163.493617546053,19657.881152489732,20065.24883118607,21039.679968724962,21942.391444521545,22995.2360788987,23991.66124603857
388.9452300802623,18813.044355677845,18999.198114986295,19389.737187349903,19709.2691556474,20074.859786041834,21358.74499199394,22187.800909738795,23162.70925745728,24351.598472834456
389.94212659846016,18793.858521520222,18778.485222116116,19190.681812388724,19654.76328815019,20171.69048061327,21148.855823986793,22214.417638933923,23155.07139622269,24123.589258681404
390.93891512614937,19067.17236169297,19076.815396316797,19294.747978815285,19617.789638713486,20341.98153896289,21298.57057364652,22241.659359856792,23175.105111443238,24453.771502562686
391.93559568086863,19146.30627010113,19085.41695687466,19442.054362915413,19894.374975454903,20486.83765811881,21397.27786540984,22363.77490075063,23340.903403480177,24457.20747929879
392.9321682801638,19058.464163267607,19131.599395603298,19597.355348899007,19936.086951295885,20621.248601598665,21562.383565076358,22496.78238873366,23243.531603108597,24200.06345760433
393.92863294157723,18961.64202936167,19267.3509203238,19438.47099136549,19903.763768804707,20395.974310228004,21544.78602312028,22462.87404472038,23382.884763747916,24691.280363117276
394.9249896826404,19125.458309344227,19199.520886784354,19632.354131564323,20128.66958557869,20552.84616546306,21751.313327676038,22470.778365665854,23491.302971691515,24474.31536316958
395.9212385208884,19203.626713828722,19304.708566894293,19516.49911617454,20097.9604423803,20831.525890341873,21677.725403147942,22363.156635364005,23585.765715299964,24751.57642065622
396.9173794738417,18965.324539969428,19148.91264939795,19551.653056992454,20123.563659662457,20659.910073594998,21744.137232942496,22448.69264766033,23669.40939621647,24579.660389037464
397.91341255903166,19214.963506104057,19253.602081422985,19642.885727761208,20051.488661758896,20660.04622303205,21576.746422473672,22555.268342425585,23748.23435539756,24747.041527391906
398.90933779397164,19110.559076120306,19374.56498450273,19672.29427534276,20176.21796178074,20648.345316187264,21745.80053387916,22684.274091413754,23647.799304488286,24831.008266143814
399.905155196182,19152.788150603257,19509.82183585468,19789.867125364555,20228.700981091373,20813.812788727126,21635.663913268138,22671.157835991937,23786.527219297594,24589.13124490322
400.9008647831724,19245.294809197134,19483.650438076522,19669.144939583464,20364.028486679428,20947.42311058987,21672.101111295753,22693.762536694103,23630.84615829654,24979.28546199728
401.8964665724525,19338.76150044277,19422.325235941855,19763.303696886385,20232.98952055364,20844.829744840023,21897.54071158708,22881.09548343835,23778.205011669874,24627.2894045571
402.8919605815318,19157.751180295305,19222.773744820388,19549.7989958142,20058.50494180457,20677.175518977074,21766.30347477225,22729.211158254024,23605.10335097429,24719.09287555847
403.887346827898,19198.20293314602,19428.14447940588,19794.134773869486,20252.10168683704,20798.212859204203,21787.91959789768,22612.83489510492,23812.363294760515,24871.052497331948
404.88262532906083,19432.31916645258,19282.96498652616,19821.980392286263,20293.020498208058,20616.62122138197,21904.322323952732,22784.171627493648,24043.15077238625,24913.42609003444
405.8777961025116,19205.54650217137,19367.989554331634,19831.43002667121,20201.226857177222,20762.133160812955,21681.369726566914,22544.228997747607,23881.03976229001,24904.43099089967
406.8728591657346,19300.793273415817,19370.56093417142,19884.739036726394,20226.8872908429,20788.85146240856,21920.42557658159,22591.34198549161,23613.963862320277,24900.36484008793
407.86781453622103,19445.999778956855,19503.472809188734,19985.288379299334,20456.567227200758,21028.423878007972,21954.69754857845,22840.74009798661,24026.600288437752,24990.23142865895
408.8626622314478,19366.98167527578,19532.0929936474,20085.023920287244,20413.32665797965,20967.21753414491,22083.63883220418,22825.67981535105,24205.12728337441,25151.637515434977
409.8574022688953,19603.413599935317,19624.537968038698,20115.199427167172,20643.308629751635,21336.571982962516,21872.362773948207,23014.038850080804,24087.5408291525,25188.888566178644
410.85203466604065,19403.657597913094,19645.62719978731,20026.825342422475,20599.102654791648,20919.808396958262,22438.839786501936,23062.967727844152,23918.503105899403,25238.7737510464
411.84655944034967,19498.14120708526,19752.36051433631,20112.104817050058,20656.99752089382,21328.52021929282,22199.58109093038,22944.0119680127,24276.50486526443,25324.08027476687
412.8409766092955,19473.32547995019,19552.28180359318,20255.18566041496,20595.083004878095,21410.644055190485,22182.875415698796,23249.748666874864,24255.96035232522,25233.285577906183
413.8352861903331,19554.57508338591,19757.37750867932,20042.838742386157,20712.759550108938,21307.710740898612,22195.81235687544,23201.17414292713,24343.019077754485,25227.27609799115
414.82948820092497,19471.564422779447,19736.967740508084,20077.376343681768,20603.374948020766,21150.528889280162,22339.07418171709,23196.826933216882,24385.372225653813,25283.51243854709
415.8235826585297,19778.57688030175,19692.955335365376,20388.51013299455,20762.743627154643,21388.069517139378,22413.60397671434,23250.578629463136,24332.8734390521,25420.940487625536
416.8175695805985,19688.570857171355,20077.421337712403,20568.55010842057,20924.594344945748,21564.316103255213,22589.993673516088,23328.13416387316,24468.633588189583,25540.625855884628
417.81144898457563,19691.39218485668,20072.404170843354,20369.70897809053,20808.450052863063,21455.015847264687,22755.844647906055,23475.533954769773,24625.30497308814,25729.854871857584
418.80522088790883,19587.185615611084,20124.058077223766,20356.895237994857,20855.28221848835,21775.08521723696,22629.462898082948,23613.7290777062,24705.754604463178,25750.635416849153
419.79888530803873,19716.429012308174,19978.364574061998,20382.823897358347,20717.947336661036,21393.972205599217,22792.245866138022,23345.969939698498,24561.273906365142,25650.425084098883
420.7924422623946,19704.3386500559,19988.452213720266,20438.781875854944,20946.127525255597,21548.177695877708,22554.171640689292,23404.57958635134,24759.43406341747,25489.04542588889
421.7858917684171,19784.276529520313,20220.552136542297,20585.243719352253,20929.620916912845,21755.739250386847,22636.02927785915,23600.478901364513,24624.90432893942,25649.32975651433
422.7792338435356,19722.119038868255,20077.080428072542,20672.873931478105,20801.511165167944,21624.596021333746,22791.03589975438,23470.97556354352,24605.49793285314,25791.28175618954
423.77246850516883,20014.3224411587,20398.895767700447,20603.807312903245,21111.71602447227,21852.699479399926,22678.17252879509,23770.710388288688,24663.192426399455,25833.421867012596
424.7655957707466,19926.22952446149,20424.044959053288,20544.609634618486,21162.017449004798,21504.265560286658,22587.40304883209,23776.52077638242,24656.448448854248,26129.47654144521
425.7586156576799,19730.060340008327,20196.28536650387,20663.48169513795,21170.501411451853,21758.139205263946,22925.644375779873,23648.29316684797,24817.740941640957,26199.903884772542
426.75152818338387,19853.494928528013,20479.038586820257,20637.121712869306,21055.120653526606,21756.311451891404,22881.32020168831,23752.23214765178,24596.958545128593,26024.555855215705
427.7443333652736,20185.5177273028,20246.7095094614,20725.559487305705,21316.108750042695,21814.38469047703,23027.536054224558,23900.733072646522,25013.840729055384,26174.541993809828
428.7370312207495,20047.169964657962,20222.478582089745,20758.089993359234,21085.461886684887,21852.558157436124,23001.265451768155,23984.34968764253,24856.04999531439,26090.958764516192
429.72962176721916,20032.335565070298,20443.09629045911,20791.855396921306,21259.773864758088,21798.412929183036,23071.383667770053,23890.967567956217,24926.588359089797,25921.520587802785
430.72210502207963,19831.410775112978,20419.409299996852,20667.954729100726,21317.84783555132,22009.32636399206,22800.416484641744,23722.065488283733,25105.989648002193,25897.079768651874
431.71448100272033,19865.05058926057,20473.28260088742,20939.593809801343,21304.533016777455,22045.996802379716,23157.227033145606,23917.034323860422,24875.723827900845,26040.053678729393
432.7067497265416,19893.884138299833,20485.459344659583,20919.98771284891,21537.57681264793,21761.103600718714,23151.401683417604,24111.988785601105,24777.75176213952,26208.5159012995
433.6989112109295,19902.04742618242,20419.258396875404,21013.378062095224,21231.60648281513,21845.914680348244,23234.11661655766,24043.58062645263,24862.65822316345,26142.226628353714
434.6909654732626,19647.27439653746,20475.993741806855,20354.99879684284,21016.62988478098,21681.14180474207,23090.82894130693,23652.591185782705,24726.18125300308,26030.237882059675
435.68291253092684,19820.76329439817,20277.906414807934,20579.13967099374,21199.891908181737,21729.21552128778,23021.727543835816,23626.118869345988,24822.39023496565,26016.736787446745
436.67475240129716,19743.194713382392,20243.938399852876,20531.45596934845,21187.53632927124,21751.95840361658,22679.154324036874,23726.953251795916,24658.97329250976,25752.118951028173
437.66648510174133,19813.687488192674,20220.468131346035,20759.307893248235,21034.993352826103,21756.98079766465,22825.020969735557,23587.49369185477,24963.99311939742,25725.50190634328
438.6581106496342,19785.22584361753,20410.073357427205,20700.250221425507,21156.795154116167,21778.74089928586,22803.065229199867,23934.754998793243,24753.053755268455,26091.736354513952
439.6496290623436,19895.39682678764,20550.9160671692,21023.161437089053,20993.10064352126,21923.045838086222,23020.749654819836,23993.361782190703,25017.368169532307,26076.28386553329
440.64104035722266,20087.892807548873,20708.719225613015,21044.274937557337,21399.171036357242,22143.7759302971,22974.44554574429,23836.05978016041,25109.624254600396,26274.882562649134
441.6323445516318,19986.08788926573,20738.528072079604,20952.267507043445,21642.810296926615,22085.76351508697,23207.653761955986,24123.541747977502,25304.427947483597,26425.351047588072
442.62354166292437,20018.875446782287,20668.172886108994,20912.98995339611,21551.643172405988,22115.786849198044,23455.990952726344,24376.23218193603,25271.314344942293,26458.6287384652
443.61463170845315,19964.99249233493,20636.775101009476,20945.11848542269,21386.85179788926,22058.634406563808,23111.254925767524,24056.58354631962,25100.504722389418,26384.141131482655
444.6056147055642,19990.897467766732,20673.504046033482,20775.02485441593,21304.866787688137,22076.424931394748,23253.099443789415,24022.723857812547,24968.317673031925,26343.199477982802
445.5964906715999,19744.015928779954,20571.314261299198,20908.612296403422,21342.557332970177,22141.82803506529,22963.32754749678,23934.629912195192,24896.267576747352,26195.203276403736
446.5872596238987,19989.45155029831,20408.695834492457,20849.192133092758,21429.758526642716,22072.148962101488,22982.121578946848,24031.198290087035,24906.394883358687,26158.331732012175
447.57792157979566,19713.66162376036,20443.90456499035,20809.991965421785,21215.682488327333,21984.562622214995,22804.637036374068,23604.426924387866,24948.035299058385,26033.74041273895
448.5684765566148,19619.451259390666,20483.582819554555,20774.84144809194,21286.955129394424,21965.915640951767,22951.565701763702,23839.80807554824,24934.43901392549,25977.955027426975
449.5589245716983,19545.249154184025,20329.824821602506,20615.998076058695,21042.37701893973,21864.404890800462,22670.107442776112,23737.01511291312,24828.890919344958,25881.39389546571
450.54926564236297,19560.760845017205,20450.71635734885,20548.746014214754,21047.543974150092,21776.038875173188,22720.77566634166,23559.794200105724,24728.461481958075,25954.793267849196
451.53949978592567,19592.438437509238,20476.99237400997,20590.07727596781,21112.376187552753,21622.216592989796,22716.64844075127,23886.789672026887,24770.38526190086,25929.98468028211
452.52962701971046,19511.07252010735,20267.87260312816,20828.28785447901,21298.653475698273,21618.617055102008,22780.64047371497,23558.516002085726,24502.12116889015,25731.202822707488
453.5196473610195,19679.727857857906,20430.400858435674,20688.62469111524,21083.159989372867,21626.485971888236,22608.504487989336,23580.923605106065,24643.577072675875,25708.150420042562
454.5095608271695,19403.374394617684,20457.968250933405,20752.83192478489,21097.63993427245,21801.6629731426,22603.65374729891,23829.210906368913,24650.411040385254,25778.960932162096
455.4993674354664,19169.819237263568,19893.479913470266,20640.144372761682,20964.114317871437,21690.65046696373,22628.054627665915,23512.74178546563,24493.27803945166,25766.15403680596
456.48906720320883,19495.675587040416,20199.34523106518,20666.221411773713,20861.791721557165,21579.84153541895,22679.445188956288,23421.46195254644,24476.007740594454,25589.03288597968
457.47866014769534,19305.64941092187,20237.070735477428,20634.19579043726,20897.986587813964,21718.13615783971,22603.513997762246,23453.39998494682,24643.81591056314,25572.359517329132
458.4681462862172,19239.53717844217,20381.247155875488,20492.35316039081,20741.383860166534,21623.527223602847,22581.337607355632,23304.484447088984,24299.649435808125,25471.05153513778
459.45752563606584,19081.07210653129,20081.914620994823,20556.501511218445,20988.03112309517,21427.215362233565,22489.294894790466,23308.3400117893,24245.075022936333,25571.2391960209
460.44679821453246,18984.241308189696,20109.120019250866,20410.426816856536,20670.602845265243,21486.522522591076,22245.0504289444,23153.753469342457,24414.459371705234,25428.38065888622
461.43596403889745,18990.8447832702,19829.897437931897,20359.674711353106,20699.495809259326,21176.772632161315,22404.328620665234,23312.10913782482,24208.435011234757,25232.671073182428
462.4250231264377,18899.18813601842,19995.069941258804,20146.851480486348,20549.69305000851,21296.19093476285,22252.701012159076,23113.751001990808,24076.943285516547,25218.645932787887
463.41397549442985,18844.99904940975,19856.459186572018,20238.73582653627,20540.934566857137,20989.94278985754,22206.36421777371,22980.450580993092,23967.124701599074,24983.351380406784
464.4028211601471,18723.089115570314,19730.780126613958,19919.95985415894,20497.00555576601,20989.443238521297,21931.539268657383,22868.882039307413,23747.28439233036,24893.770580366807
465.391560140848,18595.816451540402,19721.681075098295,19894.085048756486,20294.138468294823,20856.118271932013,21855.2993126361,22775.422177574274,23646.967127282798,24880.465170859337
466.38019245381287,18464.803936366505,19599.28392668396,19907.649293179642,20334.031034507007,20965.03794187317,22049.07544939966,22715.29692022367,23769.83033404224,24754.88636590345
467.36871811628953,18321.707212890575,19420.153713326006,20132.47962572959,20222.82803918532,20711.660507777364,21777.771786554957,22550.963998549767,23604.711810222892,24602.348501960358
468.3571371455437,18413.8437191571,19405.373048551497,19798.17120596543,20313.003742381752,20897.434010572873,21448.49550325553,22561.105818066357,23690.877217424397,24400.202045375772
469.3454495588193,18298.01270484548,19493.87384732429,19841.55232644752,20189.230805570754,20669.676616007528,21713.667214034154,22508.360880601544,23335.530009504615,24744.391978479252
470.333655373368,18384.583172500603,19449.154422043535,19901.85929539438,20060.06773534436,20625.234029864467,21486.80288356797,22172.055102387458,23247.110043734305,24380.301821448313
471.3217546064443,18336.498306488113,19308.21519345067,19768.753580388675,20059.217625262438,20696.518671087437,21493.383846826644,22460.32336463009,23190.305372141785,24311.076176868508
472.30974727527786,18282.067732754847,19364.564871046525,19627.30689490373,20034.31817549707,20685.918394662935,21522.87116884079,22225.108941695496,23257.923951839628,24532.461623932388
473.2976333971164,17861.749894984998,19100.654656587358,19415.856406080347,19870.089742963,20609.052152650493,21346.11002004498,22162.206392599343,23194.468315410224,24037.228280066713
474.2854129891857,18015.84210186754,19213.20914300739,19510.881267976023,19858.16541377276,20523.15730833409,21353.20457988124,22139.364294541985,23088.671231541306,24034.16185924616
475.2730860687261,18146.773542648163,19157.370994417346,19525.46940400215,19895.480013117263,20299.910213777966,21420.459138540013,22312.500219429938,23203.585200554706,24085.10918402792
476.2606526529527,18132.71740701329,18995.998845686383,19360.537755291447,19898.30403186289,20437.022107153924,21466.86832175622,22041.754748391886,22887.903810112257,24058.616235214686
477.2481127590982,18111.67826801919,19198.64570457557,19567.319147123617,19840.72813423289,20485.66849755337,21605.025848958932,22049.910855857994,23244.527127060188,24033.31681809321
478.2354664043814,18307.162112657734,19186.63688608478,19715.84465018157,20045.171783954036,20553.43967249304,21450.047071376455,22468.486473505174,23197.574867926294,24316.90639774253
479.2227136060137,18389.736273510774,19421.211865775003,19687.399115391578,20115.200052275355,20665.637257732487,21702.816862488497,22417.719761458728,23427.32997250445,24493.980308468006
480.2098543812099,18233.193888070713,19398.89464362838,19743.759659331263,20138.02682604392,20783.104913267765,21561.188791671782,22359.223538752827,23323.51552480909,24204.203870694953
481.19688874717383,18751.301988088042,19770.932594771748,19828.05475761117,20286.936132421204,20862.917941052056,21709.277987122845,22779.366504314712,23620.966370148883,24679.63045477286
482.1838167211208,18691.641400323548,19644.075678139263,20010.615689342518,20229.020359230468,20705.71229089895,21742.65968010609,22792.901266610756,23457.611131487127,24612.30712532951
483.1706383202436,18872.405375582384,19572.8245441607,19998.96032558572,20448.823043615692,20852.180965899952,21797.46212024142,22816.77131679035,23699.41335849473,24574.462780485526
484.15735356174264,18803.29715405024,19806.101791515073,20141.316939449494,20394.148703569525,21020.07303346967,22035.187831734354,22946.139730923373,23654.447444637914,24866.524815700224
485.143962462811,19144.33643576564,19991.72422557821,20510.571721463453,20627.028367437695,21443.17169125718,22138.12435910347,23110.4900128884,24069.60043867626,25157.475936435647
486.1304650406346,19283.570319755112,20136.64130998928,20343.044723830622,20817.39385380545,21455.540188342446,22423.174541305067,23180.618261823754,24270.390414720012,25408.44960479934
487.1168613124028,19121.456235288308,20156.329120699163,20719.25448144463,20956.175929569825,21692.527790342934,22357.803216678483,23272.32000644174,24376.373954705152,25567.614995878637
488.1031512952977,19029.257135675605,20105.956083835004,20294.402073882255,20890.042916795413,21525.456280221057,22581.32200335011,23261.24271115877,24349.305236607455,25330.360742582074
489.08933500650164,19112.61446236544,20170.794901248326,20211.530585108634,20692.780059551344,21424.12768606664,22613.04124989656,23103.7641391905,24260.468092526226,25303.491067647134
490.0754124631858,18770.324552244183,20102.357247330212,20433.003661004048,20703.189016177526,21367.315955642403,22346.02934011696,23212.322943942414,24289.285548480053,25245.326036016973
491.0613836825251,18743.701634318717,20057.77294994481,20181.528048684577,20624.590196081153,21213.135436652727,22170.111887212923,23163.931458771982,24284.34021530149,25280.049177681005
492.0472486816761,18174.684675045573,19472.876437548828,20183.723633574573,20394.90370242042,21077.467853511454,22025.89262698878,22826.302798641114,23882.20314287034,24802.34487141295
493.0330074778176,17937.201045291873,19478.74559417984,19669.315972928536,20078.75926192326,20812.738245420715,22036.351023821993,22584.47671715364,23519.403674282144,24409.046581014918
494.0186600881025,17797.397970549628,19177.80817951062,19434.102771208498,19615.01660064229,20135.143860264452,21273.393370452082,22454.98681894156,23151.31661035601,24095.460657713633
495.0042065296875,17318.437235064404,18874.250700898083,19065.546965927904,19380.29057440062,20014.4895220118,20744.807775204474,21659.825870494904,22487.205775402213,23680.215979972436
495.9896468197258,16740.39660011255,18607.66352911379,18679.264077349962,19142.783415931503,19625.145004048878,20541.820443967248,21156.077778835468,22141.527429559632,23093.061031119298
496.9749809753666,16603.803917712932,17992.32459278907,18194.05128964331,18650.292977855705,19093.337592442116,19924.753230878745,20894.73814238815,21522.541787738257,22536.8311607063
497.96020901375226,16145.981011313397,17607.881272282833,17798.399886938205,18115.30213705803,18625.552486209297,19686.6091272355,20333.617887896813,21063.62485692284,22076.580263555858
498.94533095203593,15996.560398882735,17277.00341285285,17699.407861003878,17756.10644464831,18350.496596520785,19159.39638984803,19877.578449344182,20729.94715679883,21471.753626146827
499.9303468073413,15370.349600783225,17089.513841845357,17263.510662722936,17553.820575817586,17861.151917041563,18777.472131337057,19438.47092369263,20292.379234847253,21131.157387664698
500.91525659681434,15095.565112196147,16528.969088280784,16965.878924309214,17025.328858801204,17430.15460319904,18383.240854578555,18836.192736422283,19828.912277463125,20599.874126351307
501.9000603375789,14654.306030013428,16408.77470728688,16301.898717781814,16678.329194091697,17172.039517292098,17937.195937731034,18508.462288713872,19327.52960651377,20286.576096408804
502.8847580467591,14170.821034242103,15959.09553044648,16109.617311757489,16439.061210475924,16863.172896182416,17558.034452674747,18051.25362288252,19032.01189607878,19796.92761494227
503.8693497414897,13930.133722314096,15347.68527047912,15762.002933358246,15943.207924868022,16235.778484076516,17130.47812965604,17641.060944274734,18377.206222283203,19198.291340061878
504.85383543888014,13693.89422223761,15253.802454654702,15359.751346122692,15591.514546208917,16097.609697417616,16625.462210267062,17199.667363133754,17920.49821401418,18838.09129190659
505.83821515605456,13306.081802297484,14977.051641407936,15118.434097982301,15332.879971712546,15813.010998736901,16328.250421017978,16986.77005096838,17622.51666777928,18175.711111959517
506.8224889101148,12948.572317124084,14727.591909746736,14755.063458301613,14902.841443631289,15381.225306397231,15854.872695274402,16598.49909581156,17207.6096379076,17879.241635335427
507.80665671818133,12527.716074673814,14260.141843431045,14400.966414923041,14547.461774528809,14875.422353775268,15533.233774972776,16188.209802113399,16649.433902033492,17357.33728490265
508.79071859734535,12514.04303837408,14020.090809873742,14178.47240801004,14545.500422852843,14632.75256074829,15196.097885855845,15990.851054946977,16647.138874769247,17131.76759721026
509.77467456472,12242.58929501766,13828.151595658212,13848.065954697357,14003.58761576497,14476.790718647528,14996.460659288092,15483.888304341468,16119.251187971353,16794.44278967953
510.7585246374001,11822.957479071758,13563.464908147404,13446.106060292384,13587.12596618269,14131.33030099427,14701.08857848396,15101.433680441001,15785.711478821475,16337.487352204347
511.7422688324768,11736.76072119522,13370.383268848298,13290.072154591206,13337.313986507143,13696.351909068258,14439.938343425096,14887.790909988173,15418.789100723297,16022.539712608963
512.7259071670414,11383.282023732472,13018.908742257829,13091.62424879735,13204.002758903885,13344.711985844,13882.995605682021,14506.271376020783,14829.241547923595,15505.401323018374
513.7094396581815,10980.72295435951,12898.588949812713,12843.121256806957,12836.54034407746,12993.542119195443,13811.45555843284,14182.807062454414,14706.459689644333,15212.249839425618
514.6928663229774,11018.75028648394,12465.107725194679,12561.656536722356,12433.237243719523,13022.841151009901,13490.58733501292,13892.717821861206,14381.086082112855,14831.959658276086
515.6761871785093,10739.508983044927,12219.399458643304,12256.865040304023,12345.845796748228,12609.041507914775,13044.578894720626,13661.824352580961,14229.427914740845,14645.29587117482
516.6594022418576,10473.191905938109,12186.425229247909,12073.145867433437,12144.296540969799,12496.305136360228,12950.358776690968,13390.369520929004,13910.892869431873,14411.756163404956
517.6425115300881,10457.965031875618,12080.639702861423,12120.902259614099,12134.010999021948,12485.137947446457,12854.991666453609,13180.837474591555,13699.569019730698,14155.565883417996
518.6255150602701,10253.149795610716,12142.700255161271,11929.42426269715,12027.643469752995,12375.620089036564,12614.15244902933,13083.733800858232,13586.990309391993,14037.863240829305
519.6084128494622,10277.122619519732,11826.498670883957,11834.914111114662,11743.27931749143,12025.664089677306,12537.135845921259,12873.753455149455,13301.070809086359,13853.684717569315
520.591204914741,10032.615639917032,11604.485765386758,11607.29602186853,11643.829356131531,11880.827652760758,12267.706295084356,12801.655026620556,13129.518282826995,13573.538806946573
521.5738912731504,9947.045360749422,11547.676088176435,11489.36874087886,11458.33418505918,11829.808413809867,12217.270141013118,12679.967155051947,13041.096531862742,13460.533255971113
522.5564719417489,9692.273809310595,11249.556916502508,11265.572532244954,11293.835383555152,11572.69551648244,12122.879021987628,12409.275915264303,12851.118490747065,13268.466595094324
523.5389469375879,9777.188168016559,11309.15884527614,11238.234276884494,11362.115856341905,11481.269131239871,12063.796252963268,12169.710275094794,12484.61535875371,13195.75236449396
524.5213162777072,9494.986114710415,11154.257970507064,11110.567927366454,11129.563598297153,11336.616411441784,11865.64584686178,12373.780044258006,12562.786970018471,13050.975712937461
525.5035799791476,9393.078622558838,11106.700069131091,11061.079531451962,11005.954715089683,11201.742855962608,11631.336252441066,12147.418584936204,12445.852935587167,12907.76087958834
526.4857380589601,9304.588721610944,11028.504058326258,10745.770557863316,10804.59430628178,11015.221276425314,11449.757998613324,11809.34188007458,12339.70438597654,12760.958326263606
527.4677905341741,9150.151460836125,10699.498772193525,10774.360201916605,10641.694377090895,10866.278666260132,11434.846486941748,11773.144340247309,12173.037040793379,12606.096197545874
528.449737421819,9071.360330395355,10682.003156327188,10559.711852886807,10814.72240037101,10971.141509422661,11186.336283693718,11645.165670245224,11899.228223129114,12442.42912910848
529.4315787389205,9087.54518492883,10535.940829298417,10648.74127542406,10584.283877637978,10697.08432376362,11186.202224610943,11498.062281546541,12016.565172561048,12281.977986974322
530.4133145025044,9053.387075580136,10507.818934206913,10461.269514825652,10605.667713722627,10669.316919815374,11031.26240520845,11404.607748409186,11764.653257500986,12213.047664602123
531.3949447295963,8915.714776748473,10424.732204409918,10384.921443127394,10449.37696139434,10704.355408656229,10787.768432295807,11288.246574133273,11773.558711672631,12192.519580407783
532.3764694372077,8797.094041284668,10366.9873600604,10445.719170005044,10484.610786965652,10630.691494573786,11049.01352090617,11363.940760684745,11709.222433213065,12072.527050186542
533.3578886423567,8782.883416787581,10440.28169083969,10346.413024288684,10310.382627026682,10535.098525739697,10756.969919405712,11098.310525045734,11583.772719733766,11894.771938205788
534.3392023620472,8775.8584642302,10341.69124738411,10325.597440060279,10286.782963573392,10359.678443804862,10851.959609004398,11122.714249864144,11426.603199920011,11715.345037200508
535.3204106132871,8600.12160760479,10217.182078720041,10229.439679958816,10215.296293914076,10341.64387591375,10827.233463449818,11123.301677986372,11359.024778732035,11723.924138686323
536.3015134130728,8641.298062317792,10162.340462741084,10227.568508501934,10084.823075025291,10314.539236183067,10716.30618471004,11014.086393618267,11310.92126852996,11492.425395864499
537.2825107784156,8647.729565254851,10205.418650876374,10143.90601991319,10107.944789503947,10283.01920070685,10573.548088486807,10821.491308676868,11296.558089346372,11725.253809751324
538.2634027263048,8723.325999373226,10211.171932997991,10184.637101060734,9943.928268487045,10159.049941692665,10578.868889842837,10952.25188210281,11326.582546931972,11663.006308993621
539.2441892737297,8660.553199697673,10082.986322272403,9965.555092445995,9979.760483150802,10082.039296225415,10703.288383049,10867.123889177781,11098.19824464265,11549.929669055531
540.2248704376761,8530.271485387422,10027.142758922755,9974.08909353163,9845.244477581753,10060.301299792209,10399.465803542618,10761.367592460654,11139.374958372426,11585.594179787071
541.2054462351333,8449.784445553058,9993.093750999267,9909.620352794433,9936.18007040506,10077.515710547339,10449.351757096149,10636.21834171379,11059.276700797385,11552.5285992805
542.1859166830727,8404.278205419458,9988.022800663251,9798.352789256809,9815.423090283388,9891.291094845965,10351.240872506587,10678.4216421827,10972.410159862686,11375.458934101376
543.1662817984834,8382.41282990374,9936.824191692627,9899.74648948482,9825.591085069203,9842.703870703575,10404.573665698825,10573.800101416515,10979.753405076364,11206.973169888317
544.1465415983293,8445.088099911261,9978.56589618225,9713.614480791737,9911.851511011977,9903.27394720437,10230.174434538707,10588.525989167601,10827.744713135295,11079.353251491753
545.1266960995854,8398.581449302479,9869.357885152407,9731.144934278629,9644.404392695775,9667.281019047297,10204.881738308062,10420.303303118228,10917.869926263827,11136.151069367934
546.1067453192118,8127.045179820097,9704.871984052148,9682.032512820804,9693.452248436475,9853.328547055888,10063.642011311185,10545.174196438698,10864.926793677523,11039.077761816525
547.0866892741724,8160.684377466308,9786.531340908738,9728.397305287408,9598.786996361165,9692.182660146253,10061.000230399604,10429.817800652958,10788.152184154924,10990.191783363478
548.0665279814275,8128.830919493692,9707.290988924886,9569.950656599754,9527.985555055964,9653.880859687333,10008.676718193923,10322.461227464535,10553.269285955379,11026.330430630831
549.0462614579302,8253.025170573328,9749.07060618124,9554.679989070402,9585.172634891711,9635.676079533252,9960.613336566563,10322.713505694592,10633.357334999164,10914.461413664345
550.0258897206368,8249.282206765687,9804.50609441433,9545.461427203032,9560.755577296688,9647.741055954355,10002.374161251004,10170.609812281218,10482.228120439459,10850.243607068056
551.005412786486,8134.464502712839,9624.089512990444,9665.308223056041,9480.3033150872,9541.65209285925,9862.77460150983,10130.216929609862,10530.901134433567,10849.14791912608
551.9848306724272,8129.805182728978,9627.17426722596,9527.66859004533,9387.977927849444,9528.625375402837,9976.400922715671,10192.63441351204,10467.231811116279,10780.10062302076
552.9641433953948,8091.675640928974,9619.913182697095,9398.47080257771,9458.345780893253,9547.683050125966,9884.12340447044,10165.440762905368,10403.039883205138,10684.357241640068
553.9433509723349,8043.302837789749,9495.196813936318,9398.403882193214,9353.803217566488,9526.512174206146,9878.572739663909,10007.629981988048,10451.73872763288,10580.79596995702
554.9224534201749,7816.5235171103095,9397.584460518074,9259.690256373788,9156.741843690726,9333.359762697448,9666.76150285452,10002.052204712201,10200.393183275899,10374.177659731711
555.9014507558459,7955.356180397797,9508.841569376236,9319.023597835407,9229.308636161879,9220.809324003334,9626.887571578247,9829.926695365702,10240.726783028693,10605.252837828497
556.8803429962718,7837.262635688142,9480.635982173782,9236.401924919579,9235.455281286811,9384.078331631423,9610.326159863029,9806.28139184605,10097.847630738665,10421.599753145398
557.8591301583692,7985.6943760427885,9312.054504842192,9157.296665905682,9254.138994565337,9374.717188092556,9614.924140552292,9913.99603788358,10168.444509263853,10309.910263874526
558.8378122590693,7889.515934606945,9261.812402017482,9079.219940657245,9001.237743617976,9238.037341944535,9453.9148874069,9659.331406437168,10023.565326754726,10313.621059644687
559.8163893152778,7897.089920856065,9347.868391128302,9141.433509982846,9097.470526035202,9191.13079618453,9532.321780299939,9716.775169471573,10029.29464231678,10369.529909389847
560.7948613439112,7878.435957348058,9316.949266911064,9123.30324446989,9078.468943707649,9146.197355497417,9528.719793915698,9852.09911217953,10156.400004587089,10282.317615238493
561.7732283618716,7827.643434525072,9359.201122250628,9065.29472485532,9110.144077704603,9164.535846053735,9501.383113198359,9714.178978844962,9956.556332541095,10350.658092684804
562.7514903860647,7825.283480613257,9283.375181854803,9022.181589703267,9050.884182247391,9218.31597208812,9295.812971957257,9580.925391228899,9970.323896744192,10171.242044553068
563.7296474333889,7823.7712825896315,9344.874007174842,9188.838925924125,9126.616347511263,9093.11188221203,9559.302585089938,9700.02133934672,9914.449917261816,10237.05005457158
564.7076995207426,7895.1903810513495,9305.284967464737,9101.519603213685,9075.690190843832,9011.594982370496,9409.55926184673,9689.856218304752,9977.80633398347,10109.823330540488
565.6856466650243,7884.641153621097,9393.123663370623,9010.745333903064,8957.212367777605,9025.084521258097,9464.81960014579,9586.22471975174,9808.960096666595,10093.831952119928
566.6634888831178,7745.274187616209,9090.86765786496,8951.536702789557,8962.988562110822,9112.817054897385,9280.777658275952,9642.465548505936,9765.573036209546,10111.99178067784
567.6412261919068,7787.373472960724,9264.141099586132,9075.252217110788,9027.55300436449,9169.696658348461,9385.29709996173,9506.453100337329,9799.326266599603,10080.751621802765
568.6188586082752,7795.304753263444,9148.114535926443,9045.369489141913,8813.241790850932,9004.461739033255,9358.36134462442,9442.079530893297,9880.648665779123,10043.328323187965
569.5963861491036,7698.232783017924,9053.448448126062,8994.567319018352,8959.428580679878,8860.660235079846,9139.870750526092,9535.893828556991,9643.20943483395,10082.918511880249
570.5738088312683,7799.382333128388,9136.310323230602,8937.010786902953,8822.580431116743,8865.491814536572,9197.33984631658,9415.711108608595,9726.580241827798,10082.267931063265
571.5511266716348,7818.445366649393,9102.29833615771,8929.783571880795,8915.486768211436,8966.955261421124,9151.860588878151,9404.43745370347,9756.138823969668,9922.93486677884
572.5283396870764,7749.558425917833,9105.612365069856,8926.008865070044,8843.334238086003,8812.925179884976,9293.768412688707,9463.869082000698,9729.94834125968,9878.192499989684
573.5054478944548,7749.696050890383,9177.096110429766,8891.234950308393,8895.046432443345,8986.522003682185,9227.598248717874,9417.219484931717,9716.420832525419,9924.146608880283
574.482451310625,7771.670804143427,9151.758227569215,8862.615169870083,8890.197895769013,8894.95353816538,9219.288349597631,9519.844949048043,9594.032970431374,9958.315177993107
575.4593499524526,7678.6079448506525,9096.67802793003,8839.019335480069,8798.286527482465,8803.022900505443,9191.405488389573,9412.120471260312,9644.202749386195,9840.288592537452
576.4361438367888,7763.73651081046,9175.670479120867,8884.922299912936,8820.311593422286,8912.476865916304,9225.078666437248,9431.262832738297,9665.001565042712,9775.219829056176
577.4128329804807,7643.773715012104,9199.442482082866,8902.62469891783,8786.188140891676,8943.663813631967,9298.69987581008,9425.634812018921,9658.50792807123,9939.100944953932
578.3894174003726,7737.065492329711,9056.002770040288,8935.752338063781,8855.585383412777,8908.07565133903,9234.469680989549,9357.583218489306,9691.612196201826,9843.356788934085
579.3658971133083,7733.067183666973,9251.138955541155,8880.480421966828,8910.171415612318,8877.607100001136,9181.221454375973,9390.973957871522,9633.290776978252,9857.409890302264
580.3422721361313,7786.775090231652,9030.436228058734,9059.18032215335,8893.422712874393,8928.873762257754,9208.649611445357,9390.695540711262,9524.834646486139,9936.833328508978
581.3185424856747,7889.696211986961,9071.526463164955,9045.730653317092,8887.134192770975,8878.535589488354,9279.803742677326,9498.590426201788,9585.531859392733,9966.736604922255
582.2947081787643,7787.682266966654,9183.569637895476,9007.657401095863,9006.706524140189,8963.917061134878,9150.2889444469,9422.239753769545,9575.330943632993,9863.44666120209
583.2707692322329,7834.111432245683,9304.195176263645,9050.47031546675,8933.585829032227,8926.93386638961,9304.195176263645,9413.477419678038,9704.263215198074,9922.82770202686
584.2467256629061,7895.447483563514,9076.402624741839,8957.075962521736,8914.459297443127,8945.711518500773,9183.417805939234,9440.06483341263,9655.989269810912,9909.79518627907
585.2225774875988,7767.192392667714,9149.224798670335,8863.5480111188,8882.467003671884,8935.440182820512,9142.603151276757,9452.874629147298,9693.145834571436,10014.768707973826
586.1983247231328,7787.106888618173,9145.918190428645,8994.307445456765,8869.228580854964,8999.99284839321,9109.910638497824,9452.929948996702,9635.810410119031,10092.53777934682
587.173967386323,7956.912993201582,9323.098149772048,8965.17472793253,9011.695278781699,9071.507415587772,9404.746463507323,9544.308116054826,9708.554142522298,10011.412422540352
588.1495054939733,7939.5133642041665,9240.342940463393,9144.651908269525,9077.38395494512,9003.48394988451,9357.824999790519,9597.526298256349,9725.430153168945,9991.65965857961
589.1249390628946,7978.580250344773,9318.769425206678,9252.423426451138,9158.591228211159,9097.93202934895,9384.167623979994,9533.92002117107,9761.39201690435,9854.276415162105
590.1002681098871,8054.105943867528,9398.675696480124,9140.982342195815,9262.697284440803,9238.924834783578,9532.752312546869,9737.195379598996,9814.2181164884,10151.786901620984
591.0754926517511,8087.037228729235,9488.68905465741,9226.591558752141,9064.205066723878,9222.793044318732,9525.724570383156,9639.680003385447,9970.15075909209,10151.529823287403
592.0506127052868,8076.896974665781,9360.434865988638,9234.262996405534,9084.3746099835,9294.977279513192,9549.218340026515,9767.410294944666,9937.2205555114,10205.69152612808
593.0256282872762,8354.968790997413,9513.929783040261,9303.986849235778,9265.038160158929,9318.236369629747,9625.076042113224,9702.023452240657,9969.914435647283,10288.153724445934
594.0005394145155,8246.155732417981,9515.527039485325,9309.99165543244,9335.683578439051,9323.31339328772,9604.021440952538,9847.618933163361,10206.35430255196,10255.835043157282
594.9753461037873,8325.158373982447,9554.612142292091,9396.064822363356,9489.104566992195,9463.471167961801,9767.274415729435,10024.55779118265,10275.195470590948,10452.73049350516
595.9500483718658,8424.551122289846,9588.525676266907,9461.0970894753,9542.87961532663,9535.27193850325,9709.297545838055,10086.828508198261,10294.137701635353,10325.519368531794
596.9246462355404,8432.224736853294,9718.576997409844,9518.625868825924,9511.96083120646,9500.535052430236,9708.103366864972,10047.068137226282,10242.258524653442,10542.185217529322
597.8991397115788,8460.514822535733,9662.114674587383,9544.515320479724,9528.39282838432,9574.863540894605,9898.261764690667,10200.795586951503,10338.310960706427,10573.509668921746
598.8735288167518,8334.673187168777,9590.128900696644,9496.39578181334,9531.427351497,9624.21367119966,9798.424720437315,10104.240855783846,10484.85412640089,10550.18326986501
599.8478135678232,8437.899465768167,9707.593449102314,9534.024583624245,9489.689058203216,9634.015343084437,10013.225581791961,10083.973760655304,10266.032407596977,10665.99544543775
600.8219939815607,8450.074076282683,9716.78347291709,9538.519827374346,9562.09967466836,9679.998911138428,9778.091075881524,10054.446886167363,10316.654788076792,10640.17029295066
601.7960700747208,8378.269960276763,9796.783120499,9560.36426046196,9467.115387379621,9527.397487150021,9858.949035887224,10090.658356879701,10269.62084057308,10481.550097578393
602.7700418640597,8553.311933227162,9782.236061564397,9485.403618258326,9468.387745712118,9551.576455938024,9803.033239120874,10159.421236338672,10285.149627930097,10564.96619868996
603.7439093663343,8368.533546457666,9705.003665577966,9497.066306167453,9392.152456646692,9549.050646020081,9881.750421076902,10067.00370491536,10291.008951189413,10541.478952297532
604.7176725982898,8460.669004865742,9622.494744109179,9456.655017871331,9522.99090836647,9620.599432952175,9917.215629023296,10068.840521583614,10325.655183357652,10482.018353810481
605.6913315766687,8321.505066183432,9648.751588829331,9517.443925734826,9490.048801779856,9489.104142333133,9849.964050981342,9979.382395182402,10327.96173102321,10446.988821310315
606.6648863182128,8326.125383301516,9747.036829629154,9561.864859230074,9530.687945846556,9667.677413743833,9801.832616788066,9986.059832236131,10370.575097299527,10508.509320147821
607.6383368396673,8315.521072690484,9666.510020808115,9578.709900490197,9338.911722417606,9462.587160714887,9787.353197159657,9941.239429544823,10190.478480769878,10385.904555025889
608.6116831577601,8311.709599595015,9610.266661229278,9472.383511412112,9382.665023517382,9582.878912292992,9798.203283240346,9992.750741201551,10214.685948099044,10379.01244171676
609.5849252892258,8229.14437470086,9736.860414423345,9534.697988044516,9388.271931555177,9414.7230901468,9780.315889252439,9926.741945741778,10203.5344267184,10322.5646403807
610.5580632507881,8318.750372856344,9653.71849061285,9511.057354178856,9442.088725306792,9461.929015804235,9727.410998174779,9719.85279227099,10128.940686813501,10207.3570730653
611.5310970591745,8139.433917647322,9678.025740187637,9447.708927488351,9411.839915674527,9264.588182965148,9570.418704746167,9857.370799256754,10073.528791503215,10243.434636937114
612.5040267310943,8004.1307058483435,9418.515248247248,9486.587231571259,9275.75317210939,9288.043946876225,9608.54953502678,9894.073687302494,9875.164803045824,10102.071414125861
613.4768522832819,7887.507596846159,9427.202009699651,9405.4629234531,9290.151248580096,9345.916730690811,9544.404039898443,9643.647694502259,9808.108607845727,10121.907591926365
614.449573732436,7995.382081506544,9456.567948070018,9237.15363024301,9130.28372543934,9084.887659682028,9497.23525697761,9615.454178220609,9867.969793995657,10030.639029626023
615.4221910952729,8070.930091517792,9317.127909238949,9135.311814252274,9119.21351417533,9167.508414406166,9431.709927433674,9555.761533908957,9838.902223497578,10015.983524343974
616.3947043884947,7887.6308473158115,9375.0939241714,9175.059055327214,9344.756882450956,9041.386465246502,9342.860817343428,9613.99812771991,9686.99663435973,9905.044121725432
617.367113628803,7884.705579011068,9293.464838244801,9156.462764073849,9176.304443781366,9075.206361462111,9184.808020798873,9556.130883896698,9735.650843155188,9832.969557911107
618.3394188329039,7698.242458556045,9366.557120699863,9138.887905764042,8938.614571463651,8968.84450871654,9244.692686149154,9386.39551702207,9520.540863581768,9851.180802285242
619.3116200174845,7796.063779101103,9148.047750467771,9024.540149178349,8978.342649459402,8919.888670223187,9250.813617189506,9509.14249316891,9570.424890755266,9668.476726893436
620.2837171992396,7569.35349535776,9213.264951399802,8963.186572610399,8818.801697309347,8954.693344651512,9196.27849548203,9493.54147404302,9480.329786106977,9720.02755294663
621.2557103948567,7588.1981813056145,9268.799495567651,9030.87166905415,8744.791782412914,8833.542638334618,9143.22647601886,9267.85533752593,9482.179212996427,9688.94982413316
622.2275996210193,7554.929075390198,9227.927615953986,9048.542896593308,8915.420552225649,8845.554924685173,9119.352654235681,9341.223228181781,9440.356888881102,9477.177962855138
623.1993848944077,7488.652775969836,9065.111888016932,8863.098564676766,8845.162802324134,8780.027665359314,9104.759362691171,9305.828698539095,9260.517298911393,9502.178096925798
624.1710662317017,7555.864744169995,9092.890676769011,8924.940636251746,8715.474855381899,8797.562796533595,8983.44008856675,9187.24463211579,9308.961234513134,9505.217461634433
625.1426436495749,7556.784556084363,8911.41791357988,8886.018538126838,8753.377355205403,8692.23071059623,8882.255667689351,9127.782963735413,9277.357063625544,9401.531788062633
626.1141171646922,7502.246593890682,9005.512776220967,8751.99505652754,8692.840921932406,8736.97178424941,9025.230821086012,9019.597093981713,9083.446001163762,9324.757312131209
627.0854867937269,7435.028102801455,8916.023343185172,8726.320718862084,8823.989396731396,8664.338673291173,8856.858663322031,9086.94352945647,9139.534356001484,9244.716009091515
628.0567525533406,7489.227780687963,8941.450816125953,8749.010142393057,8595.99633840056,8486.16434412374,8919.859911268115,9096.342090106087,9208.990289364367,9380.778793233243
629.0279144601847,7311.667330511598,8966.022485211704,8791.286506350705,8608.095560770626,8633.460460927867,8948.173111026977,9065.603204347542,9173.638890202461,9443.258384466477
629.9989725309242,7426.04842778145,9020.229854972484,8782.558728820844,8656.6775790014,8481.007616193667,8775.04343629431,9044.654555683719,9205.293933438385,9264.47686208484
630.9699267822108,7315.304582350953,8767.067731126393,8708.695931370181,8660.680418667493,8526.990167612945,8858.391353325625,9045.746000930238,9086.229668503094,9180.377732626015
631.9407772306877,7501.7916407800385,8775.609784950615,8651.426627616407,8524.421125797333,8571.460200545138,8761.498062526272,8897.911379294908,9166.974886852357,9173.56035731705
632.9115238930062,7378.538531077696,8958.174618746536,8711.532988848303,8552.439723761274,8524.19831575766,8825.440001129547,9014.657434753766,9149.274812904328,9208.581769711918
633.8821667857992,7476.383206984539,8966.372181551551,8610.398896753222,8539.581930281405,8459.322701613348,8727.482947986624,8912.551287032971,9015.47194497201,9255.305404756562
634.8527059257176,7466.091180276301,8969.514932689868,8708.707292422021,8644.45033757342,8612.32186014912,8804.14776947656,8899.588246531097,9095.193976731982,9128.267409374645
635.8231413293834,7377.079000648179,8925.529581367502,8692.45993271566,8567.904492950303,8551.86326207143,8683.023914551617,8710.38836722734,8899.108730508184,9245.410597128532
636.7934730134367,7425.732093482428,8878.16103727321,8584.081999825989,8426.168175859153,8323.098673988583,8682.423542895156,8917.87589120499,8967.992254499854,9043.639595322291
637.7637009944992,7436.075581743123,8833.477987536358,8698.948399995586,8471.57444922245,8497.154018684427,8760.528844996643,8840.109727767242,9039.061934693736,9146.117169849422
638.7338252891968,7295.334915514051,8767.250455318623,8566.019383445468,8385.572741531043,8476.268435896409,8771.97418940015,8905.183490499281,8961.868299477634,8908.962477764504
639.7038459141477,7273.159055524217,8880.502667197945,8554.881089965158,8555.824920623803,8422.74479775475,8730.433592473268,8811.603029116804,8857.850731390447,9026.796419288037
640.6737628859702,7416.909359325132,8867.879940290668,8628.564013300249,8440.126275512517,8404.323105332847,8645.523409701145,8735.973523839255,8868.822128979607,9001.670734119958
641.6435762212823,7215.998989987893,8703.862976040502,8526.713875737849,8422.12052396341,8400.448027649787,8545.559524706216,8686.901891968972,8869.704686962135,8846.147625751677
642.6132859366843,7378.701471854423,8739.519854440881,8509.11176616605,8494.064707339938,8416.948530856116,8623.84558971515,8700.96176619897,8826.980883867654,9030.11617802016
643.5828920487876,7244.070208810938,8809.82128201767,8519.832508387079,8478.405540725566,8461.458144864037,8488.762282640944,8813.587369986899,8934.102185002208,8984.944372586793
644.5523945741916,7305.752395129341,8952.860643265565,8539.203320674276,8493.136937022065,8509.119151758547,8602.192049341587,8730.989897512056,8855.087094289443,8927.477125742918
645.5217935295003,7194.470294878575,8726.808800125156,8551.012910259444,8374.276935421189,8393.078634872067,8530.331040863477,8833.038402022617,8926.106814304465,9063.359220295877
646.4910889313069,7215.011809465165,8818.76508517658,8628.155064702682,8534.25850289288,8380.268141524804,8521.112984239508,8684.493001788564,8813.131291467991,8798.107841578423
647.4602807962037,7255.046955090842,8672.678254664033,8561.105420901327,8355.773903304416,8368.900119041205,8517.976426337593,8585.482678698221,8878.947359099286,8807.690759385288
648.4293691407765,7191.994436072706,8625.894812302995,8476.881635949652,8339.114737056938,8233.21229096934,8448.765942298078,8547.170870078588,8766.473280560867,8903.302989665195
649.3983539816145,7301.9443890082175,8735.02747863691,8482.684332762738,8300.959604577234,8301.90118347975,8459.144860199849,8584.374854234418,8578.725380819325,8750.092741077158
650.3672353352886,7361.8061610757495,8724.928906174988,8594.748325674162,8461.73773255375,8401.364130002643,8590.974975514717,8692.855429819712,8707.94883045749,8886.239625491231
651.336013218388,7350.222115882263,8716.409836072582,8404.839727114182,8332.14003502389,8356.68798300243,8562.51308528404,8565.345540820024,8703.191710237983,8880.692257159739
652.3046876474838,7388.737215959042,8780.873041062836,8473.087909662338,8414.371976902858,8302.622298425138,8501.498844868536,8612.301492172717,8820.648350351516,8934.292091176314
653.2732586391468,7344.02736549303,8765.756952016587,8639.086895770472,8538.885209486232,8389.527978987082,8558.736486957638,8667.445863586767,8766.702250943797,8915.114182515737
654.2417262099407,7319.9801961122575,8862.269837947764,8526.456313486944,8438.72974670364,8379.302072431079,8491.554346057028,8655.68792261934,8743.414489402643,8781.146346083635
655.2100903764293,7411.046485197904,8811.499600378304,8504.913918406379,8479.365111575386,8465.171330002611,8676.185549384523,8704.573112530072,8825.69338195108,8970.469953993377
656.1783511551766,7451.426130422407,8892.325317399722,8609.443599142192,8489.289825835483,8239.521352190039,8615.120155361408,8737.166114074522,8618.904526174218,8824.206642769146
657.1465085627387,7383.772322205593,8782.72316084421,8460.907676989591,8500.661354406926,8314.197676997042,8479.837999569274,8660.622580205252,8793.134838263037,8855.604902775993
658.1145626156649,7410.743633788314,8764.447059980828,8584.20623939458,8289.180475171823,8318.588188004316,8609.819408635783,8733.14207535269,8749.268885615671,8839.389295908795
659.0825133305079,7445.551802386375,8847.167914051513,8554.887777021817,8405.90082405538,8439.114475990573,8625.110926827652,8710.517460375291,8829.137645858124,8843.372068116063
660.0503607238097,7408.2932835538095,8752.250619415241,8651.194094512097,8350.85788031397,8381.080392434536,8484.970277848983,8623.804942902834,8757.917340437847,8931.696785131104
661.0181048121158,7341.461546246973,8589.122771332815,8593.845183237001,8368.113894216927,8369.058376597764,8446.505931826408,8619.346207519602,8782.741659404426,8800.68682464033
661.9857456119644,7363.494876732848,8878.56279254662,8525.803533746033,8452.036182039747,8286.53250833974,8530.532210137462,8637.400296583754,8658.206472706039,9010.965731506623
662.9532831398901,7291.703179071865,8752.308318979118,8503.212868762377,8415.463335163297,8417.350421907364,8564.543187944528,8485.285544693746,8891.952738040018,8816.46926827737
663.9207174124276,7247.399586073882,8733.27206527935,8560.737380193945,8426.858007067563,8258.094571929378,8543.766755431445,8591.850192258526,8726.672377871711,8706.873315648796
664.8880484461006,7275.974999592523,8802.693654674964,8440.357459649218,8382.798845335232,8336.5632371158,8547.926017547486,8546.038849865061,8706.44810287125,8874.406026607143
665.8552762574328,7336.812026084994,8642.371860371604,8454.514733095368,8357.282149630782,8346.898087319032,8456.402744424777,8554.579333554067,8649.923905689242,8736.772426842075
666.8224008629513,7271.3065687129165,8758.854349872083,8481.467121400558,8311.273601558705,8328.198923973918,8469.243277434016,8547.287819681937,8637.556205896399,8702.436608488044
667.7894222791729,7284.252757091186,8755.600270574454,8476.01600217744,8434.596110563069,8251.030681817556,8394.11758012175,8546.618090156486,8666.170959134331,8680.291376730142
668.7563405226065,7357.086890408892,8889.066517287214,8573.991889591796,8240.993854931668,8289.104052573783,8562.671843087768,8568.331866339782,8679.645656962715,8621.158750025243
669.7231556097686,7403.97464579449,8824.005465460694,8544.717011891793,8451.30634667787,8225.79979126244,8585.289321025113,8669.264565510357,8785.320240473111,8798.529829493262
670.6898675571648,7448.029491355576,8737.547534950245,8529.713124993596,8388.007845477698,8370.05851007235,8606.233975932179,8693.146547368597,8699.759460412672,8827.29421197698
671.6564763812894,7354.958868859405,8792.734699352566,8443.492781450597,8419.767107680083,8426.410296335827,8509.924668008038,8593.439039680246,8726.302812795127,8800.32691495913
672.6229820986555,7380.307175938357,8740.58790349732,8542.867154837457,8405.983559611399,8329.937117819143,8475.37593774683,8629.369982376147,8673.096686406694,8789.067510139883
673.5893847257539,7518.416176146516,8820.228322837205,8556.257661436759,8319.823507880245,8252.406540400274,8563.853939462671,8611.33067712462,8592.33998205984,8645.513928241226
674.5556842790793,7456.90760082731,8818.232298419463,8604.635327039941,8343.572362020524,8313.194126090993,8443.250948664303,8579.953010347197,8515.39925899694,8690.07411559175
675.5218807751189,7335.083330893062,8713.258925672659,8493.054560666553,8271.90103891473,8172.239580614553,8476.918895989382,8654.411207438268,8669.597715369724,8760.716762958458
676.4879742303601,7478.207068824325,8858.565777268572,8450.904894967043,8372.216864197213,8321.97029033214,8423.411486625777,8467.969769109897,8657.579481808283,8759.020678101919
677.4539646612831,7386.272923515358,8765.990827305342,8453.494665156615,8326.602284162891,8238.535183920976,8431.714629612918,8547.243513801233,8617.318410767919,8596.485333291337
678.4198520843711,7360.235396156518,8719.208349512746,8517.493200338617,8406.691921214799,8247.592648626753,8458.77799259779,8622.61236258429,8563.897154843462,8811.069239042748
679.3856365160973,7436.259832613649,8897.715820632733,8451.02810463209,8354.293185243418,8223.416529599917,8454.821630882627,8572.420944649251,8693.81378466641,8655.878522161047
680.3513179729307,7390.0921725606395,8748.230261768394,8573.720898350639,8345.151569091513,8240.825319222202,8509.228307522339,8531.990398402915,8572.772477897282,8745.385000408323
681.3168964713442,7507.411098885752,8786.360009036394,8560.215996691779,8380.63104571223,8232.402197284668,8498.453976513627,8532.660633843065,8633.380235979743,8551.664332359418
682.2823720277958,7521.966550233837,8857.829723648783,8476.970657814158,8283.684681903087,8264.641728611356,8429.36327458483,8527.434484037247,8689.299587016962,8837.834622692466
683.2477446587583,7542.279787697231,8772.19591614666,8682.71285416969,8377.137716993011,8176.276801278747,8505.650625151427,8502.794782747907,8590.373949789198,8710.319330737051
684.2130143806788,7494.6948812418,8867.594083504642,8611.128885304153,8299.366358123632,8383.265753817474,8461.44473616855,8638.777549794167,8513.881858477202,8673.100029850739
685.1781812100197,7545.66974685267,8990.970378920283,8452.674494201627,8370.739191394894,8364.070038840857,8451.72175812248,8555.569990749618,8636.552557477204,8695.622194384383
686.1432451632245,7480.8247443696355,8825.585256515411,8492.723743608041,8429.95557260265,8209.315941189765,8518.401631746608,8564.05121065962,8655.35036848564,8651.546236909557
687.1082062567475,7421.899570921745,8933.978803545628,8572.55961431746,8403.707604651807,8446.394910466157,8553.587478399972,8502.362711422751,8568.765187133962,8709.158992923381
688.0730645070216,7494.25959074202,8878.240168442599,8549.62812487295,8379.130861687538,8354.365896085188,8487.715710867074,8532.483148686708,8718.220390704335,8728.697876151484
689.0378199305014,7465.5303925215785,8831.976345145895,8577.134650432383,8386.954281243194,8279.502372651303,8538.1476747486,8647.501387032382,8631.336055651302,8811.056504535083
690.0024725436124,7539.57048967151,8786.817555924066,8610.948114417417,8380.891872014125,8392.299619571313,8519.686133959913,8399.904784609438,8701.259449245155,8625.207798863901
690.9670223627983,7491.053665958969,8754.444659583802,8574.91014996343,8409.62441094785,8225.340311125883,8478.968427891168,8438.121952157433,8769.643348228912,8630.955314342276
691.931469404477,7490.247784720145,8780.880961165944,8562.598097498227,8404.366851346083,8464.418468861655,8437.728861076957,8609.30491112145,8762.770155883469,8673.169329749122
692.8958136850815,7621.76384441899,8928.97667790734,8583.872489866415,8349.04952995978,8368.06353481052,8487.85176537018,8688.449516545485,8658.027108784301,8677.04111363504
693.8600552210338,7584.046989991395,8958.798710231527,8590.288874111602,8425.127729943864,8477.63560814748,8509.140335069651,8643.75144100983,8682.89367748889,8685.757743572723
694.8241940287552,7624.961958553478,8914.266757010315,8614.16171126128,8495.648890647013,8547.25931252742,8610.338717047918,8628.497939561394,8791.930942182684,8622.763448241349
695.7882301246573,7744.97224322327,9034.844781014404,8523.29414519657,8415.247001556543,8356.920667379183,8634.209797074831,8535.724347562238,8701.141655966883,8771.89819250991
696.7521635251578,7598.675883472175,8994.175245873288,8675.45008285575,8390.224561596811,8408.410081408623,8517.523200279493,8674.492950234075,8735.74943802123,8854.433883108843
697.7159942466607,7590.5162256741305,8925.565354760502,8487.57723416289,8623.669823057553,8483.74364010952,8600.668258737329,8623.669823057553,8629.42021413761,8745.386434252076
698.6797223055693,7641.012239959921,8915.151508894944,8697.21921083254,8385.614258339803,8361.718173025944,8466.860948406927,8639.868606079275,8747.878911697924,8791.847708675426
699.6433477182909,7619.354771121923,8963.777807273133,8629.58718076546,8580.751301247146,8486.90980727078,8497.443036186494,8592.242096427926,8795.246144621698,8721.513542211696
700.6068705012223,7686.658373104046,8947.91586421697,8780.772830360422,8434.959656864114,8424.393143229503,8584.812032045847,8688.555984094739,8783.654606806223,8693.358944837744
701.5702906707593,7806.704979528981,9145.134522480843,8654.152830845236,8561.913608933262,8549.422880966016,8654.152830845236,8777.1384600612,8693.546665203474,8791.550838484945
702.5336082432913,7649.494732067885,9015.613080929908,8680.563675622216,8648.882786295128,8393.515617779809,8660.403109686795,8716.084672746527,8828.407825815295,8800.56704428543
703.4968232352038,7696.413191994383,8945.986958647649,8620.136568728067,8514.403403857405,8454.808347293942,8647.050465240598,8747.01636657286,8672.041940573663,8796.99931723899
704.4599356628861,7782.310367510045,9048.68260564109,8663.181163287652,8646.79735198763,8517.654368799229,8603.42843972287,8681.49248179944,8818.345493834911,8820.273001046678
705.4229455427194,7759.955183698703,9010.164842740507,8685.110331389638,8619.714749224375,8399.485509285472,8671.646535061494,8529.314973878274,8789.935602801605,8880.335378147704
706.3858528910752,7808.657320159889,9095.809223890132,8616.01757115236,8563.991970253086,8416.586101038469,8748.971884561623,8517.746991675951,8692.129098393896,8788.472803762925
707.348657724331,7680.1027490737415,9095.366966355883,8685.761486405285,8594.952724340765,8502.211860955724,8567.90330585346,8746.622678001717,8855.786402611193,8937.900708733365
708.3113600588587,7784.3114255858945,9030.420438282219,8709.218425692794,8627.950446603903,8592.153836767131,8715.023281342,8689.868906862106,8800.16116419703,8755.657270886446
709.2739599110208,7793.254852730279,8943.126821214144,8631.280770987201,8471.978609106565,8424.670694366256,8593.627532724506,8683.41602396632,8713.345521046924,8699.828973978263
710.2364572971857,7606.029174863934,8941.948770296316,8639.914774807256,8579.895198780583,8538.268718633053,8663.148159075645,8587.63966020338,8839.334656444264,8744.465004015006
711.1988522337123,7710.903744620235,9187.027008883673,8868.36260340948,8460.5883945808,8497.394617705479,8644.619510204195,8742.446576930315,8723.074880548906,8846.085152570859
712.1611447369542,7647.732654674557,9060.321835984872,8721.45534286725,8571.38589591516,8564.608566052808,8675.950413791456,8623.668154853307,8784.387691589094,8773.737601805398
713.1233348232672,7808.173153753449,9056.629198416556,8738.22451725829,8659.833091198048,8472.080786806853,8663.704272731888,8675.317817333405,8665.639863498807,8807.905784867395
714.0854225090005,7685.942194244444,9027.9012972163,8878.471288642428,8643.652703740627,8633.949456430635,8685.376667173592,8786.290439197506,8968.711488625351,8818.311155320478
715.0474078104926,7767.627767677722,9127.205062344909,8843.070863102765,8753.85466402332,8459.053310543417,8707.307081894915,8732.520355547802,8785.8561267366,8813.978624272511
716.0092907440994,7838.584630609203,9184.614009216844,8860.713567966879,8720.098106945188,8590.150025725141,8769.555958752817,8805.437145358352,8959.629271582138,8874.290233168973
716.971071326152,7858.792253701555,9085.7578427182,8914.914532855124,8697.477593029389,8531.487786287422,8849.877591032247,8910.061029734014,8862.496699147134,8884.822813504241
717.9327495729884,7766.868524603607,9117.247843751737,8752.674593441767,8661.288232030734,8605.873097983618,8762.396546783366,8848.921931523599,8859.616080199357,8842.11656418448
718.8943255009362,7749.044011498874,9112.991920580936,8873.889625660235,8626.075101369952,8385.036755478231,8738.366057688987,8855.497141435566,8811.935994587664,8828.392427841316
719.855799126326,7700.074853781449,9139.114767935167,8820.297170792694,8790.256606928206,8564.467852720922,8753.432689933026,8845.492482420974,8751.494589038542,8892.97595433581
720.8171704654887,7845.793925661062,9217.232888577728,8800.470518221426,8637.642429338033,8708.395110817128,8864.438695997043,8881.884562663123,8826.639318220543,8956.514103401343
721.7784395347408,7825.160636591569,9197.85977700456,8804.275136462416,8676.311657271375,8574.522526096684,8745.140498351406,8853.71557160441,8940.963398325575,9112.550790877198
722.739606350402,7820.7554609542285,9177.980581825885,8980.354654161489,8867.979126666049,8585.102798832699,8814.697626560452,8926.104399508518,8891.229235803035,8901.885535824156
723.7006709287853,8008.03351869353,9180.130814646242,8931.887616583168,8694.352948632617,8694.352948632617,8913.391064570624,8944.543152170696,9033.131901283401,8907.550048145611
724.6616332862068,7904.070301697643,9257.247137348279,9027.664295354354,8869.096484994143,8587.954784416836,8778.625280310096,8872.987719604209,8981.942288686072,9005.289696346472
725.6224934389647,7908.302777370589,9237.045390038435,8947.385332558539,8780.19899065739,8787.00308596732,8874.484311380713,8843.379875678173,8983.3498363396,8899.756665389024
726.5832514033717,7905.3476094193875,9368.618039639645,8973.690277637228,8765.067504097868,8704.906518240005,8987.275016379326,8853.368305921504,9082.368187574011,8979.512308526699
727.5439071957263,7924.893446082415,9322.090416054554,9049.253481681953,8725.927150201258,8723.014300368099,8959.926086798398,8956.042287020853,9121.103777566554,9034.689232516157
728.504460832326,7748.669384709807,9399.755120804031,9069.344184179541,8902.68529532496,8670.138008551126,8952.1015937644,8993.766315978046,9088.723124744029,9073.21997229244
729.4649123294658,7992.221392564371,9403.63839721055,9088.054073812296,8883.795508668027,8889.60380909867,9021.258618859905,9092.894324171164,9117.09557596551,9191.63543149209
730.425261703429,7989.047171233426,9343.500921016568,9133.10975157996,8905.26678007027,8896.540879033728,9009.00804794915,9046.820285774162,8961.50036452798,9121.475216864572
731.3855089705139,8025.9487214501305,9271.30439013194,8894.981960654883,9020.099469424316,8714.579971266396,8995.851890205433,9026.888791605603,9127.758721156155,9071.504337368347
732.3456541470005,7904.104384084742,9444.973218130952,8932.966456408863,8942.663554168752,8887.39009693739,9025.0888851278,8927.148197752931,9219.03084032556,9168.605931974143
733.3056972491651,7847.84806210585,9267.06759191514,9024.879958841882,8835.97360504474,8827.254850254105,8911.536146563598,9052.004973746089,9075.25498652112,9188.598798799405
734.2656382932872,8034.420308509313,9478.734185048052,9110.13829983333,8781.311970654933,8797.801786572434,9100.438408117152,9071.338732968621,9145.057910011566,9154.757801727743
735.2254772956368,8068.187753509092,9343.285037479065,9034.19990557449,8920.836393245852,8907.271528522768,8910.178285249143,9082.645851014078,9137.87422881521,9204.729633521842
736.1852142724856,8090.516303765683,9537.190599693104,9060.137145540095,8923.420606849902,8958.32695715378,9107.64856678704,9018.443449343795,9075.651079008485,9375.263919116778
737.1448492401033,8188.288926391626,9454.739108517095,9074.610110513126,9048.42775605877,8882.606177847856,8887.45476200607,9111.459350115552,9239.461971892399,9200.673298626687
738.1043822147476,8116.652761393636,9409.68266270003,9092.011154264876,9106.583241807773,8935.604081304447,9092.982626767736,9251.332644733882,9367.90934507706,9270.762094791078
739.0638132126805,8061.460456148871,9612.750051096426,9284.424513781289,9053.236709399624,8988.154428334197,9103.74833052503,9244.598043278565,9288.310023098627,9301.909305709314
740.0231422501565,8163.688182872225,9679.801702548495,9200.67095562516,9059.750147706534,9009.213030383991,9145.274500098529,9331.873087135607,9329.929351853973,9198.727220343526
740.9823693434226,8059.935867874968,9539.063753978544,9317.631608192847,9108.824979491425,9115.623334844493,9153.49988609731,9294.322961268037,9208.857922543733,9310.833252839779
741.941494508741,8022.968895850732,9608.36340210115,9250.558770415275,9130.320899604845,8988.75050332805,9212.742020724898,9256.376731906103,9284.496879111766,9383.40222445583
742.9005177623512,8059.126890566707,9644.608289419933,9298.843561630927,9177.777480472312,8990.851451163411,9209.738925898188,9259.133887010901,9294.000918384583,9326.930892459726
743.8594391204898,8178.746492168413,9760.947361427894,9294.338766630954,9326.351414506835,9092.562076989034,9106.143200330316,9269.116680425714,9268.14660018705,9436.940561714426
744.8182585994036,8196.01853918429,9670.157478902682,9250.221846732902,9047.527742521625,9183.303697495687,9239.55373598494,9221.12699923846,9451.946122694366,9443.217668446034
745.7769762153221,8204.007206952148,9573.120650950905,9405.256281133907,9108.340112555863,9118.043255319852,9263.590396779677,9300.462339282833,9379.057795671137,9455.712623506646
746.735591984474,8282.921310491367,9554.379819601243,9272.911905370813,9214.677164495552,9223.41237562684,9256.412062122821,9259.323799166585,9480.61581449258,9382.587334019223
747.6941059230994,8169.9793263192105,9791.539023741825,9522.41257905275,9297.97861254309,9159.043299941872,9279.518675903768,9324.211154083181,9472.862222810358,9522.41257905275
748.6525180474127,8224.770759396166,9615.077262307857,9513.48910447506,9249.359894109792,8997.808265190488,9230.009768808306,9420.608503027934,9297.735207363503,9449.633690980161
749.6108283736394,8187.800533320839,9730.975103426923,9383.543680513734,9279.314253639777,8980.137195020086,9187.63096148213,9324.673356075666,9482.947670958341,9492.598543817041
750.5690369179974,8213.486929845467,9565.8659200534,9263.410789764732,9071.72744286204,9115.072923317422,9352.991449372521,9281.712214845893,9438.719177384279,9377.072271847734
751.5271436966942,8285.954511620233,9670.79370576289,9487.110173762025,9251.495171980809,9204.372171624565,9378.438764777218,9440.948867290603,9466.914602180777,9442.872255060245
752.4851487259548,8220.61919159074,9709.85482746932,9478.965581596673,9376.027459478451,9100.884441480212,9317.343109485819,9455.876657009409,9363.520958660349,9503.978583232876
753.4430520219757,8353.105311622445,9802.634605343474,9461.455502964987,9243.640595796802,9172.320670440846,9580.000784299886,9464.34685129023,9494.224117317724,9535.666776646183
754.4008536009642,8302.501253708011,9800.559165524968,9524.6772835033,9383.842476597134,9303.778853492944,9529.500393328854,9570.014515863504,9692.521505432567,9574.837625689059
755.3585534791237,8275.259935180402,9787.151376289341,9477.615060771195,9542.424226832807,9332.519912872065,9536.620420916843,9552.097236692749,9556.93374162272,9746.524734877585
756.3161516726468,8369.312861275406,9942.732067245322,9569.21434676292,9473.415760421578,9451.159523190761,9527.604859766176,9748.23190709775,9699.848782682931,9755.973207004121
757.2736481977263,8391.326201106973,9956.908194173115,9605.13545005208,9498.830499905614,9482.401553064796,9591.605729124349,9643.791795559886,9620.597988255202,9764.59287527178
758.231043070562,8421.81685997086,9979.163930083334,9632.230176840456,9563.807131062,9341.191306064487,9444.307727167232,9683.30653495677,9688.125059307366,9732.455483332844
759.1883363073322,8496.59671462602,9882.02659053397,9528.4433050971,9476.417426585953,9482.198079753858,9538.077727043608,9706.680111107511,9634.421946508695,9748.108125477498
760.1455279242218,8454.507975757755,10022.218601312472,9740.14582045991,9606.784879852747,9412.979771920032,9598.149998806239,9716.160039775168,9760.293876235093,9715.200608547779
761.102617937413,8353.032087105283,10063.651883077908,9685.535028344171,9670.218902582805,9622.356009578534,9694.15034908494,9652.031003241183,9842.525317398178,9697.022122665197
762.0596063630801,8599.838989164333,10065.709804340522,9742.608239747071,9660.641471148141,9632.048412334561,9641.579431939088,9876.995616170896,9745.46754562843,9976.118220057971
763.0164932173938,8655.844462764328,10161.291465852846,9754.002390428139,9594.13191222405,9631.244701807142,9749.24434048159,9931.001848439812,9925.29218850395,9923.38896852533
763.9732785165324,8556.59931303404,10138.86695588185,9772.046949792208,9758.742597239734,9721.680472272126,9792.953789517524,9975.413481665739,10113.208561673508,10020.078093806189
764.9299622766557,8717.327610087388,10227.581020825484,9825.228155085917,9830.948811944772,9754.67338716002,9926.293092925713,9969.198019367137,10021.637373906653,10063.588857538267
765.8865445139309,8889.061804811596,10226.286714995322,9899.85493820529,9824.451106724551,9938.034093385411,10024.891671420186,10105.067897298439,10250.148686982897,10203.37922188725
766.8430252445141,8794.847331655617,10327.753743816535,10035.134054408398,10102.073199044247,9927.075149496244,9997.839388111282,10127.892583403787,10253.164411222304,10296.196718488205
767.7994044845583,8945.233071556024,10320.018650483817,10235.475582038222,10094.250229066603,10051.978694843807,10181.675447572843,10285.432849756073,10382.46523513113,10362.290184706613
768.7556822502229,9150.19302177906,10649.6713808123,10309.275328890286,10052.772921492959,10167.5239984865,10344.954235182395,10399.919036767536,10407.63339488475,10656.421444164862
769.7118585576536,9153.888554727198,10530.868952268942,10290.306339141454,10142.119769454921,10175.79853529277,10455.813416973166,10449.077663805596,10628.056247972449,10727.168044580972
770.6679334229992,9279.247439314757,10806.481048240676,10499.489715978703,10474.389795730869,10317.9979849559,10467.632124894913,10634.64313269781,10751.45430000504,10910.742255423987
771.623906862398,9449.326404912967,10944.938022306087,10564.025949098013,10630.733901005011,10459.613502634886,10756.415549525442,10804.754645110223,10901.432836279784,10960.406532893216
772.5797788919917,9645.899747102269,10969.92234975147,10814.77850766521,10600.853458328877,10611.453348160858,10923.668285030102,11063.394105542573,11015.21278812448,11161.683993075483
773.5355495279109,9531.565043103086,10932.391572423436,10851.851238088797,10702.276331467321,10711.864466507159,10978.41462061466,10969.785299078805,11208.529861570774,11279.482060865577
774.4912187862938,9757.601607424984,11301.44721024666,11001.095587392876,10861.441648104175,10724.657310307706,11188.576218218805,11298.577608754427,11348.317367953143,11413.361668443771
775.4467866832674,9743.273571546502,11267.893396922973,10950.581895766494,10823.847872782075,10932.477035340149,11146.876698283715,11289.809806912759,11438.460239886965,11428.931365978362
776.4022532349554,9856.317721949583,11278.075634594128,11059.489859254392,10872.266390811226,10880.819747237565,11206.79766437465,11414.929337415528,11584.09572006976,11560.336396663266
777.3576184574812,9977.628253848292,11479.94430697382,11164.419805968395,11089.1133540668,11127.243203130898,11240.679504096595,11428.469010737286,11666.78056738791,11641.996165496244
778.3128823669575,10003.06216896724,11474.886774362994,11184.721612209745,11214.310822824058,11274.443734717659,11360.347894565659,11554.10949955615,11779.36929649091,11974.085392146379
779.2680449795081,10087.048355414456,11681.808304432,11472.879416880422,11170.028368869878,11239.990794517884,11484.380089589684,11911.821758617221,11844.734501146531,11875.402961704562
780.2231063112413,10169.291118541645,11639.052725497866,11484.492556510308,11356.81241691189,11323.212380175464,11599.692682463767,11846.412952214094,11919.373031984618,12058.573184178382
781.1780663782629,10283.715601320131,11751.443810038285,11601.400821466836,11346.520103701232,11443.663320660953,11814.92353597236,11765.871020477849,12059.224299415619,12140.978491906473
782.1329251966819,10244.433807633326,11941.123172682106,11479.523860132069,11539.982813750888,11514.071833628537,11832.680922540412,12010.219119675043,11991.98546699635,12127.298363190852
783.087682782596,10445.137009552094,11957.476780781511,11676.91565422561,11675.954828449732,11574.107296206837,11881.571544487277,12037.22532017925,12165.015148370809,12377.357644839489
784.0423391520999,10390.08234804819,12128.007356612146,11719.705461288939,11711.059068211507,11769.66239906966,11930.101026173132,12118.400253192776,12288.445983715617,12265.38893550913
784.9968943212954,10423.385002196212,11906.129284800869,11844.668381894977,11785.128132204893,11721.746576083191,11900.367325153442,12269.132742588796,12318.10939959193,12512.095374388653
785.9513483062692,10531.417293895262,12153.186423124756,11990.913490715173,11906.416342478231,11865.127963226088,12094.614536278694,12216.559284302462,12448.926441954054,12537.264369656312
786.9057011231125,10297.93579389175,12087.085694481168,11804.73997747994,11685.655389356973,11900.775935643622,12134.143313981373,12297.404442859633,12453.943054666437,12561.503327809762
787.8599527879052,10474.763206679132,12198.203759890745,11765.188123397333,11948.165969791673,11952.955965770581,12161.799790451032,12188.623767932926,12483.687520233745,12511.46949691142
788.814103316734,10430.128096986127,12221.73025451135,11816.156674804626,11714.763279877945,11843.896377190227,12099.292947430074,12264.77462028211,12347.993727438914,12527.823522214538
789.7681527256647,10478.021606749095,12275.266106051668,11991.843425287916,11676.822945655233,11854.919630189212,12151.747437745844,12230.263180389855,12481.13055322804,12707.102690593734
790.722101030784,10456.611534307745,12135.565821306627,11892.433330486949,11786.182517569689,11748.851150869028,12090.57673835968,12260.003710308825,12652.46166793114,12667.777100423718
791.6759482481575,10615.965269232238,12156.174702724524,11892.138799840131,11765.860759330206,11815.60665407654,12230.793544844026,12360.898192642133,12593.364585399042,12654.590302009916
792.6296943938543,10513.147486956708,12257.502888187639,12032.981895949993,11773.919212598867,11786.392601056512,12154.837306267005,12206.649842937231,12506.011165920758,12533.836417095508
793.5833394839357,10560.545871961362,12187.612309346048,11866.430163904863,11811.617642078074,11929.897294441145,12143.37764260864,12215.499381854415,12490.523614178304,12605.918396971545
794.5368835344561,10509.239835388707,12119.31728204343,11920.340546844905,11902.076981778375,11755.007220979465,12118.35604177677,12209.673867109426,12672.030435372662,12694.138961505832
795.4903265614847,10430.09792964775,12106.758524108593,11883.716518423435,11910.635381178541,11759.697472158843,12167.32596530758,12372.101599837488,12523.039508857186,12637.444675566383
796.4436685810724,10512.896664542279,12218.36703802657,11872.845670035114,11806.436270616145,11845.89692824191,12183.71865572102,12248.203145011905,12369.47248308133,12386.796674234105
797.3969096092624,10539.868498468284,12000.327334472357,11945.63209554185,11832.403355299746,11879.422069468077,12176.887404002417,12079.011713284666,12526.169280681444,12479.150566513114
798.3500496621091,10440.916260079144,12153.153787742687,11771.274093199505,11675.564896572141,11909.095336342909,12146.454143978772,12384.77004358091,12307.245594312744,12493.878527736104
799.3030887556488,10356.870246847024,12126.188828011198,11870.971074812476,11795.45720776117,11761.045825307408,12106.115521579839,12252.36389700832,12509.493393676696,12562.066339092162
800.256026905925,10453.007205529275,12012.528441838076,11791.245023172638,11554.634614469767,11726.105315513549,12022.107810611473,12173.461837231123,12568.131830695022,12334.395232624169
801.2088641289773,10477.668952298958,12091.464216071594,11767.937146534783,11718.016055686374,11778.497377291178,12095.30429998301,12167.305873322062,12434.191705165485,12568.59464206505
802.1616004408353,10314.462872115842,12218.966765859706,11930.027415044735,11691.004496928696,11794.677087918786,12057.698290986234,12177.689715743283,12375.435583742898,12638.456786810346
803.1142358575308,10501.783041230081,12138.624626458937,11791.999349586944,11873.841428848387,11828.587573256766,12161.732978250404,12358.153968477865,12418.813391930466,12624.862862071039
804.0667703950858,10503.84865369166,12147.032611352388,11859.83682285802,11802.975911713163,11759.607420162,11971.631156634352,12276.174341749185,12503.617986328618,12582.645015377402
805.0192040695256,10427.179742963044,12050.509689120718,11757.368402218355,11829.452325227132,11742.9516176166,12112.021303421541,12124.515850076396,12405.162590323902,12493.585535881337
805.9715368968718,10426.964920488348,12091.870989419507,11713.700835751992,11702.212122222852,11802.738365602825,11958.793391040304,12194.312018387669,12261.329513974317,12318.773081620015
806.9237688931427,10278.090025235115,11901.855508213435,11756.944995252603,11648.502028599796,11632.187599988312,12053.483727073113,12057.322416158167,12263.651954479881,12367.29655977637
807.8759000743485,10261.588480354296,12067.169007000046,11625.337331517876,11664.547501852874,11416.85398680984,11806.086653306036,12145.589347670042,12327.29501507613,12348.334618670518
808.8279304564967,10220.705932271538,11854.182654674436,11662.909033784168,11578.748640592448,11668.647242410876,11914.43384525487,11937.386679761703,12261.59546717071,12274.98462063303
809.7798600555942,10221.413502990503,11899.98379224691,11665.92020609562,11602.86634207119,11706.045392292983,11739.483047457454,12124.493762636925,12204.744135031655,12278.30697639349
810.7316888876413,10217.97691120124,11983.126207296833,11692.440732750212,11578.652668700714,11498.331682312832,11781.367539108225,12068.22820477923,12100.739080221945,12377.081521485014
811.6834169686407,10258.672490032084,11935.257848445952,11777.270079092275,11542.682179142876,11564.704716689146,11963.982897419348,12099.948129226754,12294.320960613399,12230.168351239481
812.6350443145931,10215.686524384617,12028.456927949952,11709.516931138243,11618.253980243328,11627.86060665332,11985.227109104992,11963.131868362012,12163.910360330827,12295.521142147705
813.5865709414828,10189.104549573203,12193.109083837742,11778.08992813195,11643.592979523593,11621.49705225222,11816.51762773434,11912.58687674031,12067.25836763992,12369.876502008728
814.5379968652996,10191.776151344362,11927.796217558238,11607.166887525393,11528.213118568356,11522.43601352272,11712.117629187796,12004.824284833398,12138.660551723984,12237.83418834075
815.489322102032,10083.123127207484,11942.087526747122,11507.461842873417,11578.77514798795,11504.57076293634,11747.421477650696,12055.80333760543,12079.895670414395,12130.971415969398
816.4405466676652,10109.628649349874,12117.679174058712,11580.014974064696,11691.787460084957,11535.691402022177,11829.57595578235,12047.339592339065,12082.991161155873,12157.184966531391
817.3916705781738,10049.441103406232,11811.656245149565,11546.84249434114,11575.731267156605,11464.028012270142,11778.915635958705,12101.506932398057,12088.025505084173,12062.025609550255
818.3426938495323,10024.760131599123,11712.59255706559,11702.947800348638,11507.159238994529,11376.955023315688,11796.501940503067,11872.695518566981,12062.69722589092,12158.180317388738
819.2936164977182,10138.558511005873,11924.425960347975,11420.101621251906,11383.458552636896,11374.779931122814,11702.638966099226,11891.640056850334,11882.961435336252,12086.426895277496
820.2444385386952,10134.595650652336,11727.988415077343,11567.780541731157,11390.200730311291,11499.257897107187,11646.91937073349,11704.8258309791,11886.266073082008,11973.125763450422
821.1951599884305,10035.736308149193,11771.428293725592,11364.052310459052,11309.027592340111,11465.41363330973,11606.354139368772,11799.423325751019,11958.705404516371,12066.82414889043
822.1457808628876,9997.36841462692,11739.436372701255,11389.480274870051,11469.497784842475,11375.019279091903,11622.784340090853,11649.778198876731,11945.74657913618,11939.96218082492
823.0963011780223,10007.864152333525,11610.392889940307,11351.485844645278,11359.18568242357,11190.751731023456,11565.156342992848,11604.61801160659,11765.35212522841,11845.237942178179
824.0467209497948,9993.342102275747,11683.753392705947,11319.117149636484,11321.041351446876,11364.335892180718,11406.668332009362,11654.890365550053,11775.15297869961,11825.182225769828
824.9970401941538,9900.020001411473,11645.44636996411,11231.147363802165,11165.933631350748,11198.540497576456,11374.042159908948,11539.95356746917,11671.340057849231,11687.643490962086
825.9472589270407,9848.092335469215,11681.544384682178,11320.032134392803,11071.672259525565,11011.260398071372,11297.018091934062,11637.43413663626,11736.202735521687,11766.888125466672
826.8973771644161,9902.433753540141,11576.651758157268,11175.836680305058,11252.547699989691,11200.767761702564,11362.819790786352,11569.939543934863,11701.307165144799,11942.946877151395
827.8473949222098,9843.452722395597,11431.63358941362,11069.197640947641,11104.76827779974,11019.20647564199,11327.805784548034,11478.74064902856,11598.91171947484,11721.005527048259
828.7973122163677,9850.825191579213,11457.492566224548,11229.343873719488,11080.132703515757,10987.718043260542,11319.833228552718,11472.895009600416,11641.359234023983,11715.483492770352
829.7471290628163,9759.424935669149,11412.105991461714,11135.530928877353,11107.486604349568,11016.58431105261,11303.796876044062,11397.600306361135,11620.987856910044,11639.36172470411
830.6968454774978,9719.040474727133,11328.09557071197,11189.98339860763,11065.39269789812,10942.7336359593,11180.32520475418,11396.668747071468,11578.242791516335,11538.644196717189
831.6464614763281,9706.120647971507,11358.823684987703,11067.3980176521,10982.197158098834,11007.370139330482,11269.750059091108,11312.35048886774,11385.933049391017,11612.489880475838
832.5959770752452,9670.914413717119,11234.076009776754,10987.566296112433,10986.599591352966,11003.03357226392,11082.30336254029,11275.644314433875,11457.384809213845,11460.284923492249
833.5453922901614,9552.782705911499,11239.022892056202,11037.911677194907,10937.356069764259,10895.78019361505,10969.263137506676,11302.837027541036,11362.783639663152,11509.749527446405
834.4947071370008,9495.525994555586,11170.12831215611,10951.03048731731,10841.964169225748,10844.85973519278,11065.887937342935,11069.748691965646,11218.387744939986,11308.150289917998
835.4439216316749,9481.977445039782,11139.51026919054,10948.033315175458,10841.657229611523,10853.261893491226,11107.59744352136,10965.44031099501,11197.533588589049,11301.975563506367
836.3930357900937,9460.770058674529,11273.044727994376,10843.669085957017,10715.049805797176,10784.67828828972,11061.258093746219,11020.641478958902,11266.27529219649,11176.338502310286
837.3420496281688,9374.074189052331,11075.277099305595,10856.079917026667,10609.725561722033,10650.461321260595,10821.163551707901,10910.394263078084,10974.407599495822,11294.474281584522
838.2909631618058,9402.131979431264,10889.233589227744,10724.215786574088,10664.032823253343,10547.549668438996,10667.915595080487,10911.559527233827,10987.273577863152,10981.449420122435
839.2397764069065,9245.60321330274,10894.315065454393,10616.616838295753,10480.680643183132,10509.809827850122,10648.658941429441,10835.08572329818,10941.892733743813,10987.528456388764
840.1884893793613,9236.644159991922,10879.360717160038,10571.957441704139,10393.527780240778,10548.684007600223,10606.867592860015,10638.8685647529,10832.813848952204,10942.392934524813
841.1371020950719,9280.366248287079,10819.019579074287,10507.025641723229,10371.376103744507,10176.622124217914,10528.341997691314,10700.810695978545,10714.375649776417,10762.821913340245
842.0856145699254,9083.637771613096,10761.168063408226,10429.146776572836,10261.684145020294,10140.685133782907,10433.018744932433,10524.977993472847,10595.641416035482,10565.633661248608
843.0340268198162,9073.357787569446,10576.555868793637,10333.761326716887,10164.482263515963,10045.50326480903,10292.167042616089,10471.119195142777,10605.57513677094,10435.32876463744
843.9823388606275,9071.837554660337,10535.975509719881,10104.491145480479,10070.554173012211,10007.528366999715,10363.38176402412,10345.928463897582,10442.891242378348,10425.43794225181
844.9305507082353,9015.34028712776,10545.110189234174,10246.73702535446,10112.61488654208,9963.91425438053,10255.484121363963,10318.657592543706,10480.964818497818,10356.561675251553
845.8786623785201,8924.921617087046,10329.04960372645,9958.313108293592,9943.71718327655,9874.629804862554,10071.188261758714,10124.706653487867,10258.98916364465,10353.37614542152
846.8266738873572,8764.294267702742,10440.435199121572,10007.318828662246,9794.64509518558,9798.52954693858,10063.643379080722,10113.170138931453,10147.15909177019,10139.390188264193
847.7745852506122,8918.685129707326,10321.153483072952,9845.54225552436,9892.323687742255,9858.21222675004,9824.100765757825,10012.201107800609,10043.388729279206,10073.601737586596
848.7223964841652,8691.286589629572,10156.910532328979,9864.176056423637,9799.774471724464,9703.172094675701,9899.30419353228,10034.937834035087,10090.557384457103,10068.114407971027
849.6701076038698,8581.44414836444,10189.491531882823,9816.681515001745,9602.534769012615,9550.944871115233,9660.93842700965,9946.142956895173,9901.366819097448,9897.473241897644
850.6177186255954,8664.07237058481,10122.227069900839,9703.800069227544,9552.62015056936,9466.78897094407,9748.666367668036,9826.694712781939,9940.81116751102,9954.466127905951
851.5652295651926,8508.227253260418,9913.577935147892,9655.930310135189,9542.721505205365,9437.320204063804,9646.17093039986,9747.66847964729,9890.155423783102,9776.946618853277
852.5126404385155,8462.061015241243,9892.350734961217,9508.021184424219,9534.291811929279,9398.073743384519,9588.779039347182,9724.997107891943,9761.970583639806,9720.132176872487
853.4599512614222,8327.909888317074,9826.972529202892,9548.144934948694,9325.665774376526,9265.43124181987,9387.843356370495,9483.052778798758,9721.076334869416,9544.25883607407
854.4071620497563,8243.237206092344,9953.068348592295,9519.521420721936,9318.823292314535,9199.963235684909,9229.191118462686,9418.198093758976,9566.28603316638,9518.547157962677
855.3542728193606,8189.7091018477795,9793.778581268405,9312.947074694503,9119.25179168194,9029.704223656032,9245.786398675073,9235.07962423719,9418.068132811875,9312.947074694503
856.3012835860827,8117.963677154726,9604.584650554234,9186.655163274818,9154.506741176401,9094.10667541574,9194.448720147162,9215.881001546106,9280.17784574294,9198.345498583334
857.2481943657511,8126.766366277933,9656.579580557443,9345.927855052409,9129.057782530026,9067.513572760161,9113.427507032917,9108.54304594007,9308.805950746775,9119.288860344333
858.1950051742024,8085.064027117841,9517.180536147287,9149.14514152963,9091.548090382572,8823.087258764917,9072.023666264924,9123.76339017669,9151.097583941397,9096.429196411984
859.1417160272757,7993.150138128897,9534.456439919577,9088.930203412088,8989.491087167527,8821.809440166897,8978.767260905859,9059.683404516629,8935.871955859187,8955.369821789493
860.0883269407933,7896.710471750438,9356.721035983848,8959.59816251236,8828.197211731353,8892.437676557623,8814.570446465175,8879.784251667601,9112.41260156879,8997.558437182428
861.034837930576,7949.948036072594,9416.879479583777,8939.29660616369,8788.892183859616,8742.012883401201,8728.33975410083,8853.351221989933,8950.03977918541,8963.712908485782
861.9812490124497,7959.931327171692,9218.607028044016,8869.137131204756,8687.101279647813,8548.870846914737,8798.075007334934,8665.685297111704,8890.553113740865,8800.021914838217
862.927560202228,7834.588112577971,9170.651230079728,8842.255321169274,8693.695267138355,8697.604742244432,8726.925805540008,8695.650004691393,8861.802696699659,8723.016330433931
863.8737715157296,7832.431479849082,9167.50502755063,8629.563305033522,8585.549891373032,8615.870243005815,8572.834905204445,8615.870243005815,8593.374498246008,8714.655904777137
864.8198829687643,7777.241957302197,9119.561656532356,8735.343417786942,8447.91297964152,8397.074942962736,8603.360053332412,8662.996980974829,8726.544526823307,8673.751181041494
865.76589457714,7749.459877430328,9033.555722141775,8668.622708523173,8542.75009152638,8346.622990624404,8443.222905994035,8510.550119736505,8548.604631851813,8606.17427838523
866.7118063566559,7736.467412993987,9067.640955715624,8722.123117053317,8468.612861490888,8480.358510397255,8513.637848965296,8596.836195385398,8465.676449264296,8589.984566856683
867.6576183231227,7691.333443162682,8973.222350356462,8679.130459300572,8418.25825029086,8461.248427056507,8355.727084086288,8443.66153656147,8461.248427056507,8557.976324779209
868.6033304923258,7739.001850733509,8894.03296228618,8643.662120154524,8533.146865619849,8223.117346261512,8295.490167815193,8465.664099576552,8379.599122593796,8494.026421536779
869.5489428800684,7652.158375335736,8928.334909815963,8582.33620269498,8329.453294940833,8176.5473507173965,8401.00543550693,8359.838450523697,8450.013750963159,8417.668262762048
870.4944555021393,7669.2812081570355,8921.028665060989,8477.96691837298,8491.69006981907,8217.227040897295,8341.715629015385,8310.348425710039,8360.339905977933,8410.331386245829
871.439868374331,7684.7723168320435,8868.101659796732,8452.072106382944,8342.177507367982,8216.58367992231,8272.512181206712,8399.087210429301,8451.090904606026,8291.155014968177
872.3851815124181,7628.0682297669,8700.519574957067,8387.926057293938,8168.7173955364615,8189.360363684026,8263.08524992533,8251.289268126722,8300.439192287591,8296.50719835472
873.3303949321888,7591.109703713235,8691.128188401917,8258.978069417077,8105.761209049726,8113.618483940359,8067.456993957888,8121.475758830992,8351.30104938202,8189.244754762706
874.2755086494144,7514.412572599031,8715.381989773503,8260.350205688575,8211.210704167526,8101.138220760373,8129.639131642582,8135.535871825108,8232.832084836788,8265.264155840681
875.2205226798759,7599.835399933464,8678.48993822603,8327.804079201233,8109.117953629589,8036.222578439041,8089.416500875387,8142.610423311732,8291.35639160596,8237.177396531903
876.1654370393409,7602.693848622353,8741.622629567331,8223.301845838485,8118.0640396544495,7811.202399192591,7926.275514365788,8000.040331784504,8050.2004076292305,8020.694480661745
877.1102517435793,7400.22754746268,8500.738967030957,8196.404854572289,7923.485876302904,7861.637330867756,7908.760032151678,7956.864456379016,8135.538032080556,7992.206482341958
878.0549668083513,7496.64522325486,8525.23192425236,8237.501676780177,7795.140888149473,7891.0509706402,7919.432525662966,8019.257305398214,7959.558172419292,7873.4348330398625
878.9995822494203,7495.866647983605,8351.224409718823,8049.160925860329,7837.032200949995,7808.683200846771,7883.9546838794695,7915.236339165786,7979.754753193814,7918.168994348878
879.9440980825458,7402.848938463948,8408.378993404982,7929.043792457363,7891.946567129442,7709.389168805195,7837.276971909347,7842.158185768283,7929.043792457363,7938.806220175237
880.8885143234802,7375.409982585261,8487.08010017176,8080.79925965154,7770.973582708064,7644.31528710224,7701.798667415653,7740.770450678983,7860.608684213724,7848.917149234725
881.8328309879762,7355.207016908447,8357.08230687557,7871.738051619124,7782.076060688214,7578.387407377778,7724.575436069478,7761.609736671376,7796.694863557384,7852.246314460231
882.7770480917825,7312.69469594826,8196.324203567861,7996.700261647155,7721.728067138729,7521.125576483117,7742.2775905717435,7682.586117742512,7792.18357605192,7724.663713343445
883.7211656506371,7350.551129623714,8338.15860091674,7918.548262367364,7867.448174300462,7543.159153875887,7698.424806079168,7669.926680041856,7784.901878192388,7769.178774171803
884.6651836802847,7462.516598928252,8326.265715631444,7822.986583778159,7705.78459416849,7562.975447165111,7677.222764767815,7644.721372691183,7693.965906140624,7775.711831666696
885.6091021964676,7317.962652563448,8267.923764155164,7861.644870435918,7604.63145835075,7617.482128955009,7552.240262810313,7604.63145835075,7744.0118087507835,7645.160496410334
886.5529212149123,7344.46852156676,8316.79289668916,7856.896352288758,7801.391596930089,7439.619530753049,7616.045360285962,7626.948080088558,7608.116109520438,7663.620864879107
887.4966407513566,7328.757989239629,8273.476826483693,7778.81292324677,7646.968636412079,7516.115660004716,7629.125048720165,7664.812224103992,7577.576906499084,7658.864361540021
888.4402608215277,7222.223676576876,8257.076309583032,7806.366853374047,7687.759101740104,7447.578404681368,7595.838094223797,7631.420419713981,7680.840316228124,7608.687267317475
889.3837814411418,7298.721353976367,8190.205918110096,7664.990205907278,7554.418477022475,7479.387660993501,7366.841436950041,7532.699030277246,7545.533248808518,7564.290952815761
890.3272026259293,7248.887127132825,8153.641379968106,7706.690805775759,7543.894239016957,7433.389902792801,7471.869091299427,7469.895799581138,7581.386781664439,7589.279948537593
891.2705243916098,7240.058787851812,8025.374393765329,7569.733885572398,7490.021399257868,7198.726387540574,7372.912931709362,7385.706293710459,7446.720789408,7448.688998946631
892.2137467538887,7222.815707150217,8053.103844071121,7576.255841535097,7347.210838246571,7213.930340643335,7442.97534393186,7353.134415917826,7515.045538932129,7414.344718520794
893.1568697284821,7158.572179495283,7875.715309263707,7689.752676992723,7461.256038404439,7197.149534062137,7289.1416872600175,7312.881597762696,7317.827412450754,7445.429431402653
894.0998933310983,7265.0996353509,7945.18186037966,7568.018355669387,7387.851012211986,7234.411791135629,7268.069426726572,7414.579134593029,7372.012124875072,7251.2406089311
895.0428175774396,7194.4426778510715,7896.242817823317,7481.903187161737,7294.558234542027,7278.698344373163,7291.584505135365,7294.558234542027,7371.875199115241,7287.619532593149
895.9856424832104,7056.819761821048,8061.388162159133,7511.90613902663,7194.935496387808,7162.14542990793,7189.967304496917,7249.585607187604,7309.203909878292,7233.6873931367545
896.9283680641092,7153.533394766472,7898.341876600607,7430.233216912576,7260.643003339157,7122.788970083571,7296.346206196718,7238.824379370647,7157.500417306201,7155.516906036336
897.8709943358299,7133.982265323295,7763.334688007415,7461.047303883546,7113.169035596734,7012.0762054962925,7189.484211260792,7098.302442934904,7274.719342521948,7165.697663001865
898.8135213140595,7185.5631123322,7755.845899025232,7489.05273446797,7210.358016101462,7016.957766701216,7194.489277689135,7097.293254913627,7210.358016101462,7060.596797335118
899.7559490144887,7170.853975136921,7744.244044933762,7388.483828318044,7170.853975136921,7120.173050423509,7118.185563179845,7097.316947121381,7209.609976388354,7106.260639717866
900.6982774528043,7195.497399496152,7815.40494847939,7367.362793685415,7090.192591495794,7131.917138061974,7098.140124175066,7104.10077368452,7016.677914212525,7055.422136023978
901.6405066446896,7049.948395777846,7674.6399791798685,7345.854935284067,7015.077254758595,7007.106708239909,6982.198750369014,7001.128798350894,7157.550773780108,7047.955759148174
902.5826366058172,7006.003687205958,7589.754314349808,7263.0133489860145,7068.761860431321,6891.445117032677,6984.08813465107,7053.819438234806,7113.589127020866,7043.85782343713
903.5246673518633,7068.190321518201,7744.667368475608,7230.345848950638,7069.1851407049035,6840.376727763428,6887.1332295384245,6887.1332295384245,6887.1332295384245,6971.6928604081
904.4665988985034,6955.3632360763395,7710.539641077637,7191.541927785023,7034.75103160867,6931.54689741664,6964.294363073726,6857.1208391050795,7025.819904611283,7047.651548382674
905.4084312613996,6987.874509031415,7574.491314100416,7178.128607972712,7010.665364633757,6850.138468652038,6831.311240110972,6913.55650163247,6965.083653429072,6856.083909243953
906.3501644562241,6975.419166340895,7560.32068863164,7091.807664874297,6982.323568796266,6731.792393987076,6785.054927214227,6763.355376640203,6831.413057986007,6852.12626535212
907.2917984986343,6767.011771231512,7530.171567899793,7073.260412217106,6833.972888874665,6793.599273825117,6776.85899441433,6794.5839961433985,6736.485379364782,6747.3173248658795
908.2333334042888,6875.240697279921,7498.5643927004085,6958.809331523993,6814.284752301893,6624.534794547706,6757.261448935349,6769.059373769806,6701.221305971678,6793.638383841592
909.1747691888412,6734.5903858512565,7438.938430880397,6972.652155260547,6703.111143615317,6628.3479433049615,6639.168932823565,6728.688027932018,6705.0785962550635,6607.6896905876265
910.1161058679428,6913.936652990753,7443.657233923397,6963.167190252151,6781.998813130206,6631.353369110328,6741.6297725758595,6708.153007238109,6718.983725435616,6688.46079233355
911.0573434572508,6860.782668167078,7457.200735463122,6929.903967357017,6817.334994390545,6600.09662550788,6712.665598474352,6732.414541100049,6743.276459544182,6770.924979220157
911.9984819724015,6834.02587418638,7369.620253142606,6887.486311272583,6778.585420911798,6620.184125841565,6642.954312007911,6685.524660058036,6690.474700528981,6732.055040484917
912.9395214290416,6851.437941780432,7364.475523838,6974.726042895041,6714.230216346431,6626.735434910257,6692.356520987388,6705.281886426822,6697.32781538717,6653.580424669083
913.8804618428039,6838.851679337171,7381.901856317697,7010.917028453711,6823.932718431113,6532.515682066106,6580.256356965492,6546.440045578427,6645.899784952149,6706.57022597012
914.8213032293316,6959.112169118287,7394.305646208254,6938.198981432041,6602.592112371814,6555.7864065978365,6532.881486750996,6647.406085985198,6635.4556930216295,6513.960031225345
915.762045604246,6772.1127359611555,7316.353765374578,6786.0676341512435,6524.911682308172,6617.612077428041,6643.528316923918,6626.583083407383,6508.963227233787,6570.763490647032
916.7026889831868,6798.749189300875,7292.552029818261,6866.4479658234195,6720.099140105564,6454.281885230278,6529.945223696652,6500.078116407294,6624.524396779619,6548.861058313245
917.6432333817756,6831.050900517313,7381.269306868955,6771.460459396197,6649.300055097908,6446.692555286112,6540.050913042528,6497.344430239061,6457.61746949165,6525.153302762249
918.583678815634,6883.691854419294,7220.377980324379,6802.251552577946,6533.101286736419,6415.906706037894,6408.954485148998,6552.964774990406,6532.108112323719,6498.340182291941
919.5240253003793,6710.574144214418,7156.690020251718,6680.833085811931,6468.680202540859,6322.949016368674,6503.378104010427,6402.258505441972,6442.904618592037,6432.990932457875
920.4642728516264,6753.360585511504,7183.605438279152,6671.267889466182,6344.875242539,6316.192252354491,6337.951762149636,6423.011664076113,6395.317742518656,6413.120977805593
921.4044214849927,6584.348264034355,7186.345819603211,6728.90688757556,6458.602064104676,6291.270506717939,6408.105558621105,6368.500456281048,6577.417371124845,6310.082930329465
922.3444712160817,6734.642696099846,7149.067030020515,6726.730059652673,6544.739421367702,6348.901669300178,6303.404009728935,6372.639578641696,6323.185600846867,6288.567816390486
923.2844220605076,6681.217384623638,7181.568524062956,6555.882878294657,6368.374561739488,6372.322105245913,6295.345006870633,6367.387675862882,6378.24342050555,6269.685974078873
924.2242740338623,6676.214003989403,7120.966221980425,6573.654734208768,6440.524912858906,6264.004631217235,6286.686008187953,6287.672155012767,6262.032337567608,6255.1293097939115
925.1640271517537,6651.025843489791,6978.157781273289,6628.363088763826,6360.351380700237,6167.225296948534,6261.817664500389,6304.187162466324,6307.14317395232,6394.838181370184
926.103681429766,6645.264240441919,6918.00660147354,6719.111450107521,6309.505593828984,6216.950424381431,6244.520049323255,6169.688210195446,6310.490223291193,6222.858201154679
927.0432368835063,6706.261464693982,7124.173652743094,6630.5456094474375,6354.231903937319,6137.900888947191,6200.833547853409,6160.517313241613,6435.847695956321,6146.7507941058775
927.9826935285564,6663.46758152572,6962.639660211855,6583.753968454743,6312.137212805489,6110.392883428326,6200.931801978077,6262.931278811059,6093.662865870219,6262.931278811059
928.9220513805047,6733.689049254742,7067.713132909608,6445.975089292438,6406.562218064725,6174.026277821219,6185.8501391895325,6171.070312479141,6268.61716876773,6247.92541137318
929.8613104549297,6580.7867993397795,6980.57722886723,6457.698612908915,6352.3351253240935,6169.179903914966,6194.782246692586,6070.709354770274,6199.705774149821,6238.109288316251
930.8004707674153,6614.378199828494,6923.029523167199,6499.3711780749,6336.1988224245015,6134.690792856239,6187.770956742513,6202.515446710922,6132.724860860451,6150.418248822542
931.7395323335334,6513.129266909766,6931.105172641526,6502.285552374272,6209.50525991594,6096.139153408504,6078.394893259515,6240.064819061422,6170.073570695962,6182.888869692455
932.6784951688603,6582.432658854044,6926.386693580809,6490.777285703359,6271.987040117852,6128.097959687745,6038.413669830623,6084.734127229356,6230.594290953027,6166.5340839122255
933.6173592889681,6617.740055743139,6936.146319191428,6448.709570208863,6171.57819276313,6100.821245330177,6155.854426666918,6112.614069902335,6039.891651707356,6092.95936228207
934.5561247094192,6572.137343031054,6940.373952213618,6405.741655994014,6244.268918277595,6056.212254229815,6123.164364990282,6103.472567707791,6168.455498740009,6062.119793414562
935.4947914457773,6580.740147510571,6845.981247252906,6457.486848373798,6194.217801417652,6080.824766211821,6098.573241287516,6175.483299948863,6061.104238349937,6087.72695096348
936.4333595135976,6471.448867340209,6933.202939876731,6308.998074230345,6208.573947580611,6112.088021975965,6062.86050891237,6082.551514137808,6145.56273085921,6069.752360741273
937.371828928448,6474.276644768308,6909.240967155843,6336.505139939677,6187.908731160225,6030.455582784647,6091.4686777801835,5960.585748192984,6164.290758903889,6100.32541737631
938.310199705873,6530.4437200898,6870.673723628154,6377.586761978366,6267.135282568813,6013.6885842808215,6058.066410829303,6142.877368233067,6116.250672303978,5993.96510581483
939.2484718614253,6604.512714482773,6912.454391770589,6347.7306768721655,6170.639616451058,5979.774806886086,6011.25766207206,6024.047571991363,6075.207211668571,6026.999089665048
940.1866454106531,6597.32334456807,6780.063797597059,6456.829340357611,6136.54230977992,5910.572932378483,6122.78765202505,5964.609087844044,6089.383483191795,6018.645243309605
941.1247203690982,6498.951896939643,6898.131090609461,6414.39669828052,6168.5967021784145,5931.645505935986,6022.099904501561,6019.150304548335,5961.141505468238,6036.847904267687
942.0626967522948,6481.976878384321,6827.170913327865,6423.952809832557,6091.543739146182,5931.2399565370715,5898.785816499644,5992.214401455874,6033.519670594418,6054.17230516369
943.0005745757953,6559.925448381512,6879.274725002841,6442.011869321329,6167.862798006404,5902.557245120992,6076.479774234762,5966.427100445258,5981.166297827781,5942.844384633221
943.9383538551193,6531.344240094877,6871.7849009976835,6244.035936674012,6218.453690479004,5968.534823804689,6010.84392328105,5942.952577609681,6010.84392328105,5996.084935091621
944.8760346058044,6600.192341119895,6906.03085020019,6246.998191923943,6099.01181656251,5885.911436042047,5944.119410350877,5977.662988766136,5909.589256099876,5967.797230408707
945.813616843374,6536.439568866815,6815.109710172826,6147.483011213547,6058.859998077359,5891.46097326456,5983.038086838621,5934.787779686696,6073.630500266723,5918.047877205417
946.7511005833547,6598.544435861072,6755.793037251863,6346.946673635806,6110.090967790927,5931.220683708902,5842.768345426582,5939.083113778442,5940.065917537134,5930.237879950209
947.6884858412633,6484.2141032765885,6742.639366068185,6223.823629361102,6036.145967029563,5959.5027331978345,5960.48533875978,5971.293999941177,5922.1637218439155,5857.31175475553
948.6257726326221,6520.925220402788,6742.972696643714,6245.822152493675,6060.127581655024,5890.153186125465,5853.80028072319,5958.928953102743,5968.754062670926,5824.324952018642
949.5629609729403,6523.855966129376,6754.675922775024,6188.921475847816,6095.6112806080855,5908.008677547154,6007.212148275709,5844.164859751549,5859.880261055082,5841.218222007135
950.5000508777376,6473.189436940342,6742.537030823661,6207.773924719553,6086.86241359675,5882.394167145179,5904.020616289095,5852.903554676203,5937.443310420602,5806.701595141473
951.4370423625114,6545.893127485648,6725.286675024029,6275.817127345448,6094.45222214181,5898.302134448745,5903.230528611887,5815.505112507954,5935.757930088627,5812.548076010069
952.3739354427672,6442.611090928603,6693.967551789495,6273.068693798902,6149.854742396504,5806.827101692227,5845.269854529775,5850.198412585871,5990.169461378996,5876.812626088789
953.3107301340132,6441.909009675762,6673.24284483374,6271.607931027549,6041.258495168116,5905.4113919689635,5845.363034757744,5889.66100319225,5884.739006699527,5979.241339359807
954.2474264517439,6601.5252061972715,6819.082180633537,6250.087016723304,5991.18437293716,5851.396633706619,5987.246690141934,5930.150289611149,5904.555351442176,5937.041234502795
955.1840244114536,6564.83040378724,6875.254952301431,6307.30778797804,6168.56498333665,6022.835130979506,5987.899892400738,5971.929497621873,6015.848083263752,5893.075673401227
956.1205240286326,6590.47470545301,6781.199049201726,6379.779226233224,6087.202091582053,5963.38105166142,5971.369505849849,6002.324765830007,5969.372392302742,6019.300230980416
957.0569253187678,5668.070680083372,5775.109783995995,5391.969813916233,5150.88173874855,4943.806089123195,4934.80280000905,4868.778679838647,5084.857618578147,4970.815956465633
957.993228297346,6608.112213598966,6881.613522621483,6430.787189067884,6116.210591877151,5869.75886286785,5972.9480014367855,5865.751517680707,6048.085723695718,5921.854350300711
958.9294329798503,6480.987491843115,6791.0347329652395,6335.965395189219,6027.918458848528,5845.890723738119,5921.902305432575,5886.896971757496,6018.917087332078,5912.900933916127
959.8655393817572,6412.859777651525,6761.7918958944765,6177.281313640042,5944.659901478074,5884.533180537905,5820.46372379838,5876.647708939194,5841.163086744996,5836.2346669958015
960.8015475185421,6412.194770950386,6755.441006958805,6173.500549358324,5880.557641040794,5848.008429005513,5779.950985659016,5775.019286865791,5829.26797359126,5791.787062762754
961.7374574056777,6265.839945116776,6542.7668127760735,6060.854932756869,5808.565686775444,5835.174318187548,5811.52220137679,5847.985881460042,5828.275784117744,5754.362919084123
962.673269058625,6367.96970666316,6667.3607971094325,6172.971562227758,5957.291796412845,5784.944951583576,5781.005595130335,5819.414320549429,5869.641115328245,5776.0813995637845
963.6089824928641,6499.464132875821,6601.879931333257,6125.252561589031,6012.004322910134,5697.863556487802,5691.954952730643,5755.964826766541,5828.837606438179,5709.6807640021225
964.5445977238452,6424.57883876158,6602.793209614583,6127.226684078669,5944.089264307074,5686.121500972893,5761.936454319198,5703.844477079821,5910.612531660654,5821.013041342293
965.4801147670332,6421.998101376398,6614.992831193904,6083.272657206898,5965.1126185431185,5780.979891625396,5735.6852101376135,5829.228574079772,5877.477256534149,5900.12459727804
966.4155336378827,6379.307484239079,6724.775164802854,6226.314654275122,5936.12180260155,5649.877152991566,5808.7922860509025,5715.022487040735,5851.2354582344515,5907.497337640552
967.3508543518401,6423.109441184548,6744.2649132437755,6075.355203034525,5986.692649398543,5756.170009944987,5806.412123672044,5825.129773884085,5816.263518520486,5708.883314672463
968.2860769243597,6422.13048163101,6683.553611835652,6207.072963198513,5940.717321103218,5741.443840720812,5811.485509568093,5778.930931089779,5786.822950114824,5714.808276511282
969.2212013708887,6453.34760014162,6660.946098307941,6161.721138431789,5888.8773979846255,5874.048933829888,5778.158198962587,5792.9866631173245,5840.437748412483,5846.369134074379
970.1562277068697,6488.389490219468,6658.563779990396,6205.425264205017,5857.161601418001,5778.010768966406,5808.6817165413995,5719.637030033356,5801.756018701884,5708.753790571262
971.0911559477389,6437.537094599432,6676.5496716005155,6142.228166817102,5952.598353659217,5752.104332455829,5765.9315063319245,5685.931428905942,5840.993307373587,5831.116754604947
972.0259861089363,6426.619484368885,6686.0700157564,6142.3173695151345,5892.807471514115,5858.015254661384,5866.9618247092285,5720.834513927755,5801.3536443583625,5732.763273991549
972.9607182058862,6447.064624435089,6533.529033611265,6181.708334204756,6003.8102969342335,5736.466319136633,5766.281632645659,5738.454006703901,5716.589443463949,5717.583287247583
973.8953522540288,6428.579945574382,6615.405270936568,6118.5294056116045,5830.341403723125,5693.203664893435,5762.76628603893,5805.497610456877,5937.666590633317,5716.059954698384
974.8298882687886,6476.248491594764,6674.5414643931335,6194.672470221079,5892.275686703564,5727.692519280918,5776.274297616518,5771.316973296559,5691.999784177211,5713.812011185031
975.7643262655838,6579.507165824331,6687.432866512797,6172.557964145806,5886.406335714921,5707.190263929488,5599.264563241022,5638.87032496156,5792.342651628644,5712.140984144555
976.6986662598393,6423.916308184869,6504.782310222197,6128.065081219032,5847.006415601487,5683.302070013724,5719.790388006178,5797.697877773848,5768.1127550772635,5658.647801099904
977.632908266969,6429.97043089734,6650.979081583392,6053.071749816661,5762.011250029226,5590.334887442738,5661.373382306113,5688.99946364187,5794.570560174939,5718.598836501608
978.56705230238,6492.530792244924,6564.7249655631085,6119.692390314027,5939.701437657733,5722.129956424848,5631.14551881837,5704.328653414886,5766.633213949756,5700.37280830156
979.5010983814972,6497.144209308324,6595.076194192843,6049.031187564007,5871.962245197048,5649.389552277686,5676.0982754280085,5655.324824088868,5691.925666924497,5628.616100938545
980.4350465197203,6410.8401912170175,6562.534986957228,6059.860075582804,5862.5576941952095,5672.195597580043,5629.562419692271,5592.878057323724,5736.641099038303,5677.152943846063
981.3688967324524,6400.470058752618,6633.810186553869,6037.055221411095,5972.514334997983,5721.30134634387,5676.619194211715,5564.417345524305,5725.273093200061,5630.944105365513
982.3026490350933,6458.737059670432,6624.064793194764,6175.887202315551,5964.745759501344,5772.52737052426,5696.8351551757705,5828.300581833672,5749.620515879322,5647.0376450780805
983.2363034430382,6505.009719106329,6676.640593732235,6185.696463988362,5780.567771557441,5824.473344136161,5722.69224406731,5709.720143078142,5733.66863721199,5655.8360312769855
984.1698599716873,6474.6353212410495,6614.562605120911,6100.829577161989,5921.922549915594,5647.065385151579,5742.016042070057,5766.003576449461,5704.035779302666,5729.022794281213
985.103318636433,6472.898969385719,6671.742269000995,6193.1194523391,5931.325761388334,5748.469862747151,5630.562780563218,5749.469075308031,5809.421828960878,5761.459626038601
986.0366794526562,6427.618347225244,6582.609144334751,6159.634259319773,6017.6426903549345,5657.664064810272,5744.658899316899,5739.659196184334,5829.6538525705,5760.657949341106
986.9699424357424,6579.521286346833,6674.427833902701,6067.025929545143,5940.150860707298,5682.404657871361,5756.331863335932,5823.265954770071,5835.254150250813,5694.392853352103
987.903107601076,6435.967676562754,6626.55214574469,6224.428894015265,5853.238200111181,5636.710295333798,5753.455755513309,5662.653730929244,5680.614570956862,5701.568884322415
988.8361749640317,6504.585327914913,6612.512077863417,6046.895962392555,5776.0797657625135,5547.235083001335,5662.157085261315,5697.1333468187,5710.124529682872,5733.108930134868
989.7691445399868,6515.834854812962,6570.909530856409,6135.318911240051,5928.03785776744,5718.7540888023395,5670.688916982604,5755.804325413386,5731.771739503518,5653.665835296447
990.7020163443158,6419.928803640451,6492.164289476068,6149.045731756888,5931.336003613432,5744.727665204755,5811.946797857343,5623.331918175454,5802.917362127891,5764.793077936871
991.6347903923779,6578.763506139167,6570.743069069811,6110.570492215516,5903.0416830459335,5854.919060629798,5761.681479698535,5746.643160193494,5803.788774312654,5721.579294351756
992.5674666995475,6420.467624034166,6604.969582931915,6032.411873526401,5863.953563228456,5674.437964143268,5661.402499655927,5721.566181905193,5828.858081916384,5791.757144529337
993.5000452811763,6504.627413697737,6553.737851798075,6183.906185287371,5882.22777981387,5732.891957835294,5792.024934323455,5700.819834994258,5776.991126741719,5649.704889216355
994.4325261526357,6497.859542407519,6583.054369047137,6124.004597271316,5912.520968789442,5800.26425604077,5768.190909541149,5747.142775900774,5748.145067978887,5639.897523542667
995.3649093292734,6424.449152165366,6741.767690843525,6134.157744541815,5962.985914529307,5792.8150893706725,5746.768866092454,5626.648283627536,5846.869351479886,5726.748769014967
996.2971948264458,6535.124617536864,6586.219413718741,6153.416434295787,5942.024238327632,5770.706392306046,5849.853233450521,5670.5205174396215,5816.791894744601,5776.717544798032
997.2293826594944,6418.452693130041,6670.509741387602,6187.400398893943,5864.327277516196,5656.28019006551,5875.329767717915,5760.303733790854,5889.332937065557,5713.293093838054
998.1614728437708,6629.913932987932,6590.937954183812,6149.2101944037895,5942.337691520386,5736.464572708883,5746.4584134278875,5710.48058683947,5820.412834748525,5789.431928519609
999.0934653946132,6382.4262895733045,6651.853290540283,6258.689444684766,6011.21575490769,5684.90972040324,5811.640198635855,5728.816342783043,5856.544698797018,5816.62958754265
1000.02536032737,6430.396635713444,6614.948819642545,6141.09861766242,5979.490759302883,5778.977305412345,5746.057186116885,5767.006352941268,5842.822385258089,5862.773972709883
1000.957157657369,6493.965843176581,6737.2901161702985,6115.0182049076775,5962.4419189730925,5832.801937460047,5792.9127123791095,5840.779782476234,5807.871171784461,5784.934867362922
1001.88885739995,6545.430960406987,6708.566319206121,6110.069726801935,5964.949315600251,5791.805652580311,5903.898659853336,5878.877899301321,5813.823921866084,5869.870425502596
1002.820459570434,6494.739142476895,6675.343660574506,6162.627500864064,6025.167395423104,5696.0658291119,5817.47219961085,5789.378163462333,5952.925588184059,5884.6972146805165
1003.7519641841541,6576.176794104997,6806.796164066719,6258.949276472061,6017.252120180299,5813.823680301401,5872.233826405243,5844.035824837871,5858.134825621557,5860.1489685906545
1004.683371256426,6547.510616219695,6768.451267213857,6315.472489604821,5997.681142284451,5912.936782999019,5847.3607906948155,5780.775936970547,5876.617771876691,5892.759554597726
1005.614680802581,6651.584127025166,6818.201916756327,6208.279825861655,6052.7698887792385,5900.289366055571,5740.740209828157,5809.40693529312,5949.769800581794,5842.730493239352
1006.54589283793,6615.7681849773735,6775.062816679053,6284.072401244128,6067.310718865259,5791.065598066143,5996.737147858186,5850.549036486391,5870.712913916983,5933.2209339518195
1007.477007377787,6636.309826086038,6829.8940689618385,6309.636416233125,5993.045519029993,5866.005859642748,5929.52568933637,5860.964603317858,5915.410171626676,5944.649458311042
1008.40802443746,6631.49157832458,6839.700095951333,6306.605823766891,6100.408982638946,5882.142082518147,5872.083700024101,5871.077861774696,5967.638333717538,5919.358097746117
1009.338944032261,6678.454576413571,6765.9189070093835,6313.517197031044,6177.796684037543,5813.864641788301,5922.441052183102,5913.393017983535,6010.9107199122,5896.302286717687
1010.269766177491,6583.252349727623,6842.79989041065,6324.710807264299,6047.055298626642,5883.077588815272,5949.473471315581,5927.341510482145,6026.9353342326085,5970.599433929316
1011.200490888452,6617.92344688327,6826.899927367818,6289.388306890735,6261.256857594738,5937.745190690774,5922.674771425061,5941.7639691616305,5998.026867753624,6037.209957844477
1012.131118180441,6602.374655332816,6801.592909181627,6374.984123161951,6204.94430043241,5804.495487140356,5970.5106986810315,5972.523004275464,5980.572226653194,5990.633754625356
1013.061648068757,6679.536444266186,6910.456408900388,6377.021206754131,6098.707188243039,6087.614962867597,5910.1393568605245,6029.128683615267,6151.143162745128,5929.298655236288
1013.9920805686819,6708.884335882054,6902.351712344858,6346.133005014295,6113.3675677074825,5921.915476416166,5991.442814832486,5976.32817604633,6128.48220649364,6049.886084805625
1014.9224156955099,6680.98135093497,6834.173260022632,6397.777887424225,6130.699888027971,5985.570710997554,5989.602077026177,5960.374673318662,6105.50385034908,6025.884371283781
1015.8526534645239,6824.389837783932,6952.713425198584,6359.595741636374,6199.94907382917,6077.6880181033985,6079.708861999692,6101.938144858923,6129.219537458889,6051.41704745158
1016.7827938910119,6710.9850051332405,7035.221336657589,6382.708345490209,6249.377517573655,5964.53438520647,6082.713982677961,6041.300619461455,6056.451849906519,6079.683736588949
1017.712836990242,6774.668631025456,6941.4825877661215,6509.7882875948235,6189.303291917302,6035.6322529804465,6073.039019037445,6073.039019037445,6132.687645993197,5970.928657638612
1018.6427827775011,6683.094736280617,6885.49009473854,6502.962867253066,6181.1542473049685,6086.028428829744,5937.267840363172,6059.7170322302145,6181.1542473049685,6081.980521660586
1019.572631268045,6790.535047459058,6965.455024113378,6369.918224983929,6234.431075436652,6124.22137916312,6070.633178222779,6037.266939901435,6197.020444591508,6148.487734305916
1020.50238247716,6789.157844928281,7003.626845542913,6442.1631882734755,6302.556008628102,6158.902244065471,5996.027201145868,6139.680965708499,6176.100229963814,6180.146814881071
1021.432036420101,6813.209284868514,6951.492199242883,6421.575921530887,6327.705038050477,6021.867643485268,6051.13920930174,6116.747891304178,6169.234836906127,6229.796697216069
1022.361593112135,6852.32901855648,7068.1980616848605,6480.106229236983,6292.481733807644,6167.3987368547505,6098.8048352999385,6061.481682983349,6140.162923002104,6205.730623017734
1023.291052568522,6805.8608834860925,7026.482098742593,6500.2296586812145,6413.195601286448,6206.742720954677,6128.816878868665,6081.251754478502,6347.414046278776,6252.28379749845
1024.220414804513,7018.702309006022,7114.987755844371,6595.046342917282,6393.353670066424,6244.364610221819,6264.63523060884,6185.579811099458,6345.717712156925,6329.501215847307
1025.149679835362,6870.276312548609,7008.148170082416,6532.693014322449,6376.573410938579,6252.894244621488,6143.407769521111,6250.866717304813,6301.554900221655,6199.164770729636
1026.078847676323,6880.632395565272,7090.828810246798,6572.953585669128,6470.393982370413,6220.595344632949,6243.950501819785,6233.796085651595,6420.6373431462835,6388.143211408077
1027.0079183426421,7005.695290793354,7036.20347176647,6693.494905501793,6445.361700253778,6226.719736613109,6308.074885874753,6306.041007143212,6357.90491479751,6395.53167133102
1027.93689184956,6927.815062392234,7151.194706790048,6640.467610735044,6416.072604317239,6226.199906579097,6361.2430552377755,6356.166245137825,6430.2876725971,6329.766832618084
1028.865768212316,7018.969353451828,7048.422415418274,6619.829582665174,6453.267439130794,6279.59593581141,6362.8770075786,6355.767647793596,6351.705156487879,6432.954982602211
1029.794547446149,6925.665142831711,7248.049261815214,6601.247054643265,6439.546502850279,6296.151673901781,6341.915981013003,6342.932965615475,6448.699364272523,6382.595365111868
1030.7232295662911,7073.482891412111,7235.634532088946,6819.547303182351,6573.770288068406,6357.568100499293,6378.98435492831,6458.5304428075115,6454.451156249604,6446.292583133788
1031.6518145879782,7035.492741822383,7138.282379739939,6751.549088564978,6561.235600539405,6437.073859688497,6489.995257428228,6473.711750431387,6502.207887675859,6442.162455625009
1032.580302526432,7164.703718873618,7265.557645813542,6710.351684376585,6503.550197823002,6322.2168746380885,6420.014621973773,6330.366686916062,6522.90600198319,6520.868548913697
1033.508693396878,7058.374402039259,7353.281182751901,6783.876395078357,6608.360940813393,6401.211887233233,6391.007500357363,6496.112685178823,6452.233821612583,6516.521458930563
1034.4369872145398,7099.921750983478,7313.80549330259,6739.374871074117,6591.693239472826,6411.419799518146,6395.123895341451,6563.1754071636105,6472.529440180749,6546.879502986916
1035.365183994629,7176.290746623563,7288.118481731736,6891.6383299845775,6644.600696972887,6436.1944633622015,6462.626473478678,6418.9119952091205,6602.91945025075,6604.952681798171
1036.293283752366,7234.488448120236,7375.882415258694,6772.669303653618,6608.896435241447,6482.76080988052,6490.8985921618705,6538.708063064802,6681.119252988429,6581.43142004189
1037.221286502961,7242.1828468433,7420.536632123003,6886.494440771204,6611.320029196803,6501.250264567043,6542.016844059547,6508.384415978231,6513.480238414794,6596.032561887114
1038.149192261626,7141.226224725824,7342.961535397206,6741.831064204705,6686.8123431125105,6593.076744214697,6460.624267511264,6512.586392987227,6724.510355712718,6637.906813252782
1039.077001043559,7194.497509128959,7385.492829147005,6930.985249424917,6689.943027370057,6545.930513345755,6583.721031210288,6551.037340084205,6832.934176046669,6631.725202551722
1040.004712863967,7261.786568778344,7468.7100963412195,6930.9137994575085,6708.624663412241,6623.601629809673,6534.481100611801,6715.795280704024,6778.282088532416,6732.185263085242
1040.932327738043,7371.654374823292,7451.580569045729,6921.813358622649,6852.134112377446,6547.799757453549,6507.83666034233,6612.355529710133,6754.788106593708,6810.12162567078
1041.859845680989,7325.502439326758,7364.456972309464,6897.002576516992,6751.435637476354,6694.028957291313,6642.772992840384,6592.542147678474,6848.821969933118,6710.43086591561
1042.7872667079969,7296.859580992443,7517.447996334594,6934.684182779517,6864.916683973627,6570.456799307593,6728.459664250343,6694.6019074768965,6807.461096721718,6798.227163056233
1043.714590834254,7339.824379341742,7543.822291560878,6846.743998550768,6960.531778733301,6602.76659599723,6691.951612897053,6674.5246555717995,6806.764508216364,6813.940314173822
1044.641818074946,7335.20910468763,7507.272094018476,7090.429018675295,6782.149496124195,6528.151749969136,6617.255798015467,6547.611254714887,6817.995952234788,6758.593253537234
1045.568948445252,7405.838629893391,7473.612527504728,7074.157282492453,6892.400011625685,6555.58427804207,6652.1107382763985,6689.078318791673,6798.954183100963,6721.938390360807
1046.495981960361,7310.781489422682,7466.788619338763,7036.7426493727235,6744.22928078007,6690.858420545622,6677.51570548701,6699.069322120153,6827.364659222193,6718.570213359662
1047.422918635442,7348.380032483685,7388.445294788573,6915.88066247451,6809.039962994809,6585.085419854666,6733.018696057329,6676.516403063256,6848.077910881622,6772.056643944143
1048.3497584856739,7325.122813287245,7481.37017051706,7054.773767554078,6838.905708223413,6661.071545060531,6736.111394256429,6707.328986345674,6839.933651363082,6803.9556414746385
1049.276501526223,7440.5165556976535,7541.216821193907,7002.778666907819,6820.90165677683,6754.110664355846,6757.1933255445065,6641.07975410495,6962.704071455228,6852.755822392992
1050.2031477722592,7402.8374259375105,7549.641718256061,7068.164703588928,6720.146136484114,6653.416912702955,6759.157067310022,6770.44970518068,6928.546635369888,6729.385567469198
1051.1296972389391,7434.762120061878,7538.493432967838,7060.918576519603,6775.400705352701,6714.805185932388,6717.886314038506,6767.184363736387,6909.943299319839,6882.213146364779
1052.056149941433,7447.080204251522,7498.368635410279,6934.195892663952,6888.0363046210705,6683.908348609218,6697.2433407104945,6739.299854260676,6845.97979107089,6798.794434404834
1052.982505894895,7441.908238716808,7537.212213682474,7069.915304173404,6824.9943362508875,6630.287290622108,6765.557448637892,6639.510255941366,6860.861423603557,6886.480771712607
1053.908765114476,7544.091080037235,7637.570422123753,6917.471314402334,6871.245266117792,6633.951551590478,6856.863828873713,6818.855744728645,6977.051554413521,6851.727601286541
1054.834927615335,7557.440557429189,7491.750458872151,7116.085207749092,6902.59238743872,6635.726362050755,6774.2914136945055,6692.178790498208,6940.569475667007,6872.826561530062
1055.760993412609,7628.639686688916,7588.543062998772,7131.030305508669,6914.097290159429,6656.039532563887,6694.079919141716,6719.782883045655,6809.22919743136,6811.285434543675
1056.6869625214529,7572.74757180646,7607.754154735273,6956.013949031196,7009.553428804675,6702.731025487431,6760.388926781947,6827.313276498795,6921.007366102383,6923.0665768629015
1057.612834957006,7519.053379557497,7578.818364621816,7030.629191273236,6888.4297440512355,6761.686758483801,6642.156788355163,6742.108573721352,6835.877774425714,6892.55146715912
1058.538610734406,7598.350222534685,7605.549525669192,7010.06430925777,6976.124737337948,6810.540765244272,6765.28800268451,6703.579690103014,6916.4733685091705,6859.907415309467
1059.464289868785,7582.537473440142,7546.503690470638,7079.094048523342,6835.09386098698,6682.722435858786,6789.79424811103,6805.237297955104,6989.524359427715,6903.0432803009035
1060.3898723752789,7487.981413589961,7542.368561036895,7047.753371047808,6895.879827233732,6701.933207092783,6667.043338919279,6789.157877526543,6762.477390099746,6908.193898353792
1061.315358269014,7465.306997941798,7520.696744835018,6982.185316706487,6851.916837902062,6708.313790401121,6715.493942776167,6730.87998357984,7022.189022796036,6788.321202580217
1062.24074756512,7510.282820493968,7594.288166460481,7057.473516625691,6897.658468201595,6754.234706795353,6762.430350304281,6813.653122235081,6946.832329255163,6835.166686446018
1063.16604027872,7487.735283213628,7547.064333271877,6936.384283534373,6830.001159291994,6724.64094970579,6732.824266955205,6805.4512075437515,6917.971819723191,6784.992914420217
1064.0912364249311,7513.492801999781,7491.003435789713,7089.261575764418,6996.23737916823,6742.720887345653,6630.274056295316,6728.409472484701,6784.63288800987,6783.61064409123
1065.016336018867,7533.6849639602715,7528.571834488329,6991.693239934352,6840.344607564851,6731.946262759667,6780.009679795928,6790.235938739813,6917.04154964399,6792.28119052859
1065.941339075645,7479.1662275764065,7519.974664229395,6844.59503762244,6815.008921049024,6618.108214198356,6547.713660971951,6680.341080094163,6803.786600969453,6790.523859057231
1066.866245610378,7595.128777879805,7424.18720026445,6996.321455095481,6817.191059390769,6533.653233046738,6652.391095342433,6642.155072730735,6983.014625700273,6806.955036779071
1067.791055638165,7511.390608743444,7351.421061308089,6965.853434156207,6860.232515016197,6661.296026538896,6711.542871566668,6605.921952426657,6830.494586326291,6660.270580722003
1068.71576917412,7462.959088869542,7519.395600609928,6967.343903949428,6872.941011583692,6739.545620197326,6676.952398085262,6694.396410805018,6794.956013542432,6748.780685754844
1069.640386233335,7366.0321899856535,7463.249897411139,6919.854080117115,6783.749289721436,6568.846989096681,6610.804104932943,6546.333414745516,6834.916504155902,6735.652108153039
1070.56490683091,7561.656112806995,7499.086793371126,6994.429331691657,6818.00436541347,6664.14538319412,6687.737093801086,6644.656578779668,6744.152053948182,6776.97530348831
1071.489330981938,7513.807740598288,7397.060557495084,6951.577885127596,6730.372696089948,6643.324357811243,6551.155529045556,6680.191889317518,6830.734309634807,6818.445132466049
1072.413658701516,7403.275910986516,7497.532952753851,7023.174144729112,6718.887825110652,6581.600394710404,6584.673993898469,6606.189188214926,6789.580606436153,6782.408874997334
1073.337890004728,7387.180906931938,7488.72643731048,6908.173203025076,6790.216273797477,6583.0223633281275,6630.205135019168,6627.1279977349695,6763.547750667759,6763.547750667759
1074.26202490666,7409.186683128573,7388.608467094332,6853.574850204059,6731.134464800323,6692.035854335265,6649.85051146507,6627.214473827405,6673.515459904447,6643.677046654798
1075.186063422392,7481.327757506677,7404.26422477587,6867.902036969458,6849.406789114065,6589.445805368811,6620.271218461135,6586.36326405958,6755.903036067353,6689.114641033988
1076.110005567003,7423.942109413736,7499.895616408982,6885.082769244759,6779.3636986973215,6529.9488041048235,6679.803020608958,6652.090254543125,6697.251799243001,6581.268741263774
1077.033851355569,7369.3660937347,7398.0925660477415,6838.952301383199,6776.3696295583595,6630.685377113653,6585.543777764589,6607.08863199937,6679.9307582217225,6632.737267993156
1077.957600803165,7473.848632282794,7447.189273737129,6955.016500586389,6701.752594402571,6589.98836049959,6667.915716248458,6569.48116161831,6746.868431941389,6642.281717646857
1078.881253924857,7456.942087835989,7426.208709262684,6900.667935659187,6760.318840174432,6457.082838251165,6697.82763707538,6632.263096118998,6744.95215088778,6738.805475173119
1079.804810735714,7339.158454319029,7488.979082720955,6919.455461056098,6708.064711393106,6584.924468870975,6661.887120447307,6498.726299105483,6626.997385066036,6680.358156825627
1080.728271250795,7310.430022180539,7321.724225866492,6850.447908425359,6730.318651038404,6578.360274172853,6576.306782593589,6535.2369510083045,6680.008107346431,6634.831292602618
1081.651635485159,7443.049628256335,7356.884224621615,6812.195780216417,6710.643697361211,6448.044371998253,6453.173265071749,6502.410638577303,6548.570676238761,6580.369813294431
1082.574903453871,7331.8941415357895,7324.710034734173,6793.086131414529,6670.9563157870425,6512.905966151473,6488.274742831643,6510.853364208154,6588.852238054279,6693.534937163553
1083.498075171978,7437.686082303986,7311.414807200688,6910.015875774759,6585.611624289864,6461.393540651661,6464.473327849303,6417.249924152135,6615.382900533731,6509.643540081377
1084.421150654529,7405.61893907609,7321.569007864431,6891.069360194956,6779.344451633116,6484.14469323119,6542.569645414905,6383.694775441646,6555.8946345094355,6568.194624442849
1085.344129916575,7291.067491417101,7401.849045873074,6828.451926050035,6677.665921373851,6446.871016257243,6418.149872509399,6511.493589689893,6661.253839232226,6556.626815579363
1086.26701297316,7316.461078082175,7396.568316163367,6916.951903549052,6604.7390782069715,6544.1451417096605,6495.875395686378,6499.983459177721,6659.1709194672685,6582.144729004584
1087.189799839322,7265.005110469569,7320.3614355669815,6811.903338375941,6629.4324889807685,6470.539333608568,6508.4686674716095,6413.132774248289,6585.352452329126,6480.790504922904
1088.1124905300999,7377.621261186798,7344.8090470995185,6901.844156921242,6674.209421690739,6498.869152661839,6457.853885052738,6473.234610406151,6630.118009010957,6511.173732944568
1089.035085060532,7323.576461777892,7443.483884955616,6916.711102790232,6680.995655517783,6418.634114205841,6453.479006411333,6445.280208245335,6604.13192271155,6507.796044261071
1089.957583445645,7337.426029359439,7372.219960321533,6772.53632668072,6525.908757214106,6460.4142989325155,6316.121820530886,6441.993982540818,6659.967726509237,6454.274193468616
1090.879985700471,7282.9932230358345,7230.957266973236,6845.279004391624,6564.692966799182,6515.7179493285,6583.058598350686,6456.539803218095,6676.927381836158,6396.341344243716
1091.8022918400281,7395.692538034604,7384.44511401713,6762.7693137786355,6672.789921638853,6412.054183051984,6311.849859987226,6479.538727156821,6569.518119296603,6505.101054469259
1092.724501879351,7355.235019330029,7275.34247908386,6745.798334118866,6653.6146338348235,6384.233376338125,6328.9231561677,6384.233376338125,6622.886733740143,6452.8590198829115
1093.646615833448,7285.310001052337,7339.746971312561,6813.865296345863,6581.737838255093,6418.426927474418,6452.321644806257,6449.240306866999,6438.969180402805,6500.595939187965
1094.568633717343,7355.1884960959605,7318.186429877479,6873.133800082964,6571.978094471433,6405.468796488265,6469.194577197873,6419.858488906564,6521.614171007388,6449.665708915896
1095.490555546043,7300.896800245776,7386.2813901316995,6868.83020082303,6714.520701029192,6410.01662143602,6453.223281378294,6374.011071484124,6531.406761273838,6378.125991478626
1096.412381334558,7150.768540319482,7400.500755797727,6822.930775967381,6579.3647880318085,6413.90434897009,6461.1787601305805,6337.854209277126,6513.591694243299,6389.239438799399
1097.3341110978909,7237.0877684489715,7335.691291834027,6763.585432193652,6518.103743766274,6389.71373935865,6347.60181791295,6330.140777313512,6494.479982955271,6421.554460451741
1098.255744851056,7181.914977636642,7351.154619354729,6793.176649084187,6456.748755244596,6326.485515861584,6226.993120427314,6310.0743990889205,6363.410528600076,6341.870937835955
1099.1772826090491,7112.231812662043,7273.989783930303,6782.573162355842,6599.3157138936995,6214.372693660372,6379.202018813472,6307.537094833863,6409.915557661876,6345.417126080228
1100.098724386862,7216.714204167732,7216.714204167732,6666.06174719627,6502.602761824407,6358.554530965453,6318.711403281061,6244.13324120515,6432.111074382791,6300.322267426727
1101.020070199495,7056.247929514483,7212.373154852982,6682.77190027337,6501.136017199823,6319.500134126276,6227.6617662801,6312.357149960462,6419.501912447667,6284.8056396066095
1101.941320061935,7227.650334301006,7226.630200167725,6729.824877259526,6479.892014605503,6301.368541281202,6242.200761550862,6261.583310083215,6337.073235946063,6212.616871685692
1102.862473989171,7134.068620990473,7217.615268651316,6692.901566878952,6529.883717784625,6222.187527619083,6307.771898393605,6154.942664867674,6322.035960189359,6293.507836597852
1103.783531996192,7190.9212199545,7241.913428293419,6754.427916573344,6550.459083217665,6263.882872352934,6243.485989017366,6263.882872352934,6188.414404011332,6231.247859016025
1104.704494097972,7108.048395577398,7220.517515760585,6711.339135294886,6524.231417171947,6233.856597789902,6301.3380698998135,6255.32797527942,6391.313366046363,6316.674768106612
1105.625360309496,7195.1841496141415,7126.736423073726,6656.796808020125,6544.419943550786,6256.3265273657535,6153.144133625724,6332.947116776667,6390.157156870148,6260.412958801002
1106.546130645733,7077.148875690835,7241.875616762949,6640.928061370236,6395.871613232091,6272.834973295511,6286.0537858506805,6142.680511213841,6316.558737901072,6239.279526040081
1107.4668051216581,6958.94673055579,7087.985456615154,6590.11950567745,6425.518925979679,6255.8380814764205,6182.682268277411,6079.04486624548,6287.335723270438,6253.805975554225
1108.387383752244,7000.628962351281,7119.35248584673,6523.705406429393,6437.453273975435,6204.065150864724,6227.403963175795,6145.210754602023,6250.742775486866,6097.518399009834
1109.307866552452,7002.648024523374,7109.31827587619,6606.444233784347,6525.171661325059,6164.52462103697,6166.556435348452,6158.429178102523,6274.242593857009,6203.1290929551315
1110.228253537247,7052.879758662815,7067.0951800019,6553.309237317853,6448.724351751734,6141.062018484409,6185.739056978674,6205.031414510288,6149.1851163924575,6093.338818274627
1111.1485447215891,7060.095290620018,7125.249738867989,6625.3929562155845,6468.615065118904,6213.087463396391,6152.005168163918,6212.069425142517,6256.863108312997,6203.92511911152
1112.0687401204339,7188.884183764781,7091.062372050901,6619.2759259725035,6387.968100357393,6247.349246018692,6222.893793090221,6191.305499724282,6219.836861474163,6209.647089420634
1112.98883974873,7053.499038476576,7215.61328350661,6628.33149019026,6497.824425008849,6192.968077436647,6274.534993175029,6253.123677793704,6249.0453320067845,6201.124769010485
1113.908843621441,7136.0156390155935,7257.120296893924,6642.437831696347,6547.793015035129,6158.019200183023,6202.797393011986,6177.35523799553,6362.57412651533,6193.638217206061
1114.828751753503,7255.613269004927,7181.201950005579,6638.916721133618,6564.505402134269,6243.415463986397,6159.830146754253,6347.3874439580895,6317.826782985746,6210.796803603122
1115.748564159861,7095.220605065839,7192.135911677091,6667.773094854108,6471.902159387158,6147.490922520021,6311.736863198037,6218.90220107568,6387.228786242591,6349.482824720314
1116.668280855462,7183.2137070399585,7204.6287393863295,6764.090931118121,6512.209360186993,6323.553122849912,6347.007682086414,6223.616305233513,6283.782348492366,6169.568842645052
1117.587901855233,7212.381462040508,7324.61260659058,6760.396034443402,6554.2988417241795,6282.903528539461,6268.619564687633,6196.179462296223,6226.787956264425,6207.402576751231
1118.507427174121,7183.283931875862,7252.73698283101,6686.898891225831,6473.43289637839,6277.330164269735,6333.505426071693,6210.9412185037845,6342.6977416392865,6307.971216161713
1119.4268568270531,7047.136808062314,7195.1859006686645,6729.597030127313,6641.788602788373,6298.723119231587,6317.101627279272,6207.851607218034,6314.038542604658,6269.113300710317
1120.346190828957,7161.149571034495,7387.172715164547,6768.421573994043,6571.0348463148575,6271.37520273972,6383.875410225267,6372.625389476712,6483.080138644339,6285.693410965154
1121.265429194758,7193.4842843827055,7394.185055875803,6688.660405065883,6697.876256818117,6341.529989065067,6252.443422126804,6305.6905655841565,6425.4966383632,6174.6206739968275
1122.184571939382,7204.461553068133,7275.163849635008,7007.724727838567,6629.621141850494,6515.88266476465,6338.614587865093,6348.861297512466,6455.427077845148,6243.320188144522
1123.1036190777381,7208.0052664174455,7271.475842545535,6865.059411531797,6669.529088298488,6374.698024993812,6409.504469967281,6391.077528510738,6425.883973484207,6319.417200624185
1124.022570624758,7222.595888634838,7390.515611591475,6978.907510197769,6590.8491260479805,6393.236281349012,6311.324221370165,6362.519258856944,6399.379685847425,6346.136846861175
1124.941426595346,7233.327585279242,7334.47157270052,6841.011512857317,6565.164274435651,6407.829182891442,6434.392250295009,6349.594765891312,6582.53243389183,6396.590962066855
1125.860187004411,7299.909132102269,7295.829261132811,6985.759067454022,6627.750389884105,6471.695325302347,6304.420615554579,6386.018034943734,6425.796776895947,6432.936551092498
1126.7788518668601,7246.092441685124,7327.715561276058,6914.498518346957,6701.2581184156425,6517.6060993360425,6439.043846729769,6372.725062062135,6519.646677325816,6423.739511806469
1127.697421197598,7379.3141897527485,7331.456073715991,6903.787802749225,6654.314644685278,6405.8597444093475,6378.3667841329125,6488.338625238653,6481.210820722539,6427.243157957686
1128.6158950115312,7367.53001194605,7451.945388946537,6827.475009689928,6643.388464664771,6429.807390326191,6460.31897237456,6377.937700843965,6476.5918161336895,6469.472446989071
1129.534273323548,7321.754828600195,7421.495164046792,6885.1364213900915,6720.259540345716,6485.157321078737,6463.784392054467,6537.063005851966,6609.3238611245015,6392.541295306898
1130.45255614855,7405.035617710425,7557.863815654367,7037.2290879920065,6768.25145961067,6496.2172672704555,6547.1599999184355,6431.010569481041,6606.253569790093,6560.40511040691
1131.370743501426,7359.495427635478,7508.08985889461,7058.235484808746,6825.166137148875,6654.180764193163,6504.568562856914,6521.8706541679085,6597.185639874591,6507.621873088266
1132.288835397063,7430.4561718457135,7641.147702664739,6975.321554299761,6752.3567304233175,6596.895018362678,6671.557551128642,6617.350506791709,6658.261483649772,6452.683824938005
1133.2068318503439,7424.148032956876,7642.294471226956,7021.652491923347,6891.583958306914,6650.905963032412,6626.326082663952,6509.571650913767,6777.902011602787,6545.417309784439
1134.12473287616,7477.078586263608,7584.7879087437395,7050.344508628039,6845.1838943801695,6708.752085905336,6672.848978411958,6506.668880871184,6777.480891678372,6746.706799541192
1135.042538489382,7442.74935828754,7589.6524857181985,7043.131759892254,6911.638051422853,6736.997969861931,6714.397488718753,6566.467066690678,6755.48927261544,6591.12213702869
1135.960248704891,7684.00467497417,7793.099839124619,7122.061659633171,7040.754886351231,6647.600615544891,6690.827001340353,6643.483816897705,6759.783378680732,6740.228585106594
1136.877863537557,7511.429094257873,7766.2279474073675,7141.55979129893,6953.542895628134,6748.059949539832,6640.181402843474,6622.7153524259675,6726.48424020056,6693.6069688264315
1137.795383002245,7544.865266135293,7736.0827262117555,7209.720685571168,7027.755683240341,6710.087967306861,6715.228221609992,6795.416188738831,6781.023476690065,6769.7149172231775
1138.712807113829,7564.45560752809,7708.110488843056,7152.9869831902215,7032.932546662714,6787.693142132164,6755.88384698385,6686.108618916581,6815.39801210005,6767.171016230026
1139.630135887172,7597.987667735717,7727.114515069774,7257.748673172963,6972.849756039091,6834.499562466886,6807.854340001129,6812.978421244544,6909.311148620745,6662.330432688143
1140.547369337131,7613.1312474026745,7807.709527871669,7198.372281139817,6971.022921854991,6808.191623988832,6754.938620913107,6697.589232985403,6867.589204342526,6637.167556418715
1141.464507478566,7690.975996981462,7892.884615239104,7162.118905504592,7064.751805329587,6781.874756400098,6769.575754272729,6847.469434412733,6922.288364020895,6686.557489912988
1142.381550326332,7640.207208126426,7817.695572166425,7202.12899168088,7093.3788957951,6813.296101674177,6864.5933167146395,6766.102663836952,6904.6051444462,6784.5696612515185
1143.298497895274,7636.485340753293,7835.581988529954,7319.367484243043,7016.617427056883,6854.466548970736,6848.308920688983,6965.303858042279,6868.834348294825,6848.308920688983
1144.215350200248,7657.310529029289,7839.138267644554,7309.0641821898835,7153.945602919234,6889.935835551307,6860.144850128467,6850.899371893793,7014.236154039709,6851.926647253201
1145.132107256097,7744.557297339749,7897.863931762976,7324.764633952661,7180.718131810032,6964.648378596089,6860.7291163360505,6850.440080468719,7094.290230524455,6861.758019922783
1146.048769077661,7703.891577586511,7941.710494387591,7481.515447590696,7280.759219122251,6964.696849174495,6916.309450517998,6891.600991629574,7069.707799450296,6886.4533960278195
1146.965335679779,7837.604180630918,7986.627601322169,7404.922386761836,7365.867973063439,7028.766717982539,7017.461492964582,6976.351583808375,7125.375004499627,6980.462574723996
1147.881807077283,7692.051309881109,7971.986813799715,7484.158031235674,7138.3553499244545,7017.941916253583,6903.70353046327,6992.212550084593,7145.559572451771,6916.053626224385
1148.798183285016,7803.172947570442,8024.1823249551935,7529.738089968843,7184.34669089314,7075.3839280894945,7018.846645502698,7041.461558537417,7201.821850965422,6897.548475589207
1149.714464317804,7840.151755501011,8064.126736853288,7600.765651578625,7391.174384625118,7127.130484590554,7095.280831278992,7003.841504029668,7163.0897705874795,7042.8830145406155
1150.630650190466,7763.214474044396,8178.84376738046,7418.571371896918,7304.376194767455,7207.670369090252,7007.057220079033,7086.273694303976,7085.244908924431,7070.841913610805
1151.546740917835,7836.088685564763,8199.480607005167,7548.875240573621,7313.13373912928,7243.1318959056325,7223.572557357848,6978.566106075083,7243.1318959056325,7132.981936715481
1152.462736514724,7790.079074516502,7999.39556056903,7571.482547210413,7397.223994782446,7308.548045026203,7212.65428540608,7122.947219954996,7316.796970584924,7051.8002370110335
1153.378636995953,7907.01365401994,8118.624332750239,7537.469151651907,7339.277686694749,7261.859145695859,7272.181617829045,7059.538691885427,7150.376446657458,7199.924312896747
1154.294442376337,7773.889583271491,8181.683259950407,7740.853133515224,7345.448125494908,7368.160684702341,7287.6343384214415,7165.812429945208,7325.832733452125,7150.326594121958
1155.21015267069,7890.7039772546905,8234.988122049343,7665.991571370755,7372.216178357354,7290.783700995745,7310.368727196638,7203.166478518064,7248.521276035922,7136.165073093955
1156.1257678938161,8012.415785870754,8123.828288107658,7691.589043318185,7460.5112609009,7217.054311568404,7405.836607025382,7239.749450912958,7309.898063432492,7350.130355906929
1157.0412880605181,7881.681137137245,8304.595581087811,7680.538901599782,7619.680481616651,7193.6715417347405,7176.1360647904485,7238.02598341736,7398.939771847332,7271.03394001838
1157.956713185602,7943.318411582654,8296.906189372745,7777.897228990799,7611.442164007744,7421.207804027111,7207.194149048898,7333.327800775188,7418.106156853513,7286.803093171228
1158.872043283867,8061.7088551083125,8336.163229029651,7783.1117736560855,7597.725611648841,7496.229277142082,7418.553510937929,7280.808485535898,7360.555605505495,7283.9155161840645
1159.78727837011,8038.828709925084,8302.158925597121,7858.437144858413,7530.829474967219,7525.645809304383,7307.931851465298,7448.9275574944195,7471.735686410895,7337.997112309743
1160.7024184591169,8161.949532695725,8414.734867445286,7836.345377236413,7546.110363264694,7502.419070838844,7458.727778412994,7359.902236021189,7484.734500095047,7315.170674728058
1161.617463565686,7983.640878888169,8480.798296828312,7849.470780741142,7615.453167694003,7436.559703497968,7355.433597641627,7346.072893119742,7502.084635151167,7366.874458723932
1162.532413704597,8139.394470765374,8409.599088027759,7944.015747514111,7687.321361114846,7547.022809843992,7484.667898168057,7374.507554207239,7602.1029818244015,7401.528015933477
1163.447268890635,8224.563929598778,8540.413782377711,7885.856521684529,7718.58077728516,7446.368075219107,7398.575005390715,7407.925823400618,7514.940740625058,7445.329095440228
1164.362029138585,8231.065800475646,8475.6662636916,8067.651873986688,7862.603826099269,7669.0051615964285,7657.555778211851,7429.60896355528,7628.411893232929,7527.4491488416625
1165.27669446322,8225.048178306344,8600.61640400437,8019.057849530141,7836.995690258245,7568.5840497316785,7662.216017357225,7454.144978189343,7617.48074393613,7525.929486702263
1166.191264879315,8153.0156021337025,8635.79424694607,8065.427251886967,7789.106861227619,7658.767054312833,7652.510743580924,7548.238898049095,7763.038899844662,7585.776762440553
1167.105740401639,8203.234199048948,8598.985950759685,8039.2948190526795,7974.5544269522425,7608.040271673961,7689.487861735802,7579.846875114094,7698.885660589091,7652.940866195232
1168.020121044967,8357.883325289375,8777.241585229445,8164.41380387064,7894.602255081268,7738.780856749421,7610.149769535884,7639.431643047908,7645.706330229057,7542.173991740112
1168.934406824053,8381.324835640917,8675.919576218099,8126.4272586876095,7935.254075972629,7572.756292354606,7600.96217177157,7462.022099088005,7861.083059728019,7610.364131577225
1169.848597753673,8293.536198450343,8704.975793286585,8103.480344998069,7943.7081165464315,7666.978439816472,7675.3325432649235,7586.570194125125,7647.1374441264,7695.173538954996
1170.7626938485769,8421.656865765695,8695.00598603708,8136.831255711925,7950.077467434911,7735.154113328403,7708.0278647518535,7549.443642304333,7815.489541805107,7727.8508925577935
1171.676695123522,8284.137243196239,8758.73840734309,8224.681712742677,7924.2748220299445,7853.345417278328,7780.329853563428,7725.0466410364315,7851.2592583150445,7742.778992224336
1172.59060159326,8297.304421214734,8670.991046299006,8148.038534658727,7926.749248295974,7844.287674604193,7664.751083781583,7574.9827883702765,8044.700613196876,7823.4113268341225
1173.504413272542,8435.914946774697,8736.039849430497,8167.161985163058,8054.22299740408,7958.015711535322,7786.515767160579,7698.674332236931,7807.430394523353,7766.6468711659445
1174.418130176116,8320.208344725095,8868.471570660198,8226.040996759142,8106.762356002268,7851.464212627906,7746.83382599907,7764.620991725972,7930.983306465822,7680.916682422902
1175.3317523187288,8436.601637949123,8926.150962616399,8295.083096557084,8106.3917080343645,7878.913756315309,7971.162879593082,7768.843779677056,7785.616347545742,7780.374920086778
1176.2452797151159,8403.919548590424,8780.041963691732,8292.553693839756,8041.4552100151395,7861.798972634347,7802.964181445314,7825.027228141202,7915.380657467214,7794.559211275453
1177.158712380013,8438.695494435962,8884.219948382028,8415.578659561403,8038.353945017447,7960.5973186211995,7894.399109662232,7791.424117948283,7915.4144140936505,7852.368500799395
1178.072050328159,8429.588294330397,8909.867791962735,8295.06799740055,8015.518005343216,7873.641129675019,7967.174773634053,7911.474963186539,7975.582292192168,7854.72421291926
1178.985293574282,8594.014367017931,8928.150149963487,8325.0245543322,8145.347765389778,7979.3306153728045,7893.169815996906,7803.856792253597,8014.005083414324,7994.040995754055
1179.898442133115,8569.605942993716,8875.063479668284,8410.054239988443,8011.174982475262,7937.697224512308,7934.5481777424675,7855.822008496444,7969.187692210717,7993.330384112831
1180.811496019382,8505.612672104706,8936.767927190429,8511.906909405228,8200.342163029414,7922.346682256381,7948.572671008555,7834.227360049081,8042.986230516377,7782.824422094822
1181.724455247804,8526.401687669539,9040.06565530172,8461.2745588491,8219.6739196765,8060.007410310259,7951.812341463399,8004.334219544399,8073.66309861132,7994.880281489819
1182.637319833098,8623.339130831302,8905.20946709948,8591.786481249044,8231.03452102522,8083.788822974679,7908.145740300105,7957.578224645644,8025.942298740538,7950.215939743117
1183.550089789984,8602.082472237207,9019.127606787395,8485.183457249655,8240.85398448288,8104.998372470317,8072.350899816136,7858.562611145207,8123.954969495326,7964.930183341087
1184.462765133172,8619.217690156382,9094.19294861467,8491.50212065982,8373.286056332425,8287.790509809933,8086.189900108749,8009.1383581810705,8245.570486835863,8083.023398385693
1185.3753458773751,8760.270816064161,9078.154060866489,8517.369997776666,8286.086175146402,8161.467494459775,8090.709430002114,8067.4754386876575,8094.933792059288,8113.94342131657
1186.287832037298,8651.973853802017,9227.22403683509,8563.311440270314,8370.15403936196,8198.106736913536,8128.4434119957705,8178.052143376604,8153.7755301476855,7934.230506164421
1187.200223627649,8603.481348472338,9180.846616244926,8642.535306255859,8400.822972947042,8142.2224416777835,8078.891699326129,8043.004278660191,8139.055904560201,8129.556293207453
1188.112520663122,8783.624010771771,9356.446079576765,8602.899704931082,8372.502636666342,8175.925321541382,8238.280491392848,8228.768685822284,8192.83519811127,8167.470383256437
1189.024723158418,8664.555843903303,9402.122456409483,8762.968605686769,8385.190584647018,8310.05826113491,8303.709050697267,8143.920588016588,8347.09532202116,8051.857036670766
1189.936831128234,8671.023163377864,9176.038798168003,8754.663069349397,8524.918011174428,8372.460461049102,8241.177570663405,8269.763361311903,8269.763361311903,8194.593319236223
1190.848844587261,8734.081097516895,9213.836006838486,8780.679808356079,8497.910358491035,8324.22425445408,8208.786538966104,8278.684605224878,8415.303552912485,8135.711287877385
1191.760763550188,8776.12271189544,9385.354941684149,8842.87337359403,8601.299550303898,8406.34523677151,8303.570408441938,8274.962981999684,8390.45222208137,8209.271854613771
1192.672588031699,8791.864785323089,9372.339713317915,8774.916612242947,8599.079316536487,8403.116065297358,8403.116065297358,8327.908547254232,8438.071672275148,8286.597375371388
1193.58431804648,8788.146220117556,9409.007685626282,8797.649201732485,8562.186435051455,8460.821297825541,8391.132765982726,8208.46434160686,8373.18268959897,8293.991176141224
1194.495953609199,8783.789705141087,9255.991027834782,8811.255553888372,8672.869931353978,8546.104475597282,8383.422140709521,8277.784260912274,8473.214338537182,8372.858352729796
1195.407494734551,8868.868835050753,9413.41147175782,8889.97513879909,8611.371929321054,8431.968347460199,8479.457530893955,8434.078977835032,8543.83175732638,8343.321871717188
1196.3189414371961,8875.375104311755,9502.1701122729,8821.559371304991,8651.67048867579,8528.210865895566,8460.677397024332,8429.021083490941,8540.873391308922,8353.045931010802
1197.2302937318132,8870.17530719703,9532.380501314927,8915.517382590453,8723.604412320617,8507.43870404965,8503.22083657119,8404.10095082743,8546.453978225385,8387.229480913598
1198.141551633064,8903.375671657695,9586.464022133508,8979.391685930119,8793.574762153083,8557.080495527762,8597.200058615987,8424.05247055102,8569.749831239833,8600.367392544003
1199.052715155609,9033.40188804285,9754.973694981854,8955.108172920436,8869.408295556712,8540.363087407108,8427.154607432805,8332.990544650444,8633.46912701214,8577.393898613655
1199.963784314117,9166.743314495212,9566.036118741065,9092.406888172845,8870.45955815321,8690.99018603207,8508.33496706854,8585.857240233294,8649.574177081036,8530.635894965251
1200.87475912325,8952.05788184572,9603.793212198621,9230.613602159685,8948.868312529148,8635.22732973289,8639.480088821654,8686.260438798045,8652.238366087942,8650.111986543561
1201.7856395976519,8953.908449882012,9665.836754252236,9122.04697318619,8963.485960703136,8834.721648552468,8713.406511484895,8553.781331132826,8717.66318296095,8597.412213762393
1202.696425751987,9054.054071579834,9746.748886378196,9187.264612887211,9066.842283545342,8787.632988965079,8732.21740378121,8710.90371717203,8853.705417453539,8693.852767884686
1203.607117600895,9130.181743285808,9700.087113543312,9137.624537300364,9082.335210335084,8835.659751566911,8661.285720368718,8717.638303621792,8777.180655738248,8676.171308397832
1204.5177151590221,9017.301669540442,9820.771125930669,9131.780167284696,8967.482323299888,8806.364437585753,8793.644604503057,8647.366524052066,8871.023589089451,8768.204938337669
1205.428218441019,9006.41792970143,9837.698126622727,9277.510579907612,9032.891821323128,8836.985023322568,8824.277555344153,8725.794678511438,8795.68575239272,8601.896865721896
1206.338627461522,9215.70921319262,9917.353778935405,9421.32710708099,9166.954454847955,8929.539979430458,8983.594168029977,8769.49718573384,8839.449665097925,8793.874564906173
1207.248942235168,9180.539239463986,9797.79842255792,9239.830001476439,8999.49066260453,8945.493718628903,8919.024628444773,8802.560631634597,8901.025647119563,8717.859543045377
1208.159162776592,9175.647377194562,9975.651785428223,9316.762213129678,9361.32479289866,9052.569775927845,8971.932726822064,8930.55318846515,8993.153002902533,8928.431160857104
1209.069289100418,9161.54048258334,10129.04678862382,9516.647192712482,9332.7146751905,9119.012732867273,9007.377389862602,8922.321890430472,9086.053726837323,8963.786446403636
1209.979321221286,9277.678713581296,10212.05978429838,9508.074046086878,9308.611420260286,9240.346136554928,9081.416022928392,8979.018097370355,9054.749896480986,9045.15009095992
1210.889259153813,9450.443197959163,10088.727028135307,9609.480473370944,9412.018084436853,9053.383691561963,9134.503375664617,9124.89709728404,9290.338558282872,9056.58578435549
1211.799102912628,9581.494061577723,10264.5884167432,9685.187570890794,9478.869557515305,9208.411229100804,9100.441698785135,9204.135208098203,9211.618244852756,9030.956357492872
1212.70885251234,9342.552700053284,10305.449060468292,9681.329776914059,9526.368653428846,9253.850815575543,9235.682959718655,9165.1489310978,9421.63630790091,9165.1489310978
1213.618507967574,9474.187513920762,10288.183554692847,9872.639644114972,9555.373470743176,9401.547447290182,9250.926132659128,9291.519111070334,9332.11208948154,9259.47202285096
1214.5280692929339,9552.644941582848,10426.97286767421,9741.14194879134,9619.737096690957,9437.62981854038,9404.61621840782,9278.951546935492,9490.87756068967,9162.871469050036
1215.437536503039,9508.397398934847,10456.573722189974,9767.281496183157,9622.391631056531,9470.044199342505,9422.102699852077,9288.931867934221,9500.939832347447,9286.801134623536
1216.34690961249,9647.689353814589,10488.611459444252,9980.221289120615,9531.51633795447,9533.64795292438,9522.989878074828,9369.513600241278,9614.649321780977,9223.497974802414
1217.2561886358928,9693.158100446828,10669.501024228653,10027.478360062414,9627.145819885789,9628.210534088386,9603.722107428644,9405.685265745527,9604.786821631244,9441.885548633838
1218.1653735878501,9636.172330533225,10551.879589812206,10002.667695325857,9911.309430478997,9455.5804116499,9540.564844065582,9298.359211680887,9664.854576473519,9423.71124949402
1219.074464482954,9711.176303253778,10714.27844027879,9955.576188334026,9870.56753265394,9767.494537641836,9603.852875457671,9526.282477149593,9709.051086861777,9560.285939421627
1219.983461335803,9657.801659746005,10585.435156165662,10103.023234774455,9921.321828259264,9693.929424784114,9649.301009148803,9688.616518160863,9663.114566369257,9613.173244110696
1220.892364160995,9795.629328180743,10753.943607358513,10252.475381447308,9917.809086612499,9694.698223389292,9691.510925343247,9565.081436183431,9745.694992126026,9598.016849325904
1221.8011729731081,9735.447061119503,10841.385340045148,10230.992482253494,10006.61461989454,9840.723878055695,9851.357899968441,9692.910973468517,10024.69245714621,9521.703220673297
1222.709887786732,9854.107269882896,10828.338296564996,10268.2885478931,10029.788274694421,9806.194268570662,9880.725603945248,9864.754603507836,9914.79707154506,9599.635996246805
1223.618508616451,9884.849514528905,10956.956701475016,10197.237535304086,10141.985232309837,9821.096857227849,9673.403201147066,9638.339239631485,9845.535375859921,9755.21911135009
1224.52703547684,10019.196464131392,10891.216001611712,10251.80581700373,9979.897167070767,10005.388603001982,9933.162867863539,10011.761461984786,9762.157818491638,9775.965679621046
1225.435468382482,9927.005344990384,11012.09204954484,10377.798941701669,10202.784957096112,9981.100576595738,9826.239717490214,9925.944654174593,9898.36669296402,9809.268664437554
1226.343807347952,9882.55925328349,11019.837897510559,10462.327583565137,10292.742697193906,9998.088957123891,9902.697458540075,9790.347471319134,10043.66489533616,9845.462559389784
1227.252052387812,9975.097859370637,11101.592322009048,10432.272165770972,10358.02111832776,10092.838806030584,10096.02099377815,10048.288177564658,10135.267975998131,9853.113995713935
1228.160203516636,10113.18096640904,11203.33894828923,10556.256871325259,10411.752499458098,10044.116376913706,10186.495684488702,9953.80114449673,10099.368048509972,9894.299344316134
1229.068260748983,9952.168121129553,11186.356028481765,10699.484313092174,10475.1831516354,10161.58674106787,10104.182652353813,10052.093757039205,10157.33458634831,9952.168121129553
1229.976224099424,10188.276595648664,11205.829658475126,10700.239618907906,10467.625714149039,10186.152267751322,10252.006432568902,10021.516855707376,10059.754757859519,10090.557512370966
1230.88409358251,10071.906622446812,11284.748446634978,10773.014308534533,10545.340492415,10340.008499372618,10364.478115123782,10181.48794515855,10160.210018418407,10095.31234186097
1231.7918692127969,10045.106796811786,11192.967309217021,10707.701579180766,10603.640219129227,10280.837632846904,10118.37448909297,10107.755982965262,10297.827242651236,10165.095916054886
1232.69955100484,10116.438312474937,11498.755929273068,10889.472856638198,10564.096556068793,10486.47410527936,10326.975918725728,10285.506390221784,10352.49562857431,10062.208929046701
1233.607138973192,10082.379037767334,11333.384146940487,10806.645153604422,10637.791323079353,10348.934455766028,10329.818927782058,10225.745497647109,10509.292496076,10310.703399798087
1234.514633132389,10197.932948331272,11536.518053610982,10883.186372655702,10660.798227183954,10419.257035690716,10461.819360182917,10346.901084053974,10416.064861353801,10160.690914400597
1235.422033496983,10134.520628953818,11587.624226581243,10945.579915705628,10786.131825256387,10562.904498627448,10479.991491593843,10315.228464796292,10509.755135144367,10312.039502987307
1236.329340081513,10322.315862529651,11658.144974151135,11007.27448994003,10670.654075847215,10560.932864924556,10759.070197270326,10421.384528702536,10553.476083599717,10485.29979720117
1237.2365529005149,10359.088463719843,11655.573804588856,10957.220269827998,10908.175594104334,10665.084592691393,10626.701802994614,10492.362039055884,10568.061429846755,10287.653827339724
1238.143671968526,10391.409322970248,11717.540923427334,11159.562784216509,10917.38106796248,10638.92543826071,10615.454082500408,10534.371217146636,10804.291808390113,10291.12262108532
1239.050697300074,10426.004723443963,11856.398465765471,11191.792586980198,10896.767220916863,10577.245163808559,10610.262443043084,10676.297001512134,10601.74185485353,10461.152149725876
1239.957628909691,10659.742290689934,11661.05714561634,11237.096175126224,10926.049432957596,10791.830633254694,10707.677576298114,10602.21994796012,10779.047890425847,10553.21943378287
1240.864466811901,10463.2967259444,11812.160271236979,11386.371857809969,11021.41036058682,11050.223110367595,10558.272086332881,10800.512612267545,10773.83414024831,10607.360474848276
1241.771211021227,10728.432089085385,12137.90586230088,11414.49691586628,11196.834047027553,11104.007235316918,10823.392850490518,10754.039485419353,10784.981755989565,10604.66300680454
1242.677861552191,10711.76327013481,12235.29482617255,11409.914923533157,11200.362513018492,10988.671812600618,10897.794491714156,10753.459923247423,10980.118652987774,10738.491893924947
1243.584418419301,10794.72639457228,12177.402431420462,11505.878128474056,11294.888833927898,11101.035725740818,10965.017246515628,10855.7740584765,11037.846038541715,10812.933592578804
1244.490881637077,10896.631166587882,12203.627955513126,11661.363330320737,11325.522911562532,11288.088469981203,11173.646034289713,11133.002926287129,11155.463591235924,10811.066728687701
1245.397251220031,10767.348175640149,12334.517233922892,11728.146644614582,11354.50279556897,11233.869210019957,11286.179348886344,10981.926500377773,11260.558056380358,10812.185437525623
1246.303527182667,10837.628380063388,12448.381972648403,11812.193012290107,11613.650819963525,11351.062759144497,11468.48018471398,11147.18341111021,11177.071483073352,11059.654057503867
1247.209709539493,10857.053359461652,12489.020171343054,11800.867063983142,11610.186868600133,11472.769297625784,11346.00425153317,11277.828092290081,11227.76122534594,11056.255574750048
1248.115798305007,10758.333559149618,12509.78898802095,11793.912117760623,11716.376492346672,11583.610010473465,11546.435395548968,11332.946892696853,11408.358254400833,11135.390367669523
1249.02179349371,10879.108397956627,12432.052791416163,12058.156466862294,11703.379840723112,11563.16871901541,11462.259199604565,11370.909529401062,11454.823761332187,11215.827531148605
1249.927695120092,10866.493942111512,12633.481272289613,12109.654000023947,11748.39381225452,11590.076847614391,11380.75844470093,11459.385662038982,11420.072053369955,11199.065820852189
1250.833503198654,11069.767180414106,12641.610439684797,12000.56160200789,11833.931357777305,11668.362452681946,11567.535234835412,11440.174538608213,11431.6838255264,11348.89937297872
1251.739217743878,11057.225389223953,12609.56313086414,12097.418916921373,11730.54128126051,11711.455161486245,11512.111243843925,11474.999344282856,11477.120024257774,11393.353165248502
1252.644838770259,11108.386708079444,12714.572105671115,12177.05238928131,11867.92543776069,11804.187921983244,11795.68958654625,11533.303479929093,11668.214554991357,11296.412379622914
1253.550366292275,11030.982560945718,12786.249676210824,12304.932482981349,12029.742299655887,11800.240061824614,11664.238735702378,11585.61296903796,11714.176722637887,11466.611808681004
1254.455800324406,10887.826029034193,12807.208776742249,12260.481943186027,12047.099237273793,11814.607632324643,11709.508687621603,11609.717770428815,11734.987219670824,11368.733321463258
1255.361140881127,11226.04333861134,13051.787109708497,12309.183600255847,12207.340833245198,11948.490467093132,11653.570787624794,11701.309584661036,11743.744070915473,11395.781283629089
1256.266387976917,11106.820390164492,12866.558240158083,12221.639245103168,12097.534767436351,11835.53642569529,11775.075269908893,11805.836208817762,11844.022201946014,11478.073101133603
1257.171541626252,11174.948854444503,12913.910437259665,12466.445932413324,12232.110255704696,11854.62835114238,11809.033626714909,11711.482123288693,11818.576708571822,11394.43973715349
1258.076601843593,11051.109012842757,13153.406515957415,12376.309153484875,12350.865310784548,11862.131498915733,11741.273246089173,11881.21438094098,11814.424293852617,11513.338821898727
1258.981568643409,11325.163572707694,13051.347103872202,12395.015650683732,12277.321319013423,11806.543992332194,11954.987293537986,11784.277497151324,12006.942448960015,11668.703784069672
1259.886442040159,11159.385675040476,12999.310995404938,12598.451184973948,12306.820370506959,12006.705750528203,11879.448667851699,11779.763953088435,11883.690570607581,11610.087842853096
1260.791222048309,11199.114800371544,13247.577957010717,12366.175976704593,12125.117844741353,12090.074151548459,11970.076050615215,11844.7682991982,11992.376582647057,11584.59542549338
1261.695908682312,11207.427399051758,13138.243415482528,12617.633495621183,12447.984641898545,12232.742658737949,11949.641134088297,11856.334264540847,12035.525866285383,11544.604495825499
1262.600501956622,11201.808842307373,13095.415193898405,12558.769905884625,12183.012357078132,12054.937248893384,11931.096028582511,11830.541191577957,11977.668795195146,11653.776372843635
1263.505001885693,11264.140516052485,13230.49160689084,12725.13090089413,12331.013117601096,12183.748677069561,11921.00348820754,11909.34946773382,12028.008585284411,11799.166001436843
1264.409408483964,11530.743486705813,13274.26722889236,12726.242169151685,12366.534600982131,12086.174290497036,12100.985778598137,12040.681862757945,12117.913193570821,11807.929906883528
1265.3137217658839,11440.426009649282,13217.702522587419,12658.345900344419,12462.043387632724,12330.119655971639,12113.76473604746,12023.001208664633,11998.727242038993,11774.984593141793
1266.217941745901,11468.17366935302,13287.61305194247,12887.167334171621,12594.49328714649,12281.744124982448,12252.159744777742,12076.766633564124,12026.0505532132,11878.128652189667
1267.1220684384461,11393.218532554549,13440.701610827056,12938.867523015168,12607.128778651097,12460.276277165092,12354.626995520484,12153.893360395728,12161.288810110851,11905.6175485309
1268.026101857962,11468.633703383612,13480.748553894666,12959.82969876759,12765.142853922116,12439.963204964,12398.921113347928,12126.359530564265,12186.344126003141,12060.060767184455
1268.930042018874,11538.466152685849,13512.068053459974,12956.301758201982,12759.467861964775,12594.211596139954,12556.318439645092,12446.849320882153,12348.958666603758,11998.446969026272
1269.833888935613,11753.862351245505,13726.523827712823,13124.409438951187,12879.142563808771,12529.663582919151,12494.926214336749,12305.449658432737,12422.293534573544,12092.814856807125
1270.737642622611,12035.918279370999,13801.818100412569,13158.428243133858,12990.999458670167,12684.573192764921,12589.802182691134,12475.023959379547,12561.370879668997,12378.146926859674
1271.64130309429,11886.959436545556,13959.162709506169,13400.247831811957,13178.790993480288,12837.114728625715,12724.277196713865,12593.512206460879,12550.275395167553,12302.454647510687
1272.544870365069,12017.602482214814,14113.917200919244,13645.602818475441,13252.345594391705,12908.774094856184,12946.831245573963,12799.88835808031,12817.859790363707,12338.973977164964
1273.4483444493671,12132.329018541632,14266.485221419684,13660.503306529137,13295.645085521739,13219.500761137588,12946.650265427706,12815.512817877223,12880.023981591574,12694.950970935648
1274.351725361601,12317.718655773488,14506.618415182174,13932.151247778154,13523.782322146568,13297.380897055482,13058.284064949941,12935.561797143557,13128.108803529434,12836.114442197006
1275.255013116177,12539.530300328282,14677.09460937614,13905.28461368724,13642.720993754665,13490.264698309944,13311.340296017182,13186.410831694426,13272.167497882081,12720.57215116889
1276.158207727509,12760.05828653183,14802.684687763429,14236.93650401982,13931.813888068215,13519.686465828021,13426.454555398363,13371.362971962655,13363.946797269387,13333.222644968704
1277.061309210003,12743.870276898497,15059.109045429566,14184.67501579689,14059.755868706508,13675.470695877619,13700.877980031595,13379.052380747898,13358.938280792669,13280.599154651241
1277.964317578062,12997.232318242399,15118.819129125408,14476.523271666063,14245.846999959082,14128.392568034886,13870.204447408723,13737.935942989583,13874.437039550137,13408.851903994762
1278.867232846089,12978.01802311174,15361.28287131199,14843.64112680041,14306.983971265958,14199.229975469669,14023.865629369828,13798.849932265815,14004.850218346954,13642.500997188848
1279.770055028468,13270.76741042393,15362.825203494413,15002.561474778347,14583.307193991815,14278.873809199586,14271.499990190778,14236.737700577823,14105.062361134816,13740.585021556577
1280.67278413961,13417.016283233545,15696.545320252037,14941.248078349912,14705.2176902555,14388.412458235442,14300.294446680195,14291.902255103505,14250.990321167139,13845.018053644748
1281.575420193898,13535.404622585744,15928.56642456638,15073.566411249305,15025.367881086822,14738.272288379863,14557.003903203571,14239.52228061157,14553.86052080167,14095.974484258091
1282.477963205722,13690.931930901748,16137.16238757809,15508.849770281084,15247.05284640733,14946.509977800264,14810.375577385912,14701.468057054431,14789.431823476012,14471.086764045529
1283.3804131894651,13894.783056418122,16312.086028275771,15677.93641747675,15573.291267179884,15121.224217897414,14994.603586038204,14906.701659788834,14914.026820309615,14564.512018318077
1284.282770159509,14157.223404865683,16966.47873671985,16137.518146992392,15710.477843193397,15598.484430187289,15262.504191168962,14983.043992359326,15195.51747684755,14905.590603925195
1285.185034130234,14613.753287368861,17147.6995907526,16603.961320183927,15921.664262520535,15944.757393702988,15777.857036520712,15546.925724696179,15515.435091265561,15209.975946988565
1286.087205116022,14983.881468710839,17340.128635322373,16454.82737950492,16450.621672826455,16216.153525501879,16020.58816495313,15876.54271121561,15983.788231516537,15545.343310286278
1286.989283131243,15201.718177314206,17836.682661382,16877.845445776624,16641.549308305417,16495.570805600983,16266.626103517772,16015.62709527058,16187.860724360704,15779.330957799375
1287.891268190262,15328.804683148437,18160.306913186076,17537.86008058961,17154.087962519156,16651.504202415927,16699.87000359741,16541.104004066892,16642.041328271724,16148.9204423127
1288.7931603074542,15515.683366865647,18586.638117170514,17886.20802686125,17493.925108414776,17329.86040257657,16973.33517642816,16764.04750680122,16958.611420776015,16340.213683385859
1289.694959497178,16078.251993354268,18781.600511873545,17935.819105962928,17823.398471885368,17370.563955180427,17410.489040179935,17199.306353735174,17288.612464918282,16913.526797949224
1290.596665773799,16175.891039368218,19278.935550583163,18581.563262662265,18211.37917599147,17995.351068755826,17697.525911207653,17768.83616019806,17782.469001916816,17294.83274043829
1291.498279151678,16645.768754585195,19641.377800778977,19034.07470633003,18776.04955739317,18491.802340474922,18417.33166740778,18057.564894703133,18151.96433943613,17761.779967873077
1292.3997996451621,17007.29074722083,20138.283112547455,19506.63761362074,19060.400494975995,18820.52185608011,18750.339022866032,18687.488724465362,18696.916269225465,17964.71029285768
1293.301227268614,17325.36747228641,20399.99837489629,19629.773026417883,19676.801711196076,19237.86731993294,18971.371439523176,18862.68292359135,18872.08866054699,18480.182954062046
1294.202562036378,17776.42189216766,21240.17540845143,20476.373351014496,20264.264161329545,19882.885569038877,19378.21197978848,19463.89155394693,19417.917148300934,19136.846350146985
1295.103803962797,18396.71572577926,22018.174049488633,21078.851766449185,20674.49389822197,20411.191100306572,20215.80370661539,20136.394926291698,20062.210407831408,19566.950383181018
1296.0049530622239,19033.292099805643,22507.199926603862,21491.79821082389,21269.05818460233,21063.049803542955,20837.172593853484,20736.782722880387,20654.17022489211,20216.010267207446
1296.9060093489932,19254.812643084315,23009.14554492402,22391.09241261559,21861.93017074069,21438.391222204456,21423.750369662463,21275.250293879388,21267.929867608393,20760.728904546482
1297.8069728374471,20136.8340628167,23751.35233587934,23210.169032324928,22762.14881197427,22243.994585166856,22163.39281655237,22044.0603279543,21934.14882529818,21443.21078010085
1298.7078435419169,20795.381383971697,24439.544342149322,23892.187298172616,23539.49260635588,23067.48873095723,23176.332196681087,22823.637504864357,22797.4732102192,22422.80051090053
1299.608621476735,21559.103695032383,25576.737072008887,24576.249135041282,24136.118078130767,23585.170175537318,23556.943243146383,23487.944075079653,23578.897523894888,23115.766744295463
1300.509306656233,22464.450436962605,26160.45756299929,25613.945907099605,25152.075635765646,24677.66590005158,24750.812775602208,24425.831657084418,24507.33817555512,23978.590760860585
1301.409899094735,23165.9893579481,27417.492116970905,26905.64043345219,26185.914290708526,25756.585633716295,25516.328721044247,25471.411124327296,25348.14888217381,24794.513387755607
1302.310398806567,24186.86494688241,28666.33911500002,27619.772007936903,27193.006358097606,26748.502282714868,26486.599646749917,26389.56002465932,26437.558117306282,25767.671693842156
1303.210805806048,25284.425797730855,29848.190540018,28903.495413812634,28471.336538399348,27839.800017565925,27859.63339590615,27565.26430685652,27663.38733653973,27010.973575348176
1304.1111201074891,26114.6144510811,30933.22107407852,30315.370712195378,29578.542409003658,29353.110520208455,28837.539441204615,28701.862841466762,28658.02886308992,27967.1218705787
1305.011341725211,27187.912212829968,32440.395233875603,31610.89106189879,30951.46133021408,30342.114869290228,30375.50371646414,30113.609946443787,29901.799447184298,29387.402520411255
1305.911470673524,28773.005188808504,33826.90457000324,33163.34552655983,32569.689715680433,32053.240460170236,31755.89088881588,31529.487881854846,31265.52492903852,30856.53885194762
1306.81150696674,29855.215369823152,35565.829344923324,34832.653448120174,34017.89735167273,33652.87825326431,33255.436254997265,32845.443456784946,33034.75135595951,32330.86065902867
1307.711450619157,31541.904457590514,37206.6753963274,36609.888642449405,35816.61167888828,35343.15388640713,34706.651026316584,34885.37350427304,34715.01231183502,34105.68362967937
1308.611301645084,33676.446869377156,39459.59878212081,38649.580761769095,37842.702346147424,36996.05560394518,36889.30904312363,36693.6070149508,36888.262508213615,36058.36032457161
1309.5110600588162,35632.78334020954,41814.13001825494,40911.6366516433,39772.526694713524,39402.944144349356,39218.67635719895,38884.69099298884,38838.62404620124,38132.96217950026
1310.410725874652,37642.11992044265,44535.048022882256,43347.95010534664,42701.96749297743,42001.45388086277,41489.70142171314,41252.70130743482,41131.05523107958,40537.50627231177
1311.310299106888,40374.16775535691,47234.156918726505,46200.80482728759,45293.34334597322,44583.11048718728,44102.62799187863,43941.06837555214,43822.52138435154,42917.15807987257
1312.209779769808,43861.087737299335,50734.87165780078,49029.55962738595,48673.36691123645,48069.205224552206,47372.58053190585,46985.91705242793,47045.80786310794,45996.14260224262
1313.109167877708,46819.722910993914,54561.99757228885,53100.85361786783,52272.97723764513,51279.94635717469,51202.10283476493,50606.70508227948,50442.602521523775,49607.3625648569
1314.008463444869,50982.77779357545,58457.039848365675,57126.295091249616,56629.76424116362,55103.352666005194,54931.88120718312,54293.33411819542,54446.922050637266,53365.49469070421
1314.907666485568,55506.3991707526,63384.828519958,61752.38011711397,61166.885100768755,59565.971438481916,59297.926143745775,58782.85871464496,58669.33364863906,57580.33394139733
1315.806777014092,60384.96615909401,68799.17867239614,67507.91461857685,66374.12179083307,65003.07231580219,64758.46701129821,64340.643358111156,63964.81203187757,62764.881289182085
1316.705795044716,66491.9697860995,68759.28992855162,68759.28992855162,68759.28992855162,68759.28992855162,68759.28992855162,68759.28992855162,68759.28992855162,68642.82878287269
1317.6047205917089,68750.1200926578,68750.1200926578,68750.1200926578,68750.1200926578,68750.1200926578,68750.1200926578,68750.1200926578,68750.1200926578,68750.1200926578
1318.5035536693429,68751.82042180901,68751.82042180901,68751.82042180901,68751.82042180901,68751.82042180901,68751.82042180901,68751.82042180901,68751.82042180901,68751.82042180901
1319.402294291886,68802.38012337862,68802.38012337862,68802.38012337862,68802.38012337862,68802.38012337862,68802.38012337862,68802.38012337862,68802.38012337862,68802.38012337862
1320.300942473601,68896.41624128973,68896.41624128973,68896.41624128973,68896.41624128973,68896.41624128973,68896.41624128973,68896.41624128973,68896.41624128973,68896.41624128973
1321.199498228754,68863.09905917579,68863.09905917579,68863.09905917579,68863.09905917579,68863.09905917579,68863.09905917579,68863.09905917579,68863.09905917579,68863.09905917579
1322.097961571599,68908.33087289266,68908.33087289266,68908.33087289266,68908.33087289266,68908.33087289266,68908.33087289266,68908.33087289266,68908.33087289266,68908.33087289266
1322.9963325163922,68947.6710274407,68947.6710274407,68947.6710274407,68947.6710274407,68947.6710274407,68947.6710274407,68947.6710274407,68947.6710274407,68947.6710274407
1323.894611077383,68893.57327251043,68893.57327251043,68893.57327251043,68893.57327251043,68893.57327251043,68893.57327251043,68893.57327251043,68893.57327251043,68893.57327251043
1324.7927972688228,68788.41107435411,68788.41107435411,68788.41107435411,68788.41107435411,68788.41107435411,68788.41107435411,68788.41107435411,68788.41107435411,68788.41107435411
1325.690891104965,68836.14235162233,68836.14235162233,68836.14235162233,68836.14235162233,68836.14235162233,68836.14235162233,68836.14235162233,68836.14235162233,68836.14235162233
1326.588892600048,68888.23624939471,68888.23624939471,68888.23624939471,68888.23624939471,68888.23624939471,68888.23624939471,68888.23624939471,68888.23624939471,68888.23624939471
1327.486801768315,68864.12561484736,68864.12561484736,68864.12561484736,68864.12561484736,68864.12561484736,68864.12561484736,68864.12561484736,68864.12561484736,68864.12561484736
1328.384618623997,69010.08847856468,69010.08847856468,69010.08847856468,69010.08847856468,69010.08847856468,69010.08847856468,69010.08847856468,69010.08847856468,69010.08847856468
1329.282343181338,69028.93940075062,69028.93940075062,69028.93940075062,69028.93940075062,69028.93940075062,69028.93940075062,69028.93940075062,69028.93940075062,69028.93940075062
1330.179975454561,68999.71209778976,68999.71209778976,68999.71209778976,68999.71209778976,68999.71209778976,68999.71209778976,68999.71209778976,68999.71209778976,68999.71209778976
1331.077515457906,68929.12410549275,68929.12410549275,68929.12410549275,68929.12410549275,68929.12410549275,68929.12410549275,68929.12410549275,68929.12410549275,68929.12410549275
1331.97496320559,68960.38131648602,68960.38131648602,68960.38131648602,68960.38131648602,68960.38131648602,68960.38131648602,68960.38131648602,68960.38131648602,68960.38131648602
1332.872318711841,68883.82829980401,68883.82829980401,68883.82829980401,68883.82829980401,68883.82829980401,68883.82829980401,68883.82829980401,68883.82829980401,68883.82829980401
1333.76958199088,68991.9719228529,68991.9719228529,68991.9719228529,68991.9719228529,68991.9719228529,68991.9719228529,68991.9719228529,68991.9719228529,68991.9719228529
1334.666753056921,69174.48486839418,69174.48486839418,69174.48486839418,69174.48486839418,69174.48486839418,69174.48486839418,69174.48486839418,69174.48486839418,69174.48486839418
1335.5638319241812,69218.81747141504,69218.81747141504,69218.81747141504,69218.81747141504,69218.81747141504,69218.81747141504,69218.81747141504,69218.81747141504,69218.81747141504
1336.460818606869,69342.42736262213,69342.42736262213,69342.42736262213,69342.42736262213,69342.42736262213,69342.42736262213,69342.42736262213,69342.42736262213,69342.42736262213
1337.3577131192,69405.59843782123,69405.59843782123,69405.59843782123,69405.59843782123,69405.59843782123,69405.59843782123,69405.59843782123,69405.59843782123,69405.59843782123
1338.254515475372,69576.83230126707,69576.83230126707,69576.83230126707,69576.83230126707,69576.83230126707,69576.83230126707,69576.83230126707,69576.83230126707,69576.83230126707
1339.151225689595,69575.85229047363,69575.85229047363,69575.85229047363,69575.85229047363,69575.85229047363,69575.85229047363,69575.85229047363,69575.85229047363,69575.85229047363
1340.047843776058,69702.84485366645,69702.84485366645,69702.84485366645,69702.84485366645,69702.84485366645,69702.84485366645,69702.84485366645,69702.84485366645,69702.84485366645
1340.94436974897,69675.64759981647,69675.64759981647,69675.64759981647,69675.64759981647,69675.64759981647,69675.64759981647,69675.64759981647,69675.64759981647,69675.64759981647
1341.840803622523,69740.40869622042,69740.40869622042,69740.40869622042,69740.40869622042,69740.40869622042,69740.40869622042,69740.40869622042,69740.40869622042,69740.40869622042
1342.737145410902,69812.68663374036,69812.68663374036,69812.68663374036,69812.68663374036,69812.68663374036,69812.68663374036,69812.68663374036,69812.68663374036,69812.68663374036
1343.633395128301,69979.92584417747,69979.92584417747,69979.92584417747,69979.92584417747,69979.92584417747,69979.92584417747,69979.92584417747,69979.92584417747,69979.92584417747
1344.529552788903,70037.53753583625,70037.53753583625,70037.53753583625,70037.53753583625,70037.53753583625,70037.53753583625,70037.53753583625,70037.53753583625,70037.53753583625
1345.425618406887,70085.36580867444,70085.36580867444,70085.36580867444,70085.36580867444,70085.36580867444,70085.36580867444,70085.36580867444,70085.36580867444,70085.36580867444
1346.321591996442,70144.31417823715,70144.31417823715,70144.31417823715,70144.31417823715,70144.31417823715,70144.31417823715,70144.31417823715,70144.31417823715,70144.31417823715
1347.217473571738,70064.55090831044,70064.55090831044,70064.55090831044,70064.55090831044,70064.55090831044,70064.55090831044,70064.55090831044,70064.55090831044,70064.55090831044
1348.113263146948,61115.004289906465,69949.55824756401,69949.55824756401,69949.55824756401,69949.55824756401,69949.55824756401,69949.55824756401,69949.55824756401,69949.55824756401
1349.008960736246,54075.69341361485,69970.19759637595,69970.19759637595,69970.19759637595,69970.19759637595,69970.19759637595,69970.19759637595,69970.19759637595,69970.19759637595
1349.904566353795,49381.28690071739,70126.6065059919,70126.6065059919,70126.6065059919,70126.6065059919,70126.6065059919,70126.6065059919,70126.6065059919,70126.6065059919
1350.800080013767,45252.62000460262,70154.24625651438,70154.24625651438,70154.24625651438,70154.24625651438,70154.24625651438,70154.24625651438,70154.24625651438,70154.24625651438
1351.6955017303192,41791.59085661046,70269.1889056847,70269.1889056847,70269.1889056847,70269.1889056847,70269.1889056847,70269.1889056847,70269.1889056847,70269.1889056847
1352.590831517613,38815.12144735388,70199.49729695155,70199.49729695155,70199.49729695155,70199.49729695155,70199.49729695155,70199.49729695155,70199.49729695155,70199.49729695155
1353.486069389805,35997.82540345033,70103.3367352644,70103.3367352644,70103.3367352644,70103.3367352644,70103.3367352644,70103.3367352644,70103.3367352644,70103.3367352644
1354.3812153610452,33779.757550935115,70108.82984230215,70108.82984230215,70108.82984230215,70108.82984230215,70108.82984230215,70108.82984230215,70108.82984230215,70108.82984230215
1355.276269445483,32020.837844134283,70129.51937022826,70129.51937022826,70129.51937022826,70129.51937022826,70129.51937022826,70129.51937022826,70129.51937022826,70129.51937022826
1356.1712316572741,29720.493773931346,70170.85994432362,70170.85994432362,70170.85994432362,70170.85994432362,70170.85994432362,70170.85994432362,70170.85994432362,70170.85994432362
1357.066102010558,28235.696461184143,70275.58268139086,70275.58268139086,70275.58268139086,70275.58268139086,70275.58268139086,70275.58268139086,70275.58268139086,70275.58268139086
1357.9608805194769,27131.995599735867,70400.10023473452,70400.10023473452,70400.10023473452,70400.10023473452,70400.10023473452,70400.10023473452,70400.10023473452,70400.10023473452
1358.855567198167,25867.59822430204,70303.6971604377,70303.6971604377,70303.6971604377,70303.6971604377,70303.6971604377,70303.6971604377,70303.6971604377,70303.6971604377
1359.750162060765,24842.323282795158,70426.16500142669,70426.16500142669,70426.16500142669,70426.16500142669,70426.16500142669,70426.16500142669,70426.16500142669,70426.16500142669
1360.64466512141,23567.624836796076,70361.45477105513,70361.45477105513,70361.45477105513,70361.45477105513,70361.45477105513,70361.45477105513,70361.45477105513,70361.45477105513
1361.539076394227,22824.312187823532,70396.80436883542,70396.80436883542,70396.80436883542,70396.80436883542,70396.80436883542,70396.80436883542,70396.80436883542,70396.80436883542
1362.4333958933419,22140.145853426566,70509.98437672805,70509.98437672805,70509.98437672805,70509.98437672805,70509.98437672805,70509.98437672805,70509.98437672805,70509.98437672805
1363.327623632882,21291.25048763512,70738.76302697934,70738.76302697934,70738.76302697934,70738.76302697934,70738.76302697934,70738.76302697934,70738.76302697934,70738.76302697934
1364.221759626969,20642.671845010507,70698.58893978383,70698.58893978383,70698.58893978383,70698.58893978383,70698.58893978383,70698.58893978383,70698.58893978383,70698.58893978383
1365.115803889716,20042.218336038473,70734.38411612264,70734.38411612264,70734.38411612264,70734.38411612264,70734.38411612264,70734.38411612264,70734.38411612264,70734.38411612264
1366.009756435247,19475.427497194058,70733.88057130418,70733.88057130418,70733.88057130418,70247.10281685757,67525.0329793535,65032.86039616679,63107.33597502989,60589.25947586376
1366.9036172776719,18857.09899100195,61354.34010132246,57731.99936499247,56474.212200441914,54847.5029001484,53313.5634936382,52006.15522311052,51141.02202759633,49442.03850772744
1367.797386431095,18408.481139735773,49017.49409071497,46975.81639308765,46216.648261849645,45168.88855731832,44519.55751740837,43750.697878112005,42852.61813137087,41597.02942069922
1368.691063909631,17991.56781539651,41060.19931948915,40200.88766815976,39456.00696537423,38947.544920429325,38374.3106404596,37386.534056330966,36894.26507014227,35861.14792149625
1369.5846497273778,17557.256249814476,36186.579359152274,35399.820615469835,34977.26200450853,34575.236932187276,34167.80829706601,33478.313683783876,33066.562198422595,32015.028877539335
1370.478143898443,16927.416329410087,32675.614515242367,32250.7491546886,31469.300366527204,31738.092737489795,31184.2503924822,30535.03010939111,30078.73338287801,29045.833667041934
1371.37154643692,16626.036965973704,29917.755192816203,29509.91399375526,29449.171687512142,29246.33577202173,28767.990110357165,28045.590539680074,27765.742057345702,26655.02560032867
1372.264857356906,16334.28062812131,28054.357688976714,27805.73354382286,27689.56418342346,27663.507504455367,27341.056102225255,26465.98596688024,26039.307848777768,25029.61153876429
1373.158076672491,15815.914879975437,26594.40929114167,26118.79166550286,26080.785690851357,25873.381657753154,25470.518326447225,25139.323404484127,24548.601969900767,24034.978369610457
1374.051204397769,15524.114669220253,25361.26339417917,25159.397809134778,24837.064052370348,24420.30929614967,24203.249527284734,23833.16262137002,23820.13903523812,22746.77847820101
1374.944240546818,15358.849696631934,24116.878996323023,23813.9795077134,23735.811897749627,23584.904984069566,23122.41329178391,22817.342480675292,22727.232596967053,21743.623504922907
1375.837185133732,15268.432256045113,23560.892295141737,23183.665809356928,22820.571727938695,22790.132703149146,22397.686704969557,21771.51248072734,21749.770320163374,21024.669265355107
1376.7300381725909,15083.642190960627,22312.242114183722,22300.257999766924,22234.890102948026,21831.788072564825,21375.302259779524,21113.830672503933,20856.71694501627,20285.837312797896
1377.622799677469,14862.976581613284,21823.896643278673,21766.097996362132,21252.453417160443,20815.146673508894,20970.003425624906,20555.5980326384,20253.518311961398,19692.98049092176
1378.515469662441,14642.336762206187,21094.52211439212,20634.119304344356,20468.287012573597,20313.364739998284,19897.693008651844,19605.30449421393,19659.854590191153,18986.70640583222
1379.4080481415772,14245.647224661414,20220.647559655157,19849.116721902996,19566.927610531115,19493.928882878932,19113.681779138446,19113.681779138446,18998.1912547932,18483.931561482288
1380.300535128954,13937.481537261514,19800.39274881054,19576.06888001799,19052.283535895574,18813.803306451064,18727.776191719942,18437.02632294513,18381.489831156683,17860.97133949241
1381.192930638634,13974.676555518443,19914.566707268616,19142.30484904803,18711.578516857393,18453.795333197846,18124.224427506524,17866.441243846977,18036.121314103893,17317.156401028107
1382.085234684684,13859.901499618001,18745.313355021513,18556.536614439632,18211.5308471693,17645.200625423655,17807.939194890794,17583.35996902614,17397.837999833602,16767.49727409755
1382.9774472811591,13489.580086600905,18496.525279931266,17958.6338318282,17836.090014014397,17442.43155501961,17182.16149948587,16968.523162235255,17005.39475343587,16429.547255567464
1383.8695684421218,13431.938618928181,18119.317942828537,17612.985359393773,17383.723181057434,17083.8352131862,16883.909901272043,16468.847568928526,16609.012597390083,16359.105957497388
1384.7615981816198,13353.300999890467,17693.803728164436,17332.63909012259,16851.811469597003,16791.97997835513,16698.42528295875,16273.077772493807,16426.46395913206,15861.872250867853
1385.653536513713,13209.38794813963,17362.306544006227,16811.553280050077,16496.52675826056,16299.906756729864,16080.474489828202,15909.925648721466,15814.331393833612,15433.0406726332
1386.5453834524521,12947.10740053061,17037.384360624343,16481.79384318471,16200.193169961882,15984.915435220106,15795.731971356123,15416.277782341578,15523.916649712466,15183.60386701461
1387.4371390118758,12859.774751640736,16673.024908928102,16214.214301263633,15849.127475687392,15712.90104823357,15403.394605058487,15319.479125746933,15424.10102203147,14945.673808813648
1388.3288032060339,12623.704544200284,16415.92583867712,15997.346366666348,15560.284164722629,15521.144266041103,15346.10194138205,14967.749587460623,15143.879131527494,14631.798790444183
1389.2203760489608,12573.470984966838,16199.70301068044,15704.624626331517,15318.116063111744,15108.576308332485,14694.925289830424,14821.95198055153,14788.295336001493,14299.73114092032
1390.111857554701,12790.86053856129,15957.851941357862,15541.314267157624,15256.372046164252,14886.599698310258,14753.916679374412,14670.174118242772,14702.801090112242,14155.755528434125
1391.003247737284,12510.933015871822,15753.742478105278,15228.146179360727,14866.866735917269,14731.931040173326,14481.647088390208,14307.536513236733,14445.736782264803,13775.411067923927
1391.894546610747,12369.679433228594,15622.967184877836,15057.888087452817,14689.878964274289,14545.0706406567,14222.790461778462,14070.36064744416,14316.425919155248,13891.800007795408
1392.7857541891142,12363.743676188305,15441.329585536545,14792.9005430216,14677.38209175003,14321.018567544339,14025.68365910476,13901.446834152317,14155.369467607748,13475.336320499639
1393.676870486415,12217.869790536799,15233.348677516558,14557.183429803195,14281.264385171773,14257.271424769042,13838.485206830443,13728.335706799717,13860.296989014743,13456.779018605155
1394.56789551667,12298.476905820613,14982.633669320483,14395.849297616733,14111.182529931455,13957.397034745156,13686.909071580603,13413.149076603573,13726.173453330295,13270.270354125523
1395.458829293901,12089.386557072974,14930.545207132649,14298.570232724447,13721.169953860994,13810.672454554384,13392.6302866816,13311.85973727537,13581.458733266434,13115.390833314272
1396.3496718321258,11829.83992854095,14712.165618051986,14139.402749641407,13817.087523311498,13358.659448024704,13324.903461483396,13176.812681818303,13354.303836858084,12820.741468947086
1397.240423145362,11734.742735925378,14515.054418630722,13988.579123470556,13403.364849098303,13270.658266433964,13300.027756040006,13066.159598065966,13173.847726621454,12901.908008046987
1398.131083247616,11813.161391219122,14379.068217899037,13823.103640979818,13450.650809176512,13171.582652402607,12989.156775600988,12930.51988662904,12980.469829086625,12749.179878141715
1399.0216521529,11817.427905117707,14109.713700085433,13508.42282394333,13478.032671358531,13186.070134025993,12926.668474462884,12763.864085615745,12900.619772247343,12478.413723837093
1399.9121298752139,11639.852698071336,13999.047879796673,13556.698783223172,13115.433875611861,12799.934887614585,12645.98005498361,12451.91023075161,12746.809628467277,12069.191527098557
1400.802516428572,11592.2467180213,13939.974888696335,13418.378006435507,12999.7992194237,12851.236282064587,12691.829334679262,12439.163901068507,12737.374176789355,12196.258076481345
1401.692811826972,11559.308498967703,13850.117759324521,13139.326634012481,12934.228126098014,12711.766781534705,12486.049905099737,12238.629482853714,12492.560968843052,12169.178136258339
1402.583016084405,11483.941298355217,13770.528362769737,13163.882815067926,12790.562478020656,12543.129231373048,12431.350176966454,12116.632450967303,12418.327374511317,11875.710605547263
1403.4731292148679,11473.635894369867,13502.868222592071,13018.372709536878,12538.222447719845,12417.641725860818,12209.069666428984,12009.18810947348,12114.560451998936,11926.628335948379
1404.363151232352,11488.47237748225,13493.36177139719,12989.424242265808,12646.22540777116,12380.137703811703,12296.510139710157,12134.685372812364,12060.832459060352,11710.03111873829
1405.2530821508522,11326.361343330416,13300.75107039003,12774.247143174134,12330.41738634751,12243.391943832485,12115.029416122825,12000.808522821855,12024.740519513487,11685.34129370489
1406.142921984349,11474.032836343518,13233.486219432654,12637.559903302774,12494.842631980991,12327.068129816455,12025.29191488414,11891.290202116359,11971.909118740878,11671.22234862781
1407.03267074683,11334.436927096485,13167.88462479175,12722.883636891887,12421.853556841981,12039.0218246046,11866.693010662986,11692.182819329708,11905.957803712974,11537.305024521422
1407.92232845227,11235.480510767695,13213.980280540021,12605.714235618281,12208.924199146035,11836.115978064969,11751.089541678059,11560.3251010664,11770.711026998115,11589.757329046486
1408.81189511465,11227.37956642032,13092.247857685861,12500.070382740138,12116.191061965008,11929.704232838454,11688.689091101796,11816.285342609439,11797.745716322002,11411.685263042471
1409.701370747938,11165.03642484816,12975.759545271427,12469.149285947227,11876.469756759347,11893.901507617815,11588.84586759464,11470.092064871335,11571.414116736174,11041.924684410236
1410.5907553661161,11104.404554624574,12919.568546834731,12239.018159833322,11851.37665939732,11683.689044040173,11630.333893699262,11279.714334316137,11536.69016044787,11263.381125028103
1411.480048983151,11135.599750376226,12698.70115327067,12379.545257069922,11839.267698996304,11559.325496526706,11377.417528384984,11407.917067953655,11493.969340308124,11057.172362913927
1412.369251613003,11010.634338262751,12648.661004639958,12183.300135349828,11787.688904548146,11580.61966528556,11323.417873359398,11219.883253728103,11513.049702999873,11202.44584410599
1413.2583632696412,11036.726684058072,12585.397035817554,11972.245553369883,11752.251593415302,11464.734734860798,11271.96775014812,11139.10011096763,11365.628544980269,11060.686422270948
1414.1473839670182,11097.429729860733,12620.584965617843,11998.666280530771,11717.166244122938,11572.051884269287,11206.538271104078,10990.503359442253,11357.108058019896,10934.858003408146
1415.036313719098,11017.33115595089,12611.671872343823,11893.126535777694,11501.093441815321,11522.933725601526,11113.42840461019,11184.409326915355,11184.409326915355,10952.902318781587
1415.925152539836,11032.215021852302,12547.298592032317,12150.204486634955,11594.491523709723,11393.20966312263,11200.679187778456,11035.496791318397,11063.938793357876,10934.855861024851
1416.8139004431798,10920.209822712439,12550.304301511318,11755.510082835706,11547.506086212612,11207.036386476915,11194.994049830315,10889.556602157456,11173.098892291042,10823.871129539637
1417.702557443081,11081.873304063842,12571.72578464182,11870.618734958065,11449.954505147813,11464.195742094513,10932.888056006044,10882.495986810023,10988.757524027718,10813.48076160678
1418.5911235534838,10906.121175523402,12335.75022854293,11688.804768868702,11352.743421795964,11190.733391285328,10993.69416498861,10794.46561395526,11088.929791032024,10600.710374763486
1419.479598788334,10959.929428648331,12189.13154073982,11634.184549795578,11370.393179346736,11127.39863893328,10973.064268670681,10794.649358367107,10933.659748603633,10521.006857901504
1420.367983161566,10805.596010236806,12404.12152321236,11626.136068774427,11179.858297575109,11024.91589290444,10775.043986780618,10869.973488233773,10957.264983822883,10579.729265399987
1421.2562766871272,10696.478803818856,12176.775615874847,11617.988077549076,11114.75251671768,10847.885173852545,10750.941526852557,10724.799419796382,10875.116535369396,10573.393049762693
1422.144479378945,10762.741955961934,12097.740098212978,11422.618688591732,11100.302660772557,10861.832356406341,10693.05200400103,10723.541357983926,10791.05349894605,10400.136424665361
1423.032591250954,10694.747613469825,12127.672016697763,11397.076266341788,11070.917449218585,10840.431885118189,10654.521359357963,10465.349245426505,10665.393319928737,10399.030285944787
1423.920612317081,10677.534861757691,12057.73529681441,11377.416027251018,11181.797067951642,10801.426869313962,10539.514818252019,10509.085202361004,10677.534861757691,10441.705338602329
1424.808542591247,10758.754466593578,11945.357827619757,11497.664984448707,11036.932543903746,10707.682710212415,10525.128346977619,10376.2596102921,10557.727340412404,10344.747249971808
1425.6963820873902,10733.107004790867,11776.845125191923,11273.458927540165,10740.717595252125,10693.966825275827,10336.269073596715,10351.49025451923,10690.705143649575,10160.138265779036
1426.584130819418,10608.336952078089,11775.33007781115,11474.34581726361,10876.72363928113,10857.165095274431,10387.760039113648,10348.642951100248,10623.54915297219,10283.447804411251
1427.471788801253,10700.971526174104,11689.38850636274,11405.89748237457,10857.380366995163,10630.370313303487,10551.079720387257,10376.205946969267,10605.388345672347,10227.40031368812
1428.359356046811,10594.136425866824,11708.281924157473,11142.538782029342,10623.399002183796,10718.773324994669,10340.52743111973,10234.315117080349,10457.577736387619,10096.672628478294
1429.246832569996,10604.285583691055,11697.052221306374,11194.618305501119,10665.055128583268,10635.755526581665,10316.71541589755,10203.857689669156,10441.510017015486,10183.239451223584
1430.134218384726,10611.476078331167,11594.925730239996,11092.877399652285,10734.27144923249,10564.748636306771,10294.164146444562,10330.02474148654,10473.46712165446,10205.056001188736
1431.0215135049039,10579.661929355761,11758.445249262377,11061.84199465459,10720.071022862643,10426.191524824984,10431.633737751607,10080.06678269174,10350.000543852257,9892.854658015896
1431.9087179444361,10546.885199883991,11484.967863230793,11139.186230345984,10625.422353094422,10479.255984619454,10269.823576058308,10245.826112577342,10191.286422847877,10093.11498133484
1432.7958317172158,10463.952079347247,11684.728289793895,11021.927610240124,10748.945452269048,10507.629224622618,10280.508069190684,10073.041629132667,10303.438570460256,9969.30840910366
1433.682854837149,10486.812608783615,11580.415545632228,10958.926339247671,10524.974226719509,10397.40538961952,10242.578253993894,10026.692529670838,10299.275514927222,10024.511865788787
1434.56978731812,10588.921077137215,11342.24438136225,10905.251642114827,10557.396725300956,10272.5905121596,10116.05579959336,9921.4744555006,10216.064088177347,9805.160467690963
1435.456629174034,10359.76214204805,11469.348906790568,10900.44140705957,10401.018792791901,10329.362504657844,10091.593912213018,10036.22314410943,10264.220424535974,9988.45228535339
1436.34338041877,10368.397699298775,11341.248403929634,10993.104506285814,10323.930721718101,10225.235722697578,9884.683748055339,9887.93742934173,10125.45616324826,9776.227705175645
1437.230041066221,10412.588703574631,11486.946474970033,10868.376849015105,10358.328210069812,10401.736604873668,10031.680039170808,9954.630138393964,10165.16085319266,9815.72327502163
1438.1166111302662,10345.563709732001,11401.100366467293,10765.169424973838,10584.717226191078,10346.65077117045,9983.572250728033,9903.129704282708,10104.236070396022,9737.896365638255
1439.003090624781,10461.027624188244,11322.089137216417,10799.146475895013,10425.150061145403,10252.285439211717,10045.717651995363,9826.103478217974,10066.374430716998,9776.092329734014
1439.8894795636552,10454.112488393584,11447.61305973998,10658.047292830222,10300.343464727457,10273.079453439137,9962.269724752285,9941.549076173162,10006.98270326513,9832.49303101988
1440.7757779607598,10418.724847713143,11278.124958304303,10665.515730805395,10322.629282615277,10086.758350102327,9904.395175427966,9871.635323690056,10028.882612032021,9902.211185312104
1441.661985829964,10204.448182055829,11174.373764726586,10770.875974415978,10279.898988374072,10179.29791328308,9900.45797688957,9915.766836142548,10059.014019152546,9709.097236227357
1442.548103185138,10160.493627680858,11201.138053022674,10716.888598793237,10274.177472466099,10101.465477503907,9826.000776678131,9805.231612726982,9983.409177150003,9550.536075852357
1443.434130040147,10364.109711447349,11100.879173638465,10680.96443551466,10436.470997912547,10051.64051989308,10034.098389840912,9656.94259371927,9949.676888964847,9689.834087567087
1444.320066408851,10223.898088151162,11173.306876204524,10727.55453382734,10282.894721701083,10005.392037966269,9798.903820541544,9710.408870216663,10031.612763988456,9613.173677884384
1445.2059123051222,10180.274445590621,11273.824509321517,10741.237252734016,10177.000343603404,10049.310366101892,9740.453411974302,9708.803759431194,9951.087306485344,9561.469170006372
1446.0916677428102,10414.394472290775,11201.250145061173,10835.0680037165,10287.974447302731,10086.356304002837,9943.58886199048,9741.970718690585,9774.665552739216,9525.094986167995
1446.9773327357761,10210.678758181855,11312.354385333194,10726.611997431937,10371.02164649002,10195.408006914411,9852.906871344589,9831.091512391098,9920.534484100413,9607.484083117806
1447.8629072978658,10131.53239080667,11104.586641719807,10547.777322328304,10097.753351861196,9946.292499815367,9769.769780164832,9692.404884515523,9827.521040297413,9490.820297260281
1448.7483914429251,10100.921133641263,11128.1704970106,10638.58782170266,10232.059350241603,10044.094573114447,9764.333044367053,9566.532900994873,9992.73210494598,9568.718537938212
1449.633785184815,10200.81185567914,10998.347751003737,10448.812743677336,10082.820243768103,9983.401385583804,9656.73942297825,9535.470266291906,9693.884930431723,9475.381945411285
1450.519088537367,10264.841590750151,10968.153042325563,10408.352182894045,10022.735935301296,9930.713876216661,9753.242762267726,9462.935075869776,9790.489786182936,9403.7780378868
1451.4043015144268,10126.429170347365,10940.54265794934,10407.688350949396,10062.706387242217,9870.439369252546,9679.271019937103,9573.798827211342,9779.249869291732,9523.260068196914
1452.2894241298309,10013.481253949121,10916.886978257437,10438.742972952792,10047.634397185167,9832.800109087459,9622.372678181497,9709.408107718516,9747.968108146311,9378.893818337427
1453.174456397417,10097.816108801515,11095.13128004117,10457.467376306082,10055.893568417547,9788.913179656489,9714.997121611072,9641.081063565656,9858.41633871412,9342.107157143148
1454.059398331014,10236.639664412573,11163.51843973855,10268.753743844418,10028.451839130275,9885.599554761038,9713.95533710808,9498.015837480165,9800.331136959247,9417.176947875869
