Wavenumber,Baseline,Surface,1 micrometer,2 micrometers,3 micrometers,4 micrometers,5 micrometers,6 micrometers,7 micrometers
182.0479171146653,5328.863714071655,5764.556973712733,5896.454188790182,5827.262207110209,5880.237318083939,6134.301625815088,6241.332972476296,6324.579575435014,6576.481633738665
183.0672783873888,5422.431261661663,5778.657277054372,5860.946569363933,6001.704569367132,6132.717784754724,6191.18649244836,6279.9723078349925,6388.247692452837,6599.384692457634
184.0865280029866,5406.018260573402,5905.464039603378,5774.707848526861,5955.837326329578,6024.4307380418495,6070.516936536032,6221.63679671463,6515.302340607793,6669.637516960403
185.10566597980142,5345.039869325038,5734.057563956388,5755.142533855105,5900.62882615626,5969.154978327094,6145.21447698139,6364.498163928059,6376.094897372353,6659.687742510112
186.12469233617958,5334.986073090974,5904.344846221556,5847.723531766581,5934.752589169598,6031.218532315111,6191.64558993754,6200.033932819759,6301.742590266658,6593.237505423751
187.1436070904492,5488.980961585807,5788.531738534871,5878.2925985265765,6030.677314326448,6018.152543164815,6287.435123139931,6325.009436624831,6410.595372895993,6614.1229042725345
188.16241026094582,5433.562216848129,5813.777256931817,5847.872627374103,6071.042324814529,6161.963312660628,6280.78051268678,6370.6683074891735,6475.020804903446,6738.485031048393
189.181101866001,5472.465796780219,5841.476920191957,5965.851142846053,5974.07423194715,6136.480241693821,6235.157310906988,6276.272756412474,6545.57892447341,6718.263795596451
190.19968192393569,5477.882213880544,5888.877889574102,5887.847825223993,6143.303784051066,6129.912947499647,6312.234337468969,6315.324530519297,6526.487722291676,6781.943681118749
191.2181504530709,5455.620810776427,5874.9684731721345,5920.081669126685,6050.294757450046,6056.446556898394,6165.1283471525385,6353.783530235203,6544.489313133985,6700.334899158795
192.23650747173093,5594.357978702501,5815.603774470397,5951.206036392656,6053.162624304128,6056.2213219414725,6196.921413259304,6392.678062049332,6458.9498441917885,6596.591237872277
193.2547529982185,5568.08862158348,5908.616355465444,5993.4926374840725,6063.0298323909,6180.629500248035,6268.573599689023,6480.253001831866,6438.3261637262785,6789.079955682777
194.2728870508436,5529.577688609003,5928.032551464653,5916.851420109009,6056.107328811111,6178.083307236309,6245.170095370169,6344.783811084081,6588.735767934479,6786.946732875426
195.2909096479161,5497.207549725625,5877.511144702043,5969.552706252187,6001.918969654435,6061.59426780233,6330.63883233352,6421.668948152344,6448.977982897991,6766.571942532553
196.3088208077315,5471.684526818463,5921.259787976923,6051.586099638588,6099.069329468807,6110.1824258120505,6311.228441476171,6432.462219766092,6623.405420572719,6776.968206406619
197.32662054858883,5520.652893830636,5942.832350402389,6028.682239896645,6117.562125490699,6202.402016285022,6308.451879777927,6490.251645765764,6569.031544360493,6752.851307748194
198.34430888878708,5566.138860962755,5901.6541794181885,5997.085183170483,6088.498039396364,6166.851916161406,6332.600501625917,6445.108632365464,6485.2901076295875,6693.229242121429
199.36188584659982,5520.091488576035,5961.779114503195,6007.9555481228535,6122.392796658526,6208.722650817017,6278.991136759974,6399.451398376473,6572.111106693454,6799.981768251329
200.379351440326,5560.839993945359,5955.609535857877,6042.77946008729,6060.81461682441,6170.0275103991935,6329.3380615770875,6496.664237971479,6521.713066773035,6727.113462945791
201.3967056882357,5545.219359050728,5923.120244510259,5918.108296427241,5978.251673423453,6120.590998981154,6195.770220226419,6427.322221661834,6613.766690350091,6818.254172137211
202.4139486086096,5524.876397198267,5970.624384381775,6033.588786158817,6097.552622884701,6177.507418792057,6269.455434085516,6456.349769518959,6600.268402152199,6849.127704413843
203.43108021972506,5544.465079304747,5993.989243372611,6054.059287568763,6209.2402350754855,6212.243737285294,6297.342966563174,6469.543759925474,6594.689685334122,6719.83561074277
204.4481005398484,5672.6859237652725,5883.082257921173,6050.397437940389,6167.61825268439,6275.8220816788535,6319.905123121042,6597.427906745729,6575.386386024636,6863.92993000987
205.4650095872385,5602.836697379453,6011.795545269237,5951.506771624551,6110.26720888889,6245.916949589433,6429.797709205724,6581.524456211516,6665.928739314076,6913.112711257287
206.48180738015802,5514.85093168278,6030.2951954691225,6130.967903239893,6175.263894659031,6289.024054440002,6434.999480707618,6444.060024406987,6630.304533782912,6835.676857635282
207.498493936866,5613.483779271595,6044.049177825389,6068.2495749337995,6141.859116138547,6293.111598066109,6459.489328186427,6415.121933487676,6675.276202403083,6928.3720221618705
208.51506927561792,5634.661579509524,6084.991228363584,6159.542445399827,6189.765911765871,6282.45120862174,6368.084363325533,6544.3879171274575,6703.564839988624,6873.82370051734
209.53153341465438,5650.098847886732,6144.168043668101,6173.349319997346,6244.793134458603,6350.449479788631,6519.499632316676,6628.174730370419,6725.781068437206,6986.400053584609
210.54788637223098,5668.572141749453,6039.178647827686,6260.136456329614,6178.783808653904,6396.728556130805,6420.833044331016,6541.3554853320675,6750.26104973389,6846.679002534731
211.5641281665776,5699.382822224183,6064.856246347835,6068.861434557409,6090.889969710068,6176.00021916352,6432.332264576274,6512.436028767759,6711.694142194079,6823.839412062159
212.5802588159349,5817.054526324243,6182.057947694081,6098.057160310337,6144.057591496673,6324.0592787475525,6391.059906779824,6605.061912733647,6635.062193942126,6866.064359247422
213.59627833853668,5524.795781024313,6055.640915894307,6267.978969842305,6197.867348255702,6357.1208887167,6332.081023864342,6658.600861539093,6609.52272642847,6906.996320874487
214.61218675260898,5777.902336926604,6183.210368568279,6218.410817966439,6214.387909463792,6329.040801789229,6443.693694114665,6556.3351321887785,6775.583645583034,6920.408351678322
215.6279840763818,5745.581245369034,6149.7016072729575,6290.133433034571,6334.586672844002,6351.76178822492,6517.4511366055285,6725.5731229860485,6814.479602604912,7036.74580165207
216.6436703280742,5741.381522126719,6109.83407396983,6249.52212933892,6347.708661011398,6449.944121825009,6499.543503803889,6615.950216611465,6780.944079112639,7041.08777643044
217.65924552589792,5784.602671747359,6155.877449734641,6294.473211544608,6349.102197951456,6438.12721283669,6464.430058143691,6697.109074321007,6944.96280894467,7124.024486611561
218.67470968806808,5844.462607662692,6286.012719764742,6319.432797056869,6377.158385106908,6519.953260809636,6647.557192288668,6763.008368388746,6859.217681805477,7102.272789384588
219.69006283279307,5788.021085613346,6253.642841064045,6330.238627674983,6385.669789038161,6383.654110443136,6612.433630978437,6726.31947159733,6904.7070272570145,7021.616385768445
220.70530497828082,5941.407375028197,6177.73620595772,6186.787097355021,6360.765343103139,6568.93584524106,6542.788825648857,6646.371249417967,6970.1920305214,7099.921473882713
221.72043614272843,5780.449974084873,6195.847698311767,6250.030010167449,6332.306854096448,6537.998963918943,6577.130633592491,6576.127257447016,6831.988174543291,6964.4338257460695
222.73545634434052,5911.654324150267,6260.641062918579,6281.76129782963,6421.557138431346,6503.020901659685,6649.856820565084,6816.807248909579,7076.2844206739155,7189.931399004808
223.7503656012996,5963.33039453019,6238.267720476895,6297.469553436222,6410.856114866798,6599.499243618552,6588.461613744779,6764.060270827529,7028.963387798078,7144.356791023885
224.7651639317992,5831.866851780742,6295.239933247636,6391.73411073315,6399.775292190277,6611.861453121978,6618.8974868969635,6756.60271935025,7010.905082931864,7239.073606777818
225.779851354022,5932.676906646731,6280.831631254615,6376.147766233718,6445.377380060646,6556.746758825704,6721.292507631735,6888.848239647633,7002.224273885936,7104.563703021394
226.79442788615052,5823.337381050433,6222.347553690581,6446.476693485929,6539.947590351254,6535.927336722638,6703.77292571736,6761.061539925139,6961.069157948791,7124.894493314897
227.80889354636383,5889.016357932467,6311.951161037897,6270.8603389352365,6434.221412172641,6579.542612291805,6650.699889591534,6898.247037380731,6922.300201538385,7221.962538335834
228.82324835283728,5981.693352761044,6405.379938196061,6333.263072590101,6465.477326201028,6538.595814940404,6664.800329750835,6756.949658025118,6966.288892909086,7131.556709922745
229.8374923237279,6005.6004948322225,6292.629194585235,6393.639294498317,6409.640894484548,6539.653894372673,6726.672594211745,6712.671194223793,6876.687594082658,7246.724593764243
230.8516254772112,5815.210001826051,6247.853632546098,6362.758984815857,6391.735117127361,6533.618247756107,6665.509608622265,6818.383685989857,6910.307967805664,7188.079167205603
231.8656478314442,5897.079038271216,6316.297924772003,6371.3266568902445,6425.354866606337,6629.461436644906,6617.455167819108,6762.530916130836,6991.650546223152,7189.753981848822
232.8795594045878,6084.478315155235,6344.242578199629,6359.228977990651,6446.150096778583,6434.1609769457655,6744.878999279637,6878.75750407944,6923.716703452508,7182.481873177501
233.8933602147881,6045.07539577458,6385.614974979803,6381.6320559247715,6507.094006158274,6593.722495605217,6749.0563387514585,6766.979474499102,7086.608728665407,7246.921220630439
234.907050280206,5990.987695579317,6444.865480790178,6414.009754164001,6558.334927092893,6544.400082810103,6703.655446041984,6822.101622445695,6982.352331697775,7209.291224303205
235.92062961897682,5966.946896375988,6396.280850279124,6517.52793911288,6565.231711768784,6630.824399170652,6721.26280149747,6828.596289973254,7042.269438327824,7200.288185250506
236.9340982492395,6008.022172333967,6508.110729786224,6551.856050915248,6454.423290218784,6620.4566681403085,6710.929945929882,6925.679704199638,7061.886726805918,7198.093749412199
237.9474561891402,5915.264449010439,6429.418236561558,6458.370585763466,6595.145476820753,6787.828352543794,6806.797133055388,7059.381420920307,7099.315695681559,7380.8523327483845
238.9607034568071,5960.782135864577,6382.634376699563,6588.075420699581,6599.045573534533,6532.2273699034595,6946.101317767571,7109.656323670498,7224.344285126818,7300.138068350126
239.9738400703682,6003.525831886905,6509.631228932797,6617.228439328381,6618.224709795007,6861.314703651695,6870.281137851327,7068.538960709856,7132.300270573905,7519.84948209133
240.98686604795878,6059.680298375643,6637.597936812322,6625.661600045988,6703.24778902716,6696.284925913465,6898.207956210618,7039.454607945572,7214.520880518473,7431.364331773544
241.99978140768508,6117.459175156281,6522.189165877556,6555.8342017810355,6572.656719732776,6797.286812382481,6901.190599731463,6906.138399129034,7164.413527682219,7416.751296958319
243.01258616767518,6054.19420319982,6500.823186363899,6534.419171823145,6588.765618889571,6751.804960088847,6822.949399884896,7066.026235854727,7150.016199502839,7330.8416506511285
244.0252803460389,6144.559639393303,6567.4324029444415,6719.309240557878,6699.456059170501,6814.60451121729,6857.288851200151,7033.98216554781,7219.609411519788,7524.355745816031
245.0378639608862,6171.814087576059,6604.1897637678285,6668.946489464753,6648.025085778054,6830.340175047855,7076.415732696167,7112.280996159078,7209.9142133636715,7447.0234551462545
246.0503370303231,6232.243706527946,6629.43073538273,6649.389882561362,6773.136595068883,6867.942544167387,7051.566698210804,7126.413500130675,7398.855859119007,7563.518823342723
247.0626995724524,6169.076050646216,6573.687516316129,6779.489891446999,6766.502362919323,6775.4937288230985,7012.266364289196,7169.115747277287,7284.005422714422,7585.715700818901
248.07495160537292,6259.22464766837,6570.242021465557,6739.706616162742,6821.448361840207,6875.278291920489,6988.919255423308,7211.216929643732,7318.876789804297,7530.209107897256
249.0870931471727,6245.301559666736,6697.657479910625,6866.045476653394,6879.9947781587125,6983.618160769647,7094.2161941332415,7313.419503502527,7493.764044392712,7745.84785016739
250.09912421594348,6231.419653245104,6751.035800988598,6843.434083474534,6841.447023636128,6987.4959217590595,7016.308289415964,7305.425495904218,7464.390282976797,7688.928044716815
251.1110448297732,6379.18719223344,6624.272316283015,6900.242151086804,6974.963225492163,7078.576448667593,7132.37562223945,7345.579754542739,7464.137192599241,7679.333886886672
252.12285500674633,6300.309132930022,6833.1364149593555,6856.043008392393,6845.087681098332,7107.019597310882,7204.621604112517,7412.772822699677,7388.870290421726,7833.059015253656
253.1345547649326,6288.522072197466,6744.327716447147,6886.953990249564,6954.776274295468,7129.318917060664,7224.070637418913,7364.702138161156,7586.121947840432,7797.56789221884
254.14614412241642,6371.553947289548,6798.713916563999,6852.482304304839,6939.109151220638,7188.036872243045,7177.084052518059,7381.204783756433,7455.883100063155,7773.514872087748
255.1576230972605,6321.7561089259225,6820.395966074205,6914.140259218082,7024.838307505001,7266.17999836477,7275.155515793439,7426.7420323665165,7645.146289797464,7794.738246941949
256.168991707531,6254.985997510782,6755.028411432413,6853.05652822101,7046.142212804611,7173.875819529146,7168.924904539823,7541.233711736919,7543.214077732648,7866.013735036513
257.18024997129396,6390.140442359969,6877.725600182721,7016.469344278626,7018.45139776571,7179.9887569630855,7339.544062673376,7406.933881234244,7561.534053226824,7876.680557673237
258.1913979066048,6399.92757593518,6898.172982326667,6924.917765572333,6882.324221884791,7127.980008733874,7233.968594188922,7391.465651080068,7554.905993136917,7861.975726698271
259.2024355315152,6604.022476112418,6933.030820422053,7025.471231361013,7235.201626071988,7038.393009234201,7348.515678190714,7468.787610702696,7684.481902893604,7882.284502644713
260.2133628640877,6463.448659307162,7032.613571214801,7014.734045186288,7179.623007449234,7194.522612472994,7301.799768644068,7460.72888889751,7649.457219198472,7894.804048589723
261.2241799223521,6542.635650987818,6912.897992814905,7148.064615326703,7237.127719171596,7238.128428203561,7279.157498514131,7522.3297932816495,7718.468763546809,8016.680055072408
262.23488672436,6568.773287801478,7006.224358628854,7026.245002602647,7233.458667731405,7400.631044912576,7474.70742761561,7539.774520530437,7853.097598720297,7967.215269370917
263.2454832881522,6588.191825253093,7056.205452183641,7106.206908052289,7266.211566831963,7398.215410325195,7453.217011780708,7650.222747903182,7883.229532251083,7963.23186164092
264.2559696317549,6610.8745717289585,6950.174425575975,7097.436532230985,7243.703624651839,7196.937955646532,7513.352482107972,7545.1929376009475,7713.350343173222,8052.650197020238
265.2663457732051,6676.687280369612,7021.964551053406,7031.914904675417,7203.060986974012,7293.609204934315,7492.616277374542,7611.025485476477,7908.541058774616,8093.6176361440275
266.2766117305328,6609.746254391487,7036.085768854631,7110.27477949207,7212.161020767485,7321.960756510893,7468.360404168771,7518.808931402229,7773.029941186517,8052.9698079917835
267.28676752175306,6659.721363387955,7147.235559309227,7234.433220368316,7297.849701138563,7457.381785576215,7537.643269051059,7787.345662083906,7871.57067560689,8190.634844482194
268.296813164885,6632.456029165268,7035.714111607794,7204.151148500248,7312.149013331294,7404.29398057246,7548.951671080098,7703.51742258141,7899.697030256152,8103.803086725833
269.3067486779473,6665.041555299722,7107.464123642309,7255.928072750558,7282.651583590044,7527.122219788296,7530.091498770461,7725.07415193263,8003.196616595419,8233.810617543568
270.3165740789518,6714.497048812754,7153.689254126964,7347.566894310716,7290.194939562462,7518.693586921883,7588.924772906813,7679.928563197145,7916.3405836252905,8224.962133305546
271.32628938590284,6680.369589884923,7183.129256797743,7234.59284474945,7389.973292988255,7480.0345719037405,7675.992079873698,7768.032727556557,7909.557594423749,8318.297244886337
272.3358946168082,6624.563133775102,7221.335136014988,7285.345334275042,7370.0357504344975,7484.2693350216705,7546.309988719877,7925.447316875579,8070.208842171393,8314.432367840522
273.3453897896616,6718.071783213726,7028.665884676131,7175.116900872012,7365.798089744501,7501.437285952767,7526.992496832585,7685.238225742228,8048.908534416562,8205.188477873911
274.3547749224599,6770.971998160125,7078.386305590371,7219.81653009502,7320.978426789319,7477.140966346537,7726.6081679033505,7728.5724765770265,7953.485819712893,8157.773921775166
275.3640500331931,6730.889887505373,7159.4336945953755,7345.201537577052,7480.841549912879,7564.387934322626,7658.746203773637,7845.496945395427,7983.102755011483,8202.289151757059
276.3732151398508,6729.545687207654,7188.534709542395,7321.2189022944085,7378.223962884162,7476.508550107876,7691.751796127807,7846.0585980690375,8007.245321115927,8279.493627725613
277.3822702604157,6749.669915951303,7352.583761130728,7332.816094075664,7479.096830283132,7601.656366024523,7784.507286283857,7952.532456251894,8192.709610970911,8359.746397586194
278.3912154128739,6890.241362945878,7352.686932694719,7419.879878726602,7566.123349501877,7602.684217195695,7813.156239324975,7955.447183863081,8340.818491987115,8285.48312466674
279.4000506151897,6930.735205178601,7560.80204201302,7550.895330742038,7523.15653918329,7671.757208248012,7901.592909734781,8022.454787240754,8213.654314770694,8506.892968391745
280.408775885342,6760.820762750807,7404.520403129534,7492.387378580005,7688.853986609709,7708.599374351387,7924.81137012277,7932.709525219441,8249.622998473385,8561.60012479191
281.4173912412953,6998.3064511350585,7304.5195201524375,7527.490201475773,7614.696512393343,7850.549944193137,7961.539794451864,8018.025700387108,8149.826147569346,8486.759621569052
282.4258967010173,6891.5938759301725,7366.468536144375,7566.467615031269,7633.462380372692,7700.457145714115,7868.929276205045,8108.337040586894,8337.892633595004,8556.610838092001
283.4342922824653,6915.819248823173,7495.594441490868,7543.003656564206,7641.77285463366,7837.33586681118,7966.723516282164,8104.0127015987055,8378.591072231788,8643.292523057924
284.4425780035999,7012.47933367258,7327.204913865458,7638.979941744029,7670.452499763316,7789.458109773749,7829.782324735961,8134.6727305478125,8343.178427425595,8443.497206112075
285.45075388236364,6951.1058976855265,7512.283431139423,7543.843503319607,7824.925396174371,7849.5817025651395,8023.162099556152,8262.821397674425,8447.250569477374,8688.882372106907
286.45881993671367,6992.93254183554,7550.910694273023,7578.465170936603,7722.1420849681235,7773.314684486199,8184.663657535349,8166.950065394476,8401.163117034901,8715.087333309251
287.46677618459216,7036.599362991962,7512.058540946467,7682.988080128457,7744.876361556419,8002.2530240028655,8175.1472705317765,8178.094331552155,8483.606323998129,8680.07705869007
288.47462264393835,7042.962449701856,7510.268015084917,7711.523563201572,7846.0211734063605,8001.135205613344,8069.8566122873235,8252.459207163898,8474.331177282746,8745.289866454437
289.4823593326873,7042.949280806957,7521.854097862666,7754.914552980126,7700.828793353711,7911.271567172853,8128.597983126265,8179.73361040942,8447.212276198235,8718.624451778061
290.489986268778,7117.2450465528555,7625.619692735202,7661.019087827203,7770.167222694206,7779.017071467207,7965.847212230545,8146.777453811883,8392.606586395223,8645.318934690897
291.4975034701347,7135.843348621573,7491.16319624207,7615.81960687136,7823.907473433639,7867.0955212107165,8076.164934313384,8160.577936786762,8493.322213978332,8680.79760319246
292.5049109546817,7146.080826489054,7615.079251672774,7697.67016931519,7869.734581070224,7943.476471822381,8115.540883577415,8256.142088611528,8419.357473476302,8800.848854967464
293.5122087403397,7111.705355193494,7615.406148678826,7756.795845095761,7793.12514209178,8013.0646698514565,8100.451357220258,8211.40299399188,8455.889344046165,8669.937634455137
294.5193968450258,7081.606968749362,7634.826751406735,7751.967595065503,7995.108673920256,8051.218153655967,8179.18714252689,8314.046769260094,8657.594285536647,8809.188318506816
295.5264752866569,7061.532653476375,7743.4508407997155,7701.260219137984,7936.742758645324,8000.519279761896,8160.4511711772975,8396.914887932586,8536.242057141095,8889.465866402106
296.533444083143,7254.926142862466,7682.6653123755395,7800.122292562196,7917.5792727488515,8211.221723215493,8257.225707121932,8468.648271457914,8660.494672429453,8815.146363008549
297.54030325238267,7246.088086677237,7812.722991662109,7844.962563842283,7868.409525427864,8001.275641079489,8232.8143867371,8396.943117836166,8647.044041415696,8916.684099649878
298.54705281227865,7215.0421889487625,7753.900704481128,7805.638931515939,7843.710457069856,8068.234838541675,8248.830536682051,8398.188060008957,8585.61710888978,8844.308244063832
299.5536927807334,7219.618721070338,7742.116733632976,7816.064310829923,7854.984088302001,8202.343102240291,8169.261291389024,8561.378049420204,8650.893537605982,8814.356602988706
300.5602231756384,7238.232624645011,7803.415032062096,7830.699700006369,8012.92230377705,8027.539090175767,8270.177744394481,8435.834656913283,8635.597404362425,9001.991516756949
301.5666440148816,7355.3570725652025,7861.679326862714,7936.943445744777,8115.817910100847,8243.864657809292,8291.760006188786,8470.634470544857,8748.231999928048,8987.70874182552
302.57295531635464,7316.73308754099,7923.3674329833075,7946.812238604266,8070.874335015175,8077.712403321288,8359.050070772797,8602.289929090248,8708.768421285438,9010.620293655285
303.5791570979309,7428.92070466254,7805.948713006209,8031.186224484246,8050.772095047553,8201.583298385021,8416.048581053237,8458.158202764349,8620.720928439801,9051.610080832566
304.5852493774946,7255.149850553528,7902.037112292775,8038.4822251634205,8255.420138432577,8343.765894967526,8438.001368604808,8601.931827952993,8808.071926534543,9018.138503184315
305.5912321729156,7417.114012918667,7929.7227134010645,8096.664244209508,8122.196478333152,8271.461847055996,8523.838161278172,8724.167998248304,8938.245961285014,9115.989591145768
306.5971055020673,7370.110912191703,7973.477325536464,7998.044361910437,8220.130370731147,8269.264443479091,8436.320290822103,8715.401824030429,8924.712973936674,9180.210152225985
307.6028693828157,7465.747221286624,8060.084675295424,8180.5318005264435,8298.017111202602,8372.06247507413,8595.185838207002,8756.11109568779,9037.483478399598,9242.835954203303
308.608523833027,7483.212385350383,8034.087386804936,8162.427440907251,8225.610236773007,8317.422737015431,8576.077307590867,8733.047066069854,8888.042362178034,9343.155938648551
309.61406887055267,7418.454395966908,8064.781561351096,8127.934139342833,8213.782175050352,8481.193872484115,8492.048221826444,8846.294713998846,9090.024194685708,9280.468687692042
310.6195045132517,7553.975655086516,8152.261566182226,8183.802174345426,8342.490859166528,8454.85427574793,8617.485536589433,8798.844033527836,9119.178335185341,9213.800159674942
311.624830778972,7482.385213553425,8035.833553908391,8119.540153428269,8302.70988884824,8358.842549702747,8619.810183500018,8756.695093303113,9018.647510624147,9319.006485371949
312.6300476855649,7471.418130768839,8036.780301462854,8091.746068058106,8311.609134439112,8455.894271751647,8626.680760815465,8795.504186786595,9113.52040780198,9278.417707587734
313.6351552508713,7465.371108316825,8163.776221213307,8133.3253653767515,8205.03221944348,8489.895064366094,8693.228198500514,8908.348760700695,9036.0458980798,9293.4047441823
314.64015349272813,7564.5603094558255,8199.108542337703,8102.0138359152825,8377.605881417303,8459.008514074483,8633.582834712774,8814.04168301303,9037.653734167694,9199.478244871729
315.6450424289797,7640.926007312817,8037.500275934911,8222.044737570934,8413.46053554447,8521.43867799108,8638.251395728776,8868.931972773806,9011.266796907972,9329.311507387078
316.6498220774447,7561.193646828133,8121.209288550071,8354.057897476561,8421.849264632374,8440.516452689772,8647.820488485086,8899.336285468973,9003.479545157616,9304.119521239918
317.6544924559566,7570.754241918532,8034.650905839802,8354.07127824322,8370.779420799707,8493.633410185636,8767.84351449503,8938.856267720244,9172.770263511055,9302.504076302597
318.65905358234164,7657.968963864208,8216.587124780845,8243.04798503479,8418.47368819984,8534.117447828196,8789.90576361634,8899.669332077152,9109.396150386205,9418.106186682242
319.66350547441465,7628.754660672018,8132.494027504911,8263.093122609735,8399.583906215528,8586.154042079563,8813.965997450385,8869.937038209595,9065.344706825083,9506.239396314302
320.6678481499985,7637.084687929234,8310.91621152016,8445.486063899107,8520.137952810055,8693.016011340671,8744.093619542899,9090.83199830033,9160.572578730294,9449.35751741212
321.6720816269008,7615.332005981854,8132.773982149007,8442.060931850436,8707.164031594519,8661.998318304786,8798.477321506369,9110.709861204954,9256.025634398007,9611.460160721554
322.6762059229259,7725.918021676884,8324.307595839884,8432.568867481215,8540.830139122547,8747.510748619636,8980.76457933778,9032.92682840133,9219.923570327268,9657.889623785384
323.68022105588534,7744.954232716037,8397.66869264876,8464.613765462373,8654.619633889244,8856.439338694987,8944.058625171629,9031.677911648268,9351.63598024274,9658.795726093433
324.6841270435762,7697.231954410893,8247.453826501827,8477.528808603907,8605.783373094855,8662.567836762602,8881.873351617352,8984.672811705515,9229.433430963049,9574.056382877654
325.6879239037953,7625.449596724916,8325.69609040903,8290.488166145582,8529.119652820058,8726.675227853844,8730.587219438672,9044.524544121075,9200.026209617967,9392.691795170718
326.6916116543362,7807.99461849523,8219.55912762087,8350.555907247559,8507.947560381117,8625.25810930054,8821.753278740573,9091.567541255245,9273.39889208035,9510.95275364218
327.69519031298836,7692.817677030327,8459.155764499803,8484.667659857301,8576.902973842103,8786.885497169207,9034.154636788038,9120.502590305725,9368.752956669077,9567.941985806468
328.69865989753447,7791.14909343186,8418.361095921971,8597.704527883989,8653.565596855764,8748.627415983172,9047.533135919864,9204.336136542393,9519.90217529523,9743.346451182333
329.70202042575687,7657.970074969355,8498.802797981914,8608.946967546131,8832.185596930753,8793.831823600356,9008.219582216423,9136.065493317748,9409.459057057504,9666.134309345549
330.7052719154308,7825.853709785219,8482.933823635512,8643.509623571941,8822.802848040837,8836.594634538445,9033.620155932836,9210.943125187789,9585.291615837132,9708.432566708627
331.7084143843313,7853.952604832369,8508.941127808734,8703.960266980643,8808.364452597927,8994.519085443842,9100.893161355792,9257.49943978172,9479.112097931618,9902.638511284755
332.7114478502299,7942.232828543453,8558.22915018422,8624.92938883322,8836.800735130044,8965.296783115618,9127.142950425692,9382.17327467187,9532.24881163212,9862.807347289665
333.7143723308946,7898.974099680739,8551.146817813522,8677.24667872137,8930.431555700412,8958.015900274004,9078.204830201797,9467.341119722112,9444.682550965234,9781.605616828394
334.71718784407864,8040.907158205392,8613.776111866997,8726.374492414277,8782.673682687919,9117.505709052202,9078.985210443921,9372.333622922364,9615.309075682286,9901.743552513088
335.7198944075426,7886.547179368042,8651.029325586374,8668.716573185255,8803.336179910077,9073.558018226326,9195.403501685289,9407.65047287187,9611.05382025901,9926.476402439068
336.7224920390472,7885.460073671021,8729.487611496586,8658.66012580493,8920.328336832437,9049.19501218809,9127.89221851215,9458.420485073211,9543.01998187158,9878.466823827894
337.7249807563348,8008.2425905634245,8687.508766224904,8735.816520372093,8950.736732700398,9088.75888740665,9219.879934377588,9465.362195247992,9643.805123832502,9979.001785261971
338.7273605771552,7941.272846254167,8645.265505844207,8768.979697069233,9043.90012201374,8986.952319703807,9249.108582061604,9544.648038876949,9783.239693382358,10033.613651813963
339.7296315192543,8060.355094773752,8679.553395478384,8898.036340189037,8960.73996557685,9192.939328341086,9431.01715598543,9539.768756267415,9673.013960216513,10056.09392157017
340.7317936003637,8050.0487623528325,8815.737161116307,8791.164362696427,8876.67770119761,9213.81649551837,9255.09879686377,9539.160346597588,9674.802193875326,10055.189113415076
341.7338468382222,8174.100955565804,8732.073476027452,8845.0432645012,9171.182132094982,9134.835330586036,9431.503818577969,9520.89730337024,9727.189960583173,10064.134634030965
342.7357912505613,8141.589006476228,8861.580130663402,8864.522873677792,8980.270765577092,9116.617858577116,9315.743469217437,9573.72394014554,9734.593891598804,10126.959626850672
343.7376268551088,8134.725849757145,8840.59935759873,8843.544587812257,9112.542280647576,9259.803791323846,9346.19721092059,9631.884541632555,9849.831577433433,10054.034205571194
344.7393536695818,8184.690623620572,8785.67125539563,8912.914711634648,9041.136963690891,9146.846911951,9428.740107311287,9689.099794692664,9791.873355501102,10243.098227241006
345.74097171171167,8230.13669393761,8818.283204408062,8944.52430232934,8979.754376167837,9208.749856118064,9425.023364959943,9701.970889857012,9971.089509456637,10312.625503057614
346.74248099920084,8195.422341361085,9008.312764573195,8990.705029774377,9067.00521390259,9183.411905072555,9528.719148627157,9644.147632308299,9946.41374635468,10238.897785512829
347.7438815497662,8179.829293924533,8805.811686380792,9026.86171871691,9090.438055450748,9446.465541160245,9411.254031584582,9764.34722482944,9874.872240997498,10268.067431259087
348.7451733811213,8181.997112913792,8930.804706860383,9142.509471641095,9285.606210798427,9364.995497591193,9595.322440755393,9669.811154289348,10026.572887530916,10166.729282732962
349.74635651096116,8330.851681071841,9055.957063856487,9100.17080670921,9201.371151460995,9409.667006678266,9646.456162845068,9870.472459965527,9992.305884715252,10330.295385633839
350.747430956988,8315.197972885348,9020.210014935985,9103.036604491585,9244.039012901712,9528.015891378052,9686.76685469295,9816.922923994607,9950.037085780392,10342.477355341445
351.74839673690803,8329.591953623023,9002.83920887161,9089.329367210115,9247.567043261242,9527.67721515299,9635.789913076122,9897.226073508418,10211.73574019389,10468.257687084228
352.7492538683982,8251.023902213223,9076.224064965678,9236.57101602184,9104.578098993901,9336.298997776285,9571.930797803941,9688.280109850792,10075.459333132749,10315.002034405677
353.75000236915736,8342.569885639163,9109.949631702637,9077.731398089285,9271.040799769396,9507.307846267311,9729.906551232289,9821.679701524867,10148.743588205863,10353.768711199922
354.7506422568695,8371.306747694114,9065.826720236437,9089.23750582775,9224.824972377444,9575.986756247159,9649.145461220016,9945.682078709995,10157.354598431462,10457.793013519995
355.75117354921167,8296.236349530596,9181.674748230056,9289.797588995338,9357.983164252722,9518.706305930842,9719.366713116859,9968.731102629577,10147.961757591846,10632.079341919272
356.75159626386454,8487.243160984333,9069.844536988432,9318.694370960031,9497.280722398473,9747.106438071924,9909.102800578925,9997.908035447223,10263.347858350262,10749.336945871268
357.75191041850485,8390.335979439842,9175.37381575657,9379.444596590147,9451.699322818302,9560.081412160538,9743.647473388826,9951.6239150996,10238.689989573628,10549.190029310841
358.75211603079146,8520.485836669073,9268.411443674448,9328.04995612847,9533.362867855438,9693.702475108877,9872.618012470946,10096.506854306543,10466.070095415082,10709.51254789134
359.75221311839783,8494.694473200378,9222.197333590571,9244.657153441543,9407.734975837733,9745.608787508883,9722.172453751347,10138.167377947619,10409.638243972415,10663.531859679058
360.7522016989824,8514.761760661657,9282.966850638708,9334.766939403064,9531.216332641468,9744.280848691084,9888.930153165134,10038.466258466011,10383.474396839927,10741.188217363591
361.75208179020416,8482.318570961754,9346.303724746416,9369.78689993422,9626.144895734426,9662.348124148959,9920.663051214815,10127.119299740934,10410.874333260246,10590.912009700085
362.751853409718,8699.868720943336,9197.646731168174,9649.46095655889,9548.73181107135,9777.572782373141,10018.149188100666,10206.894091781203,10408.352382756286,10867.990231097492
363.75151657517927,8469.856211776452,9423.105711625833,9538.35513886172,9670.208297140067,9871.40644977221,10135.112766328903,10286.499725833672,10516.998580305448,10743.590674531939
364.75107130422475,8569.842631638672,9374.398469325963,9594.891847498484,9607.631464904007,9881.043253837934,10081.937220617343,10401.407626325086,10591.521916838283,10933.531645648105
365.7505176145023,8597.172705575744,9378.202668180156,9526.228297002937,9512.594357506101,9639.195224262428,10027.762499922228,10177.735834387415,10451.38847714532,10927.602506713347
366.7498555236525,8606.911182223335,9333.639186419203,9424.115363648407,9699.435343818996,9767.535692271085,10019.506981543816,10385.30313894361,10571.119804005739,10903.838649300233
367.74908504930494,8670.67349594329,9455.36309554235,9515.949341090472,9708.457250332085,10013.342873090374,10094.45026632415,10282.072188021559,10639.726476257245,10938.748913962492
368.74820620909304,8861.51535553937,9387.768329474404,9591.447721238148,9807.796166078107,9970.544770980237,10103.08255700832,10453.917872965008,10548.44849976445,10852.50577359358
369.7472190206499,8578.504318292978,9354.483594905238,9681.773978157218,9735.18932260487,9878.925158573098,10118.8086145471,10371.317515572367,10678.212949126151,11168.662929963688
370.74612350159083,8712.67384437687,9366.197320593106,9765.896946671786,9619.048665557722,10000.270693350525,10090.713674434022,10379.547710797448,10626.56402472442,11046.686259434855
371.74491966953786,8656.036922828822,9537.958099436604,9569.039021960227,9851.681161159418,9845.853488186238,10286.81407649013,10467.471938658686,10549.059360283194,11023.043428768435
372.7436075421101,8704.247668445172,9439.097066679782,9666.987287420083,9791.554399604398,10008.822618530532,10202.915560771211,10435.633964154313,10468.465606125374,11040.122431033244
373.7421871369152,8864.146025419208,9582.860568020766,9680.427999207268,9846.58243647537,10091.95003569687,10230.090062030233,10406.870655170133,10776.854082342708,11113.993027729728
374.7406584715645,8643.996360726562,9605.62043927941,9690.58320927203,9981.194502087701,10261.185448654294,10215.807605590053,10626.139165213508,10787.375330994959,11026.815864610528
375.73902156366603,8822.389649306502,9653.50533540614,9767.542138847719,9831.325435687922,10263.312309742038,10374.449872418152,10603.489892889796,10744.586276809037,11285.77788636229
376.7372764308129,8931.793555155025,9590.831011026034,9916.484416639714,10016.016466426685,10087.52492938043,10396.750715126358,10708.875492613653,10755.259360475542,11190.108121680752
377.7354230906021,8957.959297186737,9636.680597157329,9750.930402287899,10070.442569178476,10223.421121810934,10409.319109819997,10655.246656456988,10895.364890968694,11118.05518910455
378.7334615606305,9030.15356276619,9722.62330154102,9787.421447487826,10051.449713808397,10171.374640635324,10452.811364075933,10622.060252742966,10985.703579250418,11240.0604805043
379.73139185848777,8798.962450591105,9673.927950842171,9980.407579106908,10104.159605661756,10267.550953222451,10427.07504995331,10714.218424068853,10907.5809655608,11375.518315971316
380.7292140017562,8858.776465438177,9703.990875747197,9826.948756742897,10225.83574076044,10229.708429925658,10334.271037386568,10659.576927264954,10853.211385525898,11324.711291391297
381.72692800802184,8920.266390876015,9701.236728272032,9798.858020446532,9963.171086482822,10279.232101740863,10525.701700795298,10653.285963835242,10968.38043164601,11246.74609646043
382.72453389485963,8957.138217724612,9860.28174587179,10027.20891506993,10078.348452454333,10295.450262105096,10471.06150368927,10792.3721819724,10938.071618671356,11392.538073540289
383.72203167984117,9013.824882325907,9929.389456159504,9951.579113902573,10315.296547343316,10291.177354144329,10517.897770214819,10753.301095836943,11004.140705106422,11296.46532667816
384.7194213805415,9029.786683387534,9894.464199984412,9898.333003190663,10075.3307498766,10302.622938243789,10416.752632828164,10803.632953453165,11126.678021175043,11427.47747046098
385.71670301452104,9134.266493457979,9726.87423088224,9861.03135710695,10251.920825603409,10281.840760229063,10587.796220755921,10783.723534594887,11097.400268573525,11246.999941701799
386.7138765993477,9077.125146991359,9727.835883969892,9999.126265410498,10084.08553077268,10375.650282356533,10375.650282356533,10820.720979310694,11130.6292086432,11331.442017681085
387.7109421525747,9141.701765049193,9945.474271933814,10006.483510408189,10196.290030106244,10323.150510108515,10595.271081716442,10854.80244538521,10972.947319891144,11437.779613029237
388.70789969176985,9085.807566218567,9977.850985728463,10149.061064064059,10223.965473335882,10526.501464031167,10562.494491863083,10911.72414028626,11099.471555733817,11528.469536108805
389.7047492344645,9066.732970438798,9917.01217845768,9939.336860860001,10367.388379965398,10404.272637847496,10661.491804656862,10818.735219838436,11112.838644529898,11589.422081901213
390.7014907982193,9095.444513539864,9872.866073793404,10166.580204412885,10199.538225670516,10453.508860067557,10670.644058941365,10856.759943690342,11227.053006055496,11512.042954577366
391.6981244005765,9116.164269741963,9932.06048795966,10192.41171298998,10229.18995295709,10445.98799907899,10669.560984142203,10941.526390214769,11272.530549918743,11583.209892798792
392.69465005907114,9215.111537813327,9965.57183179519,10234.07628704224,10314.241286270677,10603.994295530083,10740.178209882004,10887.952244604301,11241.450915900778,11550.520792444146
393.691067791242,9066.085755423974,10080.2645776032,10115.832934400007,10284.061648979501,10608.983394853034,10690.694484791646,10996.390091856096,11224.21983674375,11552.986810379101
394.6873776146276,9181.848631262108,9915.244590936363,10169.629315168924,10310.740841441328,10393.29588402246,10711.99674607986,11022.058126936907,11319.640257171226,11646.980600428975
395.683579546745,9251.295999962389,10097.046305107157,10236.561429391562,10363.568301153915,10591.603366363597,10723.421104480585,11108.290412851356,11329.590265164548,11690.405241762146
396.6796736051218,9256.548159256326,10084.65919815786,10344.647547580435,10502.56639685933,10604.635897003009,10786.627741598812,11119.797996784777,11429.858176466514,11618.590459751049
397.6756598072789,9128.03035042042,10172.636713694987,10218.849714097916,10397.92509065927,10671.35200970994,10734.89488526397,11022.763366940555,11403.057849423,11681.298622682309
398.67153817073995,9157.125170866582,10102.45148156386,10174.797882892733,10376.403187929192,10574.150018228112,10873.181810387456,11204.046019131503,11448.094546280901,11749.055575809014
399.6673087130075,9391.185940498508,10069.31985408928,10376.417640672531,10394.824132612852,10658.327596179552,11014.832282181558,11130.11504749199,11444.96293594485,11776.279790870627
400.6629714516021,9176.74208844701,10050.948028511115,10381.07452414994,10381.07452414994,10544.6856026337,10777.032696338445,11032.614499413665,11428.572671602169,11725.783328966156
401.65852640402227,9281.475399072044,10188.047112710166,10274.156912618164,10503.460537092267,10731.796635724708,10985.288406240383,11201.046668931205,11323.922450822392,11789.302380662239
402.6539735877668,9405.93507196704,10156.119534475347,10444.353409462368,10528.785554660588,10784.99344353794,10847.104446902145,11207.15416952903,11354.667802519021,11895.227628673132
403.6493130203417,9355.060012572918,10358.738577205755,10318.009591974278,10557.534814645109,10792.211348597908,11055.010277115298,11160.711691168417,11560.243641534338,11948.13873897698
404.6445447192346,9326.793762252591,10287.589252729964,10478.58492540811,10522.213378557939,10787.86218218135,10785.923139819135,11260.988518561731,11466.527008956486,11744.779587934292
405.6396687019369,9344.736260631036,10369.94204829824,10414.390178583528,10666.58500476745,10786.401703797359,11011.541146329364,11165.177074924168,11443.461021058149,11774.889470794107
406.6346849859438,9247.43013065911,10273.206842428977,10464.273435966543,10657.2699950954,10697.799272512459,11031.68331980538,11245.909500438409,11562.42385740973,11965.786665989039
407.6295935887247,9437.71226221806,10371.461821345003,10430.242753343708,10498.659903702854,10772.32850513944,11083.578358181756,11158.740861393213,11624.170208202619,11846.766852328856
408.62439452776744,9224.432866599695,10344.996408315625,10525.018214416037,10688.674401780047,10796.494948749278,10927.419898640486,11344.261834691171,11522.358273881418,11943.050943752432
409.61908782054536,9331.874624006068,10341.60961526806,10426.235024059542,10722.423954829726,10805.126058875947,11029.191061698846,11359.999477883728,11553.291604782451,11877.368454358919
410.6136734845277,9437.496939989196,10410.464592226766,10594.643800925849,10650.572565871122,10867.537602296745,11080.645482519245,11306.289120401892,11665.004647292255,12092.184696788036
411.6081515371843,9377.85711413793,10449.750539574243,10787.682613176115,10676.329637633951,10924.211044058247,11052.024894245777,11418.037283419151,11796.63740026251,12007.7239104207
412.60252199598466,9584.036358024336,10452.2361612631,10588.557065780544,10843.796206153633,10916.307325577805,11097.101716675408,11439.354200357504,11761.303570600832,12148.996355788742
413.59678487837664,9570.132401683379,10332.457940797784,10538.25685059673,10755.650065173082,10873.525497076704,11043.57530047865,11377.877754893838,11516.043220157919,12153.729982915216
414.5909402018224,9559.39773308565,10510.591225221644,10521.246142139664,10711.09738904257,10973.595796750162,11291.306046669311,11499.561240976072,11709.75369290429,12051.679663091669
415.584987983777,9392.958077570844,10324.306892319664,10487.123334440166,10924.207949894608,11014.338480354172,11219.797323982424,11425.256167610676,11813.883508624493,12007.712606386995
416.5789282416845,9502.48819086161,10533.3911433813,10631.06581336675,10842.855444325296,11019.830341427645,11371.845983751442,11483.05971690319,11862.153485559587,12170.650710563134
417.5727609929963,9634.251610586622,10463.357717094477,10710.736695259991,10997.734962897326,11197.764058523346,11416.15331268509,11604.586518709602,11795.918697134492,11997.880441027432
418.566486255153,9603.976053728573,10504.499943951285,10667.00049557042,10971.6890298563,11175.78198456843,11261.868586319042,11462.092480278336,11765.813749376006,12233.97010046923
419.560104045584,9587.322425190438,10414.91462083792,10670.821192420864,10864.923912753588,10989.497300429814,11346.80081547015,11646.163219963404,11711.829811916765,12312.485991254844
420.55361438172616,9453.622156452164,10600.483566709721,10925.669586833383,10843.405266266385,11199.56138354468,11338.926820740537,11572.170364936377,11771.540365369336,12134.47119140021
421.54701728101645,9599.81758583146,10500.64895322918,10892.399085014626,10950.579797656028,11087.304472363325,11469.357818708537,11751.53427501934,11817.47241601293,12234.434189942984
422.5403127608734,9656.460841127586,10637.73352284233,10807.587844603044,10921.147591151634,11110.413835399284,11580.182359583197,11617.065012308381,12011.127038793235,12285.805741983415
423.5335008387192,9674.012571613683,10657.991202757874,10885.808915387317,10997.294179014492,11123.32099876695,11422.877054947792,11695.288873028107,11990.967180908872,12317.667475190245
424.5265815319835,9677.185926229258,10701.190884085332,10925.948831315805,11038.327804931041,11291.180495565322,11571.159145348109,11691.288393005776,12012.924765766624,12221.213380656933
425.5195548580668,9590.039564384848,10641.850355317378,10845.83204363242,10942.505829563717,11170.655964361584,11460.67732215548,11560.251321664718,12032.019397009457,12176.063338047092
426.5124208343877,9621.42103390424,10737.200339815756,10864.828475327298,11095.91275098835,11320.22886794803,11477.830277708495,11727.285269844693,11924.528751998894,12348.988990556221
427.505179478354,9700.342388504167,10668.542549283316,10729.356716909526,11010.260253087723,11253.516923592555,11377.07586734104,11767.058783547198,12114.568312839814,12404.159587250328
428.4978308073623,9533.105323954474,10618.629625861558,10856.208788022717,11072.541033242635,11113.103329221369,11510.034368441842,11763.065833832996,12083.701125855372,12323.211825920282
429.4903748388206,9684.6021082662,10715.886584266203,10935.288248794788,11032.907491602662,11344.129236000039,11663.083197649525,11896.0162423693,12018.765191246526,12399.576890912882
430.4828115901255,9742.10330302574,10843.250039370518,10937.026363712434,11126.512544856927,11482.282517618012,11507.418439606568,11846.753386452061,12106.813502410572,12508.021487997124
431.475141078663,9677.908496879698,10812.113811445191,10956.905979262065,10944.357324717936,11259.038969439936,11546.692742836121,11759.054588967532,12034.159707819588,12383.59147281764
432.4673633218227,9680.7736474253,10834.811560267333,10826.11278202983,10929.531589964585,11256.219039328578,11426.32848041752,11574.207710455068,12088.402157383009,12273.976093116402
433.45947833699387,9520.269696287238,10826.215782872094,10846.50044841816,11093.780180789257,10999.118408240947,11562.259361257939,11795.050046810416,11986.305464816187,12356.259126918258
434.45148614155187,9717.513035741893,10800.779952315746,10809.47701052196,11021.10542687314,11328.401483492664,11445.328599376193,11662.755054531515,12084.079207632496,12343.058274217503
435.4433867528787,9636.154181073227,10769.421561702753,10853.474641084484,11114.329025372608,11319.14802340625,11408.99786688327,11644.732940091799,12185.764255652357,12325.852721288573
436.43518018834953,9664.414486813006,10890.995814161904,10872.587405615595,11008.228310693672,11428.715116435711,11579.857839236998,11775.56828799251,12062.351915871872,12566.16099187616
437.4268664653246,9689.195168089876,10768.355677713165,10903.008559973163,11176.189227579775,11257.562192398767,11757.424690572569,11781.642834863937,12084.854001391843,12562.43580681759
438.418445601179,9736.010971385374,11028.186861210996,10989.324428434285,11126.31450397219,11312.8541813004,11582.948089098536,11930.766862450095,12177.543310582207,12540.90705704445
439.4099176132695,9593.08298594105,10842.838293137975,10969.751428985106,11188.700808385496,11366.96048010971,11619.81794924025,11856.205774787575,12218.537933618312,12513.053912988751
440.4012825189566,9828.811204682575,11036.164928115766,10961.373104540258,11136.211133677807,11312.020485199455,11593.703976587729,11929.781521485464,12159.98492651657,12491.205859493817
441.392540335597,9817.931217578216,10925.530537259523,10991.53996209592,11214.807134336676,11436.13285290577,11844.808850789934,11890.433012073914,12125.348906344621,12535.966357900443
442.3836910805403,9769.406116558002,11039.962759039316,11194.293168630247,11286.50316178206,11418.509046715184,11648.54871384129,11945.561954940818,12152.306465902253,12473.58549467331
443.374734771136,9909.453773246061,11078.644915774015,11202.07573464438,11282.743120205329,11469.347192828243,11669.557812413246,11838.667753227764,12090.388872026384,12566.618015699449
444.365671424719,9780.547905302114,11015.061728643337,11167.181915405763,11354.406760651826,11529.93005307001,11875.125861492437,12079.903035980318,12375.367244884259,12759.568229399616
445.35650105863897,9846.69584373961,11005.073436577803,11154.855257985932,11257.95183635776,11499.158925378644,11626.570734498548,12057.436623354399,12395.904635367575,12591.399090582081
446.3472236902271,9809.712225236884,11040.175089247887,11129.522037542292,11302.388959242338,11541.294929681728,11699.59441415986,11932.673409710484,12312.39793996171,12676.583870509558
447.3378393368184,9918.44834431546,10945.632990780392,11118.448555119483,11319.419464210448,11346.603935005362,11651.458357491174,11949.516662278258,12248.545841022302,12587.380852001756
448.328348015737,9792.47171648622,11070.34214490533,11125.732726213231,11382.278576481402,11392.967986909242,11872.047926993366,11961.450268753486,12298.652579522635,12607.673717345659
449.3187497443141,9867.725900920634,11028.63483044071,11291.244446383897,11238.916331029905,11537.38039638231,11719.559760948065,11902.708164687041,12236.057640275443,12554.871528265514
450.30904453986295,9738.972772385128,10930.967355306597,11105.947906408612,11276.094740629356,11494.578743662812,11702.428569557473,11926.713032848455,12109.427530960505,12342.412684637775
451.29923241970766,9823.615415665392,10924.696312250364,11143.36439891838,11358.162253963956,11520.711982106552,11775.179711282164,11960.950829159417,12289.920517067056,12442.794666153544
452.28931340115736,9905.77349178361,11106.590690904899,11125.958710245564,11307.049691080792,11644.05322760838,11728.304111740277,11912.300295476603,12114.696097586562,12704.45228650984
453.27928750152216,9796.28583013863,10976.317108604062,11039.03340713248,11303.406727083035,11405.682536990913,11695.142376352835,11908.37779134945,12154.418654807083,12627.203059098221
454.26915473811096,9716.70929967519,10989.101039066338,11064.401915904358,11175.422439447591,11388.77492382198,11640.743242472276,11890.780769408775,12221.91154832468,12576.211827806132
455.25891512823,9795.969484230765,10924.970217512675,11028.57491602139,11318.087110919583,11298.721746712346,11707.330931485043,11946.493179444418,12118.844920888827,12450.96091704294
456.24856868916686,9709.814005353903,10858.526165987292,11006.715846069004,11221.736166187564,11415.448166294374,11460.970486319475,11881.325526551256,12129.276886687974,12405.31648684018
457.2381154382201,9908.648823068086,10897.86339646932,10973.58345213693,11173.562060694981,11491.003832532277,11626.911624756194,11881.253350203813,12095.793507928713,12568.558470879056
458.22755539268474,9653.997278047342,10891.189663831412,11136.679806522425,11265.269881265334,11346.125761596106,11647.143436562465,11810.803531689806,12142.020390876092,12504.410601515207
459.2168885698484,9829.991127267524,11011.728073462018,10952.446861522985,11217.754580528821,11222.61369626153,11634.666710395135,11852.355095220437,12171.113087286056,12566.645107928458
460.2061149869915,9716.344157804415,10916.815364676575,11070.149601285953,11156.521418110224,11274.91874004911,11656.31339186864,11805.765749070186,12053.2355613195,12389.988599948958
461.195234661398,9617.97971071811,10808.27112243129,11019.857014610825,11055.604402787276,11207.289266130596,11356.075692594743,11738.669360645408,12133.82292183915,12261.354144522706
462.18424761033754,9496.254882956682,10809.946942851004,11025.353802671912,11195.361010422943,11366.334168218013,11535.375425925002,11706.348583720071,11865.730340986662,12404.730465560951
463.1731538510867,9526.842877688516,10722.028620525802,10636.383265362743,11067.496963262183,11157.953855232156,11486.10066546365,11573.670635349472,11986.500493382642,12253.059632485643
464.1619534009114,9568.411448529525,10622.362528341377,10849.72309034832,11014.463158582166,11112.729164195336,11422.94145642515,11595.388662354146,11794.810850216169,12237.97126768733
465.1506462770849,9602.211595190729,10714.703944088264,10876.101797814332,11116.277175382884,11167.194355427417,11298.810462334985,11532.260929331616,11830.078397516621,12161.520418561226
466.1392324968583,9541.248478199264,10551.35146693486,10699.218254259273,10988.230611302442,11083.28783172528,11414.54784228971,11445.27340848699,11806.298811305036,12072.266993700247
467.1277120774976,9354.69483659642,10573.958433276403,10631.290577320917,10773.665401698125,10837.686295881163,11247.611125799434,11449.229165689305,11683.335420537735,11994.840069846257
468.1160850362503,9276.036862985184,10402.507828617223,10578.370384433196,10569.814908744851,10794.158493461444,11132.575087355963,11306.536426352302,11489.053241036989,12008.08543279656
469.1043513903678,9356.103692713436,10312.665515182567,10556.309111193039,10699.461574218647,10765.823643170916,10970.598027366488,11331.797288378122,11546.051968138305,11927.15984983562
470.09251115710134,9086.01762806393,10223.553175343784,10454.6745281774,10569.759646255045,10673.431364192758,11017.735601747363,11213.665637482856,11543.703124862546,11778.628944409473
471.0805643536878,9195.258297591095,10175.642093332193,10474.226488931325,10567.415249341246,10806.092584676857,11007.684596992194,11199.767552122847,11417.524961652149,11832.119854904446
472.0685109973674,9166.805087426614,10381.121487493398,10365.906873240407,10638.819016403419,10537.071283586547,10937.405821118353,11189.397869683502,11421.420737041604,11725.713022101409
473.05635110538066,9192.115538068789,10213.46170896532,10297.38184252171,10531.023123445755,10686.466098101342,10841.909072756931,11141.351367492234,11345.429874095276,11680.156770439518
474.0440846949496,9236.973335730449,10102.165391521996,10313.699132034906,10508.081488181906,10753.917997426639,10631.952597491269,11013.094472289305,11360.886433042515,11754.415418771488
475.031711783311,9109.51040368214,10285.542980523978,10394.610517892374,10449.618493260783,10650.682127365999,10863.126721892268,10906.753736839626,11288.015910944801,11663.587604839453
476.01923238768364,9041.993488588792,10230.082607842332,10176.035457165995,10515.489491238435,10651.08146574223,10792.362614001431,10917.524436620319,11376.451119556245,11486.441812160721
477.0066465252894,9209.02470922045,10238.263062122292,10402.523426561424,10427.209955321063,10689.266952923375,10813.649078596938,11089.948304329813,11408.974214454369,11760.28250834153
477.99395421334333,9046.361070558074,10379.668958765458,10398.661948625962,10501.224093872683,10505.022691844784,10935.213912185201,11015.934119092342,11378.70022542797,11671.192269279732
478.9811554690677,9298.710173653002,10195.554541289466,10392.006164676503,10595.101079675658,10665.330162432378,10956.68595170687,11142.698116846284,11369.519073317306,11729.205862030765
479.9682503096592,9234.333232140392,10322.070060516291,10313.497703725237,10597.337961917896,10672.584204861589,10932.612360856878,11164.065994215322,11458.383577374825,11767.940905940644
480.955238752329,9379.386440410066,10376.808763043222,10494.824381370046,10721.33822944895,10857.436886067788,11023.03944726833,11457.984105134125,11567.434073743678,11663.559698348592
481.94212081427764,9328.21589512039,10394.596684272945,10633.367048302644,10695.200011099178,10843.599121810863,11145.153724987813,11388.680470771089,11705.455495559494,12095.478799353024
482.9288965127053,9495.876546740588,10362.932607052366,10464.436981727815,10792.66608114562,10902.708206961996,11193.940384769125,11340.030793180518,11596.163327408287,11899.727812418974
483.91556586480147,9462.466590646218,10513.851767384685,10606.145307786162,10773.605752225954,11106.623681509633,11092.351484540332,11434.884211803543,11644.209767353284,11984.839535020588
484.90212888776665,9606.831970314304,10556.311311124178,10748.106137967774,11069.03015516151,10876.285848977106,11234.239560462429,11437.42813939574,11670.05057789416,12087.821487850506
485.88858559877923,9508.886229625332,10653.686034113478,10683.21082108447,10960.362853618622,11127.035038132288,11367.9953963149,11419.425670393402,11825.15338812381,12125.163320248408
486.874936015025,9497.649872795655,10692.107491723395,10719.686529103095,10937.465824273839,11170.461140067864,11208.501191626072,11647.863787123377,11793.366984333525,12199.444534717399
487.8611801536827,9500.77499251038,10763.542257539595,10689.205769485045,10906.497042259884,11076.136720127959,11323.925013643127,11506.907138085096,11811.877345488378,12224.540157380945
488.8473180319306,9427.67041172194,10575.552341710498,10649.793461560503,10951.51698710476,11061.926857650922,11388.397423145181,11537.831472074038,11823.37424072791,12073.700067914468
489.83334966694014,9396.686280561347,10440.445955347775,10654.136516609782,10749.110099392898,11050.176356815371,11271.464804700026,11437.668574570478,11759.629020205235,12106.282597363603
490.8192750758827,9257.035961742404,10355.633614789655,10605.875012895327,10638.10307174227,10932.89502178342,11126.263374865077,11297.830394020859,11553.759096628934,11940.495802792244
491.8050942759146,9065.434488687355,10181.340446315502,10310.062422767944,10573.185286398668,10613.884146600543,10905.401563860483,11073.875915393824,11451.523478662384,11751.559262011087
492.7908072842038,8982.193091622026,10052.383557237632,10249.898745212828,10374.295329947206,10535.726012426934,10721.846093403561,11064.648895610513,11321.988395328197,11736.960208526085
493.7764141179032,8770.963599376188,9875.518573916259,10052.96855693945,10231.367470353138,10415.459966109816,10615.684278504967,10851.019015348556,11130.00455015507,11381.47110363713
494.7619147941732,8740.503554244446,9829.61842741997,10042.685441910204,10157.779677416089,10224.363119444286,10398.431260746576,10758.933039727819,10917.78210856652,11279.235079576738
495.74730933015604,8542.588458557559,9665.214780094284,9673.755470621612,9930.925152055639,10004.944469959159,10172.9113836633,10458.550033521757,10756.525236364134,11014.643883412307
496.73259774300817,8388.787484709217,9387.588165554853,9533.6615794677,9755.617286322287,9827.705464616938,9987.05827979459,10220.396330590436,10282.050693605599,10746.829737873748
497.7177800498648,8215.712856592289,9194.38119273459,9339.858918377366,9435.269634545679,9603.41921353538,9693.161966366963,9917.991178723978,10246.733052254403,10503.680723519565
498.7028562678606,8007.179058562379,9068.565045668794,9016.582650930724,9254.756532276064,9281.220296869991,9388.965624145263,9747.171580613056,10044.88893229473,10328.42926722966
499.68782641414145,7701.949793106407,8751.743219697159,8901.038774513845,9120.25756386493,9256.324398634568,9346.090713239539,9593.656759834297,9798.701920563542,10008.471624166736
500.6726905058313,7698.126130432565,8625.839313883613,8776.356044668017,8948.645635880353,9132.294980359438,9232.639467549041,9418.182104239251,9460.781178989555,9789.26737761967
501.65744856006137,7606.624218753591,8611.272700475763,8692.062786517754,8738.635894941961,8878.35522021458,9016.173602286213,9284.206593625524,9456.24195331494,9559.843357768788
502.64210059395185,7219.909166889033,8422.119479302753,8414.522573695083,8563.6118462456,8648.127421130925,8979.542428265513,8998.534692284687,9305.25975619435,9471.442066362122
503.6266466246343,7239.3179910879735,8169.965474937705,8362.5459430534,8399.544161065773,8492.514042225073,8649.04496458512,8824.549332079718,8830.241365620084,9152.789932907452
504.61108666921433,7066.288091547136,7916.482012592689,7947.794958345483,8248.589013001108,8228.662592976603,8307.4193959306,8607.2645734422,8650.912922067308,8910.905259529898
505.5954207448048,6936.606650849588,7745.640034357301,7883.3276407054445,7991.578586386055,8131.165332132104,8277.399065770822,8287.8443324593,8491.052248035183,8780.671006215762
506.5796488685228,6758.056145767908,7519.166816883144,7619.637216806201,7872.708884536921,7867.021880767691,7979.814122190746,8305.869004959914,8289.755827613762,8570.314680229092
507.5637710574665,6508.988424256388,7492.982588495351,7479.685370059689,7655.39861367379,7734.232122970927,8023.921524604984,8048.6163588426425,8252.823641961731,8424.7376803085
508.54778732874547,6513.178617999685,7295.559565536692,7432.61900160157,7523.040157338815,7604.895098322006,7678.183824551141,7731.484716354149,8045.57925733616,8217.855354056595
509.5316976994545,6368.300457384673,7213.793155505189,7285.122685717831,7371.6691823758365,7389.739330029705,7368.816001167331,7671.253209268933,7823.4228737225685,8045.9710079860115
510.51550218668854,6168.390094027118,7139.805019041979,7105.720284830932,7183.357734978318,7255.31439609053,7367.036580448965,7475.918370289812,7671.905592003336,7830.020886815697
511.4992008075351,6019.585304407973,6849.970659488735,6950.108142581523,7046.4668527274125,7073.862956592421,7231.626727125398,7378.998872054407,7557.545893795322,7737.03760877296
512.4827935790854,6023.7051715868265,6825.669369591721,6803.943602154604,6922.963023766638,6985.3065303253225,7105.270550521579,7201.619606112273,7412.265090393888,7534.11830775859
513.4662805184198,5973.650734263752,6774.902375572429,6757.9745239954855,6895.278209008475,6878.350357431531,6885.873847021284,6950.763944732902,7226.3117509575995,7300.606210656409
514.4496616426259,5820.253666425198,6516.16378327035,6697.66466509618,6617.72904356667,6831.204174004304,6850.952974617478,6939.352367838348,6983.552064448783,7274.141559185476
515.432936968773,5849.892436035897,6547.864060668964,6642.568487349164,6636.886221748352,6682.344346554847,6828.189163642354,6907.740882053721,7082.944071412089,7234.471154100408
516.416106513938,5687.92946820285,6428.762386946126,6604.97072823289,6496.972067444228,6591.707734802703,6673.180408730992,6894.861870349824,6865.493813468696,6971.597760910189
517.3991702951827,5614.955678426754,6452.232135951215,6363.301077185905,6332.080599108722,6472.099712909423,6549.677870555757,6613.064901803372,6842.961149462631,6953.651935372644
518.3821283295802,5590.089958476342,6269.3128868321355,6339.413997987405,6389.621550571585,6404.77854757813,6539.296896011216,6540.244208324125,6681.3937429475745,6916.32719654902
519.3649806341891,5490.150390230876,6221.666383007378,6244.349049450059,6317.1226042869985,6245.294160551838,6378.554825902596,6565.686824054725,6645.076156604112,6726.355711357057
520.347727226068,5278.622679246837,6172.841337334172,6197.340478651633,6203.936401314026,6143.630822686429,6206.763225312195,6391.44905985921,6517.713865110741,6779.666222274364
521.3303681222752,5409.546543731881,6139.570893994581,6064.962972040178,6162.236591803513,6244.399746360894,6262.343423792965,6370.949892460766,6437.05817773682,6652.382306921678
522.3129033398509,5363.119797634506,5988.059604562255,6050.55358525503,6060.969248703826,6166.07276168713,6167.966518677819,6203.001023005588,6471.914515683588,6481.38330063704
523.2953328958503,5272.6446516356145,6015.737300025912,6011.950840671057,5943.794572283667,6049.815434219608,6174.768592929823,6175.715207768537,6350.838952930581,6342.319419382157
524.2776568073132,5235.059368177098,5963.415454184346,5956.776791942092,5949.189749379517,6016.524752122375,6078.1694729433,6150.246377287768,6326.6451168676485,6405.360683454369
525.2598750912803,5196.030525941642,5884.78680891291,5851.582304912917,5899.017310627191,5836.403103084349,6012.861324341451,6165.602042741415,6226.318850055686,6489.108781712768
526.2419877647917,5077.358419172941,5883.183114196471,5690.959362034571,5784.703950527321,5824.474382009093,5929.581950925206,6047.946330335242,6100.973572310939,6289.409664331718
527.2239948448769,5141.84826716364,5766.5058125771975,5647.433421167048,5797.691438898903,5838.327255015065,5863.842767460097,5961.179722342996,6149.238499252675,6153.018575170458
528.2058963485579,4963.51779691708,5696.36715729253,5642.467268852013,5701.095217682049,5758.777554434181,5827.807236121159,5831.589684432774,5928.9877284568665,6181.466153257183
529.1876922928676,4982.245077379777,5647.364387937692,5610.465877110155,5676.693973467273,5701.292980685632,5841.318098697824,5896.192807108008,6004.996108266131,6147.859573265057
530.1693826948249,4952.759444437112,5705.639337097112,5611.175109661729,5766.096442655757,5707.528621645819,5763.262515832695,5813.328556373448,5989.976661677613,6086.330173661703
531.1509675714478,4947.829649690779,5554.728127929502,5559.4547515917975,5578.361246240979,5645.479302245573,5722.995930307217,5734.339827096726,5886.537109022636,6016.046597369529
532.1324469397514,4918.471136049975,5541.77969015769,5614.4990214702575,5525.724772854916,5705.162083885925,5710.828525286905,5711.772932187067,5783.547856599471,5942.2082158268895
533.1138208167466,4892.3659535389415,5500.3658198175535,5593.976996740699,5563.718838543319,5678.132499227164,5767.015838931969,5690.42487599485,5803.892969235026,5901.286415932844
534.0950892194378,4871.115905036844,5559.970123227312,5416.340711478408,5504.219233140566,5589.262963781364,5641.234132506297,5582.648451398191,5747.066330637068,5856.678250129653
535.0762521648248,4775.398260042376,5506.153153927864,5419.293399099098,5453.281998814702,5470.276298672504,5492.935365149573,5551.4712868820025,5624.1691251626,5826.212467916469
536.0573096699154,4782.009232246631,5448.409016538759,5327.417282653096,5386.022653753964,5556.167279530677,5515.521618928462,5517.412114770425,5748.052607489971,5844.467895430108
537.0382617516954,4804.508644523924,5449.60679948373,5417.30438818972,5451.506941324555,5480.009068936917,5535.113182320819,5727.977579164472,5776.431196105489,5748.879139413538
538.0191084271646,4792.151452237289,5368.27265079305,5360.679620169581,5411.932576878001,5455.592502962951,5496.405042564101,5531.522809197648,5787.787592739749,5821.956230545362
538.9998497133165,4838.266389895348,5274.487977381013,5476.477538542853,5459.407998162978,5495.44369452049,5398.716299034539,5564.670163838868,5590.274474408678,5770.452956196235
539.9804856271186,4734.6148373586,5434.143516031402,5339.3564322003995,5359.26171980491,5420.873324295062,5491.015766330004,5527.9827290240955,5660.684646387499,5766.846180278223
540.9610161855671,4790.00820517495,5454.025930299913,5379.300288868471,5403.893537947173,5356.598828180438,5539.156407880037,5455.917718690582,5622.3950970694905,5683.878219766246
541.94144140563,4725.111851584062,5319.518864811642,5292.20063440974,5425.965762584568,5331.764968095253,5484.3702551679435,5411.835643411171,5612.4833356734125,5722.698265225912
542.9217613042894,4657.490360811989,5244.268216178191,5200.942724449707,5303.605302675897,5329.977341119322,5383.663276522008,5383.663276522008,5586.162857426877,5601.232593680263
543.9019758985087,4667.874708831782,5309.283642793534,5268.783519210046,5291.388239349667,5418.539790135036,5414.772336778433,5395.935069995416,5528.73780081569,5621.040408052477
544.8820852052631,4603.109243440211,5243.869588484088,5221.25451748254,5310.77250686367,5216.543044357217,5384.271487618703,5434.213102747122,5572.730412631608,5607.595313758996
545.862089241502,4680.677413110269,5408.635726197506,5280.061270898981,5353.802502614311,5293.296876591477,5277.225069679161,5384.055315625729,5488.994760759084,5680.911043300264
546.8419880241963,4686.457868484705,5200.975140019655,5257.723368497775,5251.1027418419935,5241.6447037623075,5281.368463696991,5357.978572142452,5444.0467186676005,5529.1690613847795
547.8217815702957,4675.288989825612,5319.600177991147,5250.329608424013,5252.22743224777,5336.68059240496,5271.20567048534,5469.5282600679575,5454.345669477901,5548.287948753877
548.8014698967563,4639.050796019372,5234.142148131693,5204.672768075013,5272.167154656442,5298.7846592237665,5247.450900415355,5377.686547762621,5549.749702287109,5569.712830712603
549.7810530205243,4645.803419431575,5272.118060440024,5146.091333895641,5262.5705811563585,5262.5705811563585,5276.891800081857,5303.62474207612,5526.081009385523,5536.583236597555
550.7605309585451,4561.17703226245,5215.365949159388,5117.953876862326,5207.725786626285,5190.535420926803,5290.81255417378,5308.002919873261,5299.40773702352,5519.062409850229
551.7399037277573,4711.198655352344,5183.176662719155,5188.897608262995,5083.060115701953,5088.781061245792,5241.3396090815295,5363.386447350119,5466.363467139241,5412.967975396733
552.7191713450993,4598.090739825437,5192.7124473344165,5066.176947976505,5127.066210825425,5187.955473674344,5239.33078920312,5293.560288927939,5335.421657136571,5472.42249854664
553.6983338275058,4588.188466910064,5158.273492465769,5151.633567043324,5104.205528311568,5104.205528311568,5194.3188019019035,5269.2551030980785,5317.631702604469,5378.339592181117
554.6773911919081,4556.934899254121,5214.94873532899,5153.4962937415385,5110.952295719456,5135.533272354437,5139.314961067511,5251.820200281461,5230.075490181286,5383.233883060781
555.6563434552298,4578.590928441534,5000.38996935081,5022.044830826063,5118.079433890228,5044.6412080176315,5197.166754060718,5058.763943762361,5157.623093975473,5246.125571309116
556.6351906343989,4620.192140862432,5088.155241100898,5090.985663078147,5048.529333419415,5105.13777296439,5065.511865282908,5208.919912130179,5265.528351675155,5310.815103311135
557.6139327463279,4554.261372621829,5066.156202953779,5101.979413916236,5180.224848386865,5035.0465723811185,5115.177439007667,5169.854971529312,5265.069295403211,5233.016948752592
558.5925698079374,4554.012251253145,5076.170404880139,5002.5206110593335,5047.843561102906,5089.389598642848,5116.772214294173,5107.329933035096,5207.418114381318,5321.669717616158
559.5711018361362,4465.405259671916,5048.096588909817,5001.670775685984,5062.308572549766,5069.888297157738,5103.049592317619,5141.895680933479,5263.171274661042,5298.227500972916
560.5495288478305,4580.830671489395,5056.280467722291,4937.655269061389,5048.688455007993,5018.3204041508025,5093.291529704493,5054.382464543716,5238.488772865437,5325.79691907986
561.5278508599331,4520.074941328767,5117.316387016082,4985.5440680469765,5096.4603365317635,5014.932139183971,5083.188304405379,5141.964446679369,5207.376605016551,5317.3448712065965
562.5060678893387,4409.450823205398,5061.927800064523,5051.465341251913,4916.404509307313,4977.276996944315,5023.882495291396,5123.751420320854,5181.770510099872,5271.17697631672
563.4841799529531,4534.465746468307,5024.2147260196225,5093.770514944226,5076.619772469666,5031.837278230538,5155.703751657914,5109.015619366057,5194.769331738855,5215.7313503188725
564.4621870676565,4417.446331094541,4998.438625611072,5020.344892453498,4993.676393688805,5104.160174285391,5070.824550829525,5155.592279045871,5194.642580808458,5273.6956307180835
565.4400892503472,4478.588788405897,5035.551278275795,5007.893894361023,4985.005024914315,5022.199437765215,5063.208662190567,5109.940103977597,5153.810437083787,5197.680770189978
566.4178865179128,4511.6617224346055,5089.177257128365,4902.697776403526,4938.851961442016,5024.480294427911,5080.614423829776,5107.254349647609,5102.497220037282,5244.259682425041
567.3955788872298,4497.447086100152,5047.631295449822,4915.549075934098,4958.30950671257,5034.328050318742,4972.562983638727,5017.223878007353,5128.4009980313795,5178.763283170469
568.3731663751896,4518.390975742487,5011.150991798455,4953.235074689758,5013.049874326609,5045.330877305228,5164.011035314854,5029.190375815919,5145.022210033314,5293.135047229327
569.3506489986576,4489.568717404494,5020.541997604392,5019.593831032606,5033.816329609389,4957.963003866546,4996.8378333097535,5075.535658767953,5220.605144251139,5262.3244734097025
570.3280267745067,4486.5505220930445,5047.72481093291,4954.827715820906,4922.598111394292,5014.5472769643375,5091.3295698630345,5023.078642841971,5056.256176810543,5192.758030852673
571.3052997196064,4482.670858798558,4965.872778986713,4936.44397834657,5005.744057273358,5006.69337342304,4998.149528075902,5031.375593314773,5122.509943684247,5248.768991591958
572.2824678508222,4493.225882349251,4970.542169323205,4878.495092113516,4950.614451576777,4936.380367472187,4980.980497666572,5112.883010369115,5159.381018444114,5189.747064533907
573.25953118502,4480.567774202636,5026.028198888175,5014.624845061996,4931.950529822202,4910.09410165536,5023.17736043163,5064.9896577942845,5052.636024482591,5129.608662809296
574.2364897390507,4468.351092598237,4974.669043878805,5002.269082576429,4963.248338210822,4939.455201402525,5092.68300244796,5023.2070429677315,5116.476139256257,5186.903824208816
575.2133435297727,4486.182765863194,5009.887576030698,4991.8287894731975,5026.045437687409,5008.937113580303,4975.670927816487,5064.063935703199,5148.65509378833,5199.029603659252
576.1900925740338,4544.259228908806,5044.9463580261145,4934.528664152335,5061.128261438651,4995.448771117179,5021.149441242973,5085.877054893119,5172.4978319837555,5224.851048906668
577.1667368886774,4539.398924269157,5004.368776378001,4949.218977968363,5009.123069344349,5039.550544328977,5096.602059925153,5068.076302127065,5103.258070078041,5254.44458640791
578.1432764905549,4525.86414270002,4974.851083604124,4988.112301267958,4961.58986594029,5003.267978598055,5004.215208431186,5083.782514414192,5121.671707739432,5111.252179574992
579.119711396499,4476.944522523007,5036.090336306471,4984.142667796184,4915.193944137073,5059.702912902057,4980.3646555408895,5005.866238264121,5088.9825078805825,5128.651636561166
580.0960416233502,4456.66331058713,4962.866221050089,4947.755686409403,4966.64385471026,4897.702040412133,4995.920515576588,4990.254065086331,5100.749849646342,5147.970270398484
581.0722671879413,4565.1843412602775,5026.885131191658,4995.790996359545,4966.581354547559,4959.043382467047,4989.195270789096,5023.116145151402,5132.41674031883,5107.918331057165
582.0483881070941,4534.020581874691,5019.2700830520525,4995.714282024025,5031.519099586627,4907.144470158642,4951.429376091334,4971.216248954877,5118.204447369767,5072.977309395955
583.0244043976418,4489.603467766927,5005.888955003815,4983.195087432962,5032.365133836475,5038.038600729188,4987.922976510223,5009.671266265623,5146.780049506188,5146.780049506188
584.000316076399,4525.294203714932,5145.857403848664,5045.736096064531,4989.063657696153,5092.963128038178,5107.131237630273,5123.188428501313,5179.860866869691,5261.091361864364
584.976123160188,4546.717653343586,5077.734968634338,5026.711952574372,5103.24647666432,4987.972255195509,5034.270917916589,5160.8835873987255,5234.583499485342,5196.788672774257
585.951825665823,4560.590402795204,5135.637842449689,5111.953845758811,5089.21720893557,5075.006810921044,5097.743447744286,5160.2691990082,5254.057825904071,5336.478134388322
586.9274236101155,4617.545032956453,5101.955936639628,5017.586914276022,5041.286077861305,5105.747802813274,5064.037274903176,5056.453542555886,5288.705345691655,5248.89075086838
587.9029170098693,4535.307879532951,5068.706320347042,4969.2270374243435,5044.073355051897,5124.604203132178,5060.179524667954,5177.65982069095,5201.345364243974,5216.504112117909
588.8783058818881,4514.9566850216825,5085.867962368997,5073.498218026472,5079.207330799945,5071.595180435314,5167.698578788779,5169.601616379937,5174.359210357831,5279.026277871505
589.8535902429758,4574.947532868424,5172.550054349362,5058.176366027651,5096.300928801555,5094.39470066286,5072.473077067865,5146.815974476977,5252.61163617456,5390.81317622996
590.8287701099252,4714.802734589368,5218.464012173733,5160.385868633759,5245.122832159294,5191.8051921881715,5161.337969347529,5288.919464992718,5385.081637083495,5392.698442793655
591.8038454995293,4667.804212666174,5267.312549363173,5182.754321207812,5219.807926803982,5247.360607888313,5202.706262682673,5269.212734265541,5357.571332225638,5558.040839425426
592.7788164285812,4757.078756047134,5188.764203594292,5221.022017257156,5185.9179259181565,5196.354277397319,5285.537644582885,5382.3110855714785,5349.104512683236,5464.853138179396
593.7536829138626,4787.803738950684,5187.180781265049,5200.398933965761,5283.484465227378,5210.784625373462,5319.362308272167,5400.559532005111,5367.5141502533315,5419.442607291842
594.7284449721519,4759.28923746569,5269.549934546337,5150.70918069761,5196.925029416559,5276.152198649043,5226.16362758569,5367.640715500841,5499.685997554982,5384.61796605066
595.7031026202312,4769.397730069991,5290.638232980802,5288.753095538086,5271.786858553648,5242.567228191559,5352.84776859041,5325.513275671037,5342.479512655475,5525.33784459887
596.6776558748787,4856.615382626142,5342.276920888756,5351.7255889483395,5261.963242382292,5213.775035278414,5335.662853247047,5447.157136350137,5350.780722142381,5579.438489184312
597.6521047528622,4839.268085464285,5312.336048550647,5235.852006614528,5296.283842218375,5353.8829355282915,5390.708585349385,5444.530688934062,5495.520050224807,5602.220009962849
598.6264492709487,4862.863035098998,5377.13159868645,5414.945463656116,5295.83178900167,5467.884874613648,5361.060706074342,5464.103488116682,5629.539147358969,5593.6159756377865
599.6006894459024,4801.823276352727,5352.248555572868,5367.354566666389,5427.7786110404695,5404.175468706844,5397.566588853429,5463.65538738758,5556.179705335391,5521.247054681626
600.5748252944833,4823.982032862743,5326.5587380065745,5324.672896711475,5317.12953153108,5360.503881318353,5423.679564704163,5449.138422187996,5577.375630254715,5714.099124149378
601.5488568334513,4913.131243301035,5380.10891167369,5241.049163345415,5438.363671108508,5238.230384663085,5326.552116709422,5430.846927955628,5506.953952378536,5578.363012330894
602.522784079556,4866.528311779135,5353.651338929201,5251.14861699994,5295.347038382281,5360.234082539337,5373.399569759609,5512.57757751677,5521.981496959822,5608.497555835896
603.4966070495467,4828.229683597169,5367.422846232386,5350.455229226383,5275.986243477812,5400.41543485517,5352.340520004827,5403.243371022838,5520.131399286416,5525.787271621751
604.4703257601759,4818.708478337739,5331.798596211242,5274.2645940232205,5338.400858757408,5349.719023122265,5397.821221672906,5372.355351851978,5459.1279453158795,5578.911851510613
605.4439402281752,4789.780174558511,5344.91211529345,5352.452107697321,5252.547208346041,5359.992100101191,5292.132168466359,5427.852031736022,5423.1395364836035,5497.596961471821
606.4174504702896,4812.707038403603,5279.79491207185,5310.051616439025,5410.276949655288,5238.191943566986,5368.673981150424,5391.366509425804,5493.482886665016,5655.167150627102
607.3908565032542,4811.5411939088635,5338.898227558458,5265.049307226916,5351.206380947047,5315.228701811168,5301.0269863627955,5407.066461710649,5502.691345729696,5526.360871476984
608.3641583438002,4771.233166966434,5372.355700067229,5178.901823637617,5296.861504387381,5300.636214171373,5394.060281325185,5267.6075035614385,5460.117702545052,5537.499253116897
609.3373560086584,4812.751249343443,5356.293521974324,5262.092088242802,5269.628202941324,5348.7574072758025,5355.351507637009,5353.467478962378,5362.88762233553,5532.450203052269
610.3104495145526,4769.9644679189305,5318.0190224738,5244.315134102628,5270.772940184586,5227.306544478511,5298.17566791233,5339.752220326837,5365.2651047630125,5603.385359500645
611.2834388781994,4672.690371407082,5243.681620589325,5181.39166613308,5272.939023439985,5179.504091755618,5269.163874685061,5269.163874685061,5295.589915969529,5322.959744442727
612.2563241163189,4733.633937648047,5165.589797962252,5212.643813247024,5111.9482205376125,5191.940046521725,5159.9433161280795,5302.987522593786,5410.270677443066,5363.216662158294
613.2291052456203,4667.445255444903,5242.522700711456,5159.696489281903,5171.932179606723,5170.99097265866,5231.2282173346985,5238.757872919204,5266.052874413033,5389.350984609299
614.2017822828237,4727.092917139775,5188.983986257313,5156.999675972188,5135.36323077931,5180.517551181839,5188.043271248927,5204.03542639149,5364.8976928255,5263.300471919809
615.1743552446278,4562.558971564001,5091.3199227765435,5086.623999586379,5061.26601435949,5111.981984813268,5150.488554972619,5092.259107414577,5247.224572690011,5345.8389596834695
616.1468241477414,4564.095431028867,5081.566568333727,5167.184520142349,5137.077108517339,5018.5291752438625,5089.09342123998,5159.657667236097,5333.716140693186,5276.323887283011
617.1191890088558,4566.534444671688,5124.394203492497,5097.066613955667,4943.466714145207,5154.548785050379,5091.412629913564,5190.357350650363,5262.916812524016,5283.648087345059
618.0914498446728,4582.446135379269,5163.864635769307,5065.703070768392,5041.162679518163,5094.962768028279,5115.7277144707805,5169.527802980898,5231.822642308402,5155.36988495192
619.0636066718835,4564.185867245629,5069.324352759988,5154.300920416609,5066.491800504767,5086.319666291312,5033.445357527192,5091.984770801753,5121.254477439034,5289.319244582129
620.0356595071789,4564.827075056591,5154.902963766077,5044.440757399661,5011.39650763193,5068.043792948041,5084.093857120939,5049.161364509338,5209.662006238318,5222.879706145411
621.0076083672392,4559.145230825543,5052.738640113267,5103.605136490246,5021.653558994001,5122.44457959283,5080.0558326120145,5072.520055370981,5157.297549332613,5201.570240623688
621.9794532687556,4476.575988684972,5024.382385954664,5126.978429429571,5005.557423849176,5089.328505218597,5048.854836691798,5058.267317744542,5119.448444587377,5234.280713430851
622.9511942283934,4510.178895127733,5100.058362638181,5007.860295945959,4965.5244489954475,4951.412500011944,4952.353296610844,4987.162770770153,5152.742972176595,5165.914124561198
623.9228312628329,4491.3889956911235,4874.215240978304,4964.513323404764,4928.77033244429,4982.384818885002,5083.9701616147695,4993.672079188309,5071.742296286186,5228.823335507216
624.8943643887433,4431.45016250167,4956.561479272944,4993.262807864485,4977.264792837403,4934.91710600101,4993.262807864485,4919.860150681404,5136.303883400746,5121.246928081139
625.8657936227974,4384.044558012168,5019.195462687741,5040.805626604218,4970.337700789621,5040.805626604218,4951.546253905727,4915.842504826332,5072.7510863068355,5127.2462822701245
626.8371189816535,4478.786591680345,4990.299310135037,4924.600428865627,4917.09198529198,4982.7908665613895,4943.371537799743,5024.087306216447,5091.663298379269,5049.428303277506
627.8083404819772,4517.250481024485,5015.421553973289,5005.121024269461,5013.548730390775,4953.618375750317,4898.370080066145,4954.554787541574,5014.485142182032,5036.0226133809465
628.7794581404196,4508.052848658501,4896.436060656275,4931.998860791011,4948.844397696938,4806.593197157995,4946.972671374058,4845.899449938493,4985.343060993115,5049.917619132504
629.7504719736318,4410.35466133083,5012.872353714592,4835.110922731805,4797.687463577534,4938.02543540605,4929.605157096339,4848.209133435799,5075.5566477979955,5080.234580192279
630.7213819982717,4340.747437289777,4944.588243982206,4930.58884351793,4829.793160175144,4863.391721289407,4846.5924407322755,4955.787764353627,4994.052792289313,4975.386925003612
631.6921882309798,4434.423315433591,4921.128313468985,4877.306215944725,4903.4129974485395,4819.498342614851,4975.206646584029,4872.644290676187,5052.594606041764,5064.715611739964
632.6628906883998,4393.11468238756,4950.199012324365,4941.786665060218,4894.116697230055,4928.700791538213,4973.566643613661,4929.635496789785,5010.954853676533,5044.604242733119
633.6334893871681,4417.633848323357,5019.315391316773,4965.978147225599,4924.80553775171,4920.1268321296775,4878.018481531382,4902.347750765954,4979.078522967291,5072.652635407947
634.6039843439286,4422.7141412454075,4947.1726064461245,4868.363105414174,4935.914106298704,5006.279732220088,4812.070604677067,4899.323980819584,4998.77406545514,4955.616481556691
635.5743755753027,4428.744657814762,4971.36732524359,4832.644660700916,4966.648867265948,4847.743726229371,5006.28391427814,4938.338119400096,5038.369428526106,4994.015923536272
636.5446630979204,4424.446447700633,4982.356736224648,4952.993036828647,4935.9431468567755,4863.007506421548,4889.529557488903,4925.523769651743,4943.520875733163,5041.084135016649
637.5148469284103,4387.14337947605,4989.746893637263,4941.348816121953,4877.767028013604,4984.053002164874,5054.277663657676,4864.481281244695,4978.359110692484,5061.869518954196
638.4849270833911,4544.731646363187,4998.445457340966,4939.595548804099,5025.972027463048,4886.440792706284,5005.0898018531925,4921.560899413768,5080.0759756340385,5065.83809453641
639.4549035794807,4558.480817459459,4966.604048104458,4944.824850181408,4927.780260502498,4798.05199461302,4952.400223372034,4937.249476990781,5052.773918147835,5086.863097505653
640.4247764332978,4408.4925019065195,4980.068551576042,4889.521850638296,4792.372786090506,4897.067409049775,4964.03423995165,4830.100578147901,4941.397564717214,5010.250785221958
641.3945456614456,4340.747818750328,4964.753847334775,4830.164311757738,4885.694260002809,4839.576167392495,4835.811425138592,4798.164002599561,4990.165857548622,5032.519207905032
642.3642112805319,4438.052790851182,5004.6727004178265,4843.049774305948,4928.559578237232,4855.265460581845,4842.110106130878,4921.042232836679,4848.687783356362,4976.482655165754
643.3337733071603,4416.3221373086835,5025.470018316778,4954.026748322001,4826.180896752402,4881.643435300978,4750.977454652637,4848.741929382331,5016.069588054308,4923.945371482096
644.3032317579347,4455.6498364411445,4952.705670156321,4835.2539136073665,4865.321563283898,4973.377179308937,4882.234616226948,4898.208055117606,4901.026897274781,4910.423037798697
645.2725866494511,4430.394400189838,5003.030411098729,4888.126474699247,4769.455196122734,4890.951981332021,4862.6969150042805,4890.951981332021,4923.916225381053,5016.216108718341
646.2418379982993,4497.005507730923,4985.461966737971,4885.507556207572,4970.3745085447035,4941.142558295247,4889.279420755888,4777.066450443458,4907.1957773603945,4944.914422843563
647.2109858210679,4452.742774639539,4976.927611120501,4890.191990695593,4937.330914839565,4957.129262980033,4893.963104627111,4899.6197755243875,5052.349889750854,5003.325408641124
648.1800301343392,4448.5426068837205,4990.014240871472,4905.26215902991,4958.938477529567,4906.2038488281505,4927.8627141876605,4871.361326293287,4957.996787731327,4989.072551073233
649.1489709547059,4435.037198198723,4946.554869953588,4812.7878176714685,4879.671343812529,4859.888892418694,4829.74420458047,4953.1490204182,5039.8149979530945,4988.9458372260915
650.1178082987353,4425.186361558414,4960.460817282636,4888.024731007125,4840.9883113477035,4918.128039589155,4790.188978115528,4732.804546131033,4966.105187641766,4926.594595127852
651.0865421830093,4486.905387269464,4834.078397943071,4889.588445720151,4836.900942745295,4825.610763536397,4839.72348754752,4835.019246210479,4852.8953632912335,4921.577286812028
652.0551726241029,4449.024031448636,4895.90210608135,4790.532960062689,4814.0528587275685,4744.433958679525,4870.5006155232795,4860.151860110733,4921.30359663942,4980.573741274917
653.023699638572,4471.381441790234,5057.189010429841,4811.923361724048,4863.806479719504,4783.623479181071,4792.113443943964,4856.25984437471,4927.00955073215,4993.0426099990955
653.9921232429879,4478.966822350943,4903.826660052866,4896.273596271499,4808.469229813101,4876.446803845409,4985.022095702568,4949.145042741072,4976.524898948529,4955.7539735497685
654.9604434539106,4452.754999285205,4969.879624467584,5019.9849354998805,4856.433637224649,4851.706721089527,4926.391996024459,4908.429714710995,4999.186504505343,4915.047397300165
655.9286602879001,4481.8813171523125,4994.446935352335,4960.464684421947,4932.146141979956,4928.370336321024,4812.264312308865,4891.556231146437,4969.904198569277,4914.211065100029
656.8967737615058,4416.144318224211,4998.856260983906,4938.412882804619,4911.024477067129,4856.247665592149,4978.078849734777,4954.4681551334925,4962.968005189954,4946.912732861081
657.8647838912839,4495.93190063313,5021.4304344733655,4915.954026247368,4946.090142883368,4890.5266778357445,4898.060706994744,4918.779287181994,4981.876781388617,5013.896405314366
658.8326906937727,4452.519248261611,4964.173340161551,4971.697665042432,4926.551715757144,4894.573335013398,4894.573335013398,4916.205769045931,4982.984152363755,4877.643604031414
659.8004941855179,4574.978021327332,4973.53784895067,4952.857857894742,4889.877885133506,4925.597869684655,4908.677877002532,4813.737918063954,5027.117825777392,5027.117825777392
660.7681943830647,4479.4511095063635,4969.435159066055,4853.7575427592565,4974.137501192348,4912.066585125285,4822.722084725726,4944.042511584075,4943.102043158817,4901.721432447442
661.7357913029447,4420.966134928448,4945.868145869159,4925.283753283249,4789.613893057932,4816.747865102995,4792.420855683283,4773.707771514273,4895.342818612834,4968.32384687197
662.7032849616918,4466.316889586081,4924.280605041647,4899.930796039919,4781.927875493086,4963.6149118905905,4808.150746725715,4922.407542810744,4940.201634004315,4913.0422316562335
663.6706753758335,4587.044067667157,4999.362635547352,4845.680260246551,4905.653870120034,4796.014614570074,4789.455000990161,4909.402220737127,4945.011551599508,4947.822814562327
664.6379625618973,4529.355738940343,5015.716906596043,4763.147111037389,4859.855991864681,4847.650016614633,4853.283543653117,4814.787775556816,4971.58761146126,4932.152922191879
665.6051465364035,4480.11009562389,4960.3568459624275,4896.449254919335,4856.037101759732,4923.703962864183,4762.055350225772,4910.546517649429,4846.638926606335,4971.6346561465025
666.5722273158682,4512.624603381147,4998.846005624761,4896.136445848494,4884.828971377712,4802.849781464544,4880.117523681553,4822.637861788413,4886.713550456176,5021.460954566325
667.5392049168112,4523.631344248024,4887.742269835376,4943.252721023112,4869.866022842715,4896.209965779268,4899.032531093898,4931.0216046597125,4937.60759039385,4947.956996547496
668.5060793557423,4529.227645271147,4975.917527717613,4952.308125896975,4891.868057236143,4846.538005740518,4956.085630188278,4972.140023426311,4985.361288445868,4918.310587275257
669.4728506491738,4444.446232954053,5020.088035563372,4987.005173344445,4995.512195057883,4896.263608401105,4891.537485226972,4980.38860090066,4961.48410820413,5030.485506546463
670.4395188136004,4522.771662756894,5035.497502793338,4916.302934814386,4976.846207438616,5027.929593715309,4916.302934814386,4968.3323097258335,4943.7366052222405,5054.41727548841
671.4060838655278,4631.398442338324,5120.315837976421,4907.246778398729,4991.903681534508,4939.587617798914,4969.074853722613,4936.734014322427,5067.048573081998,5094.633406688038
672.372545821454,4596.106710036728,5057.816059903431,5025.381932020233,4981.500464884141,5039.6911060863495,5018.704317456045,4965.283400942542,5052.092390276985,5007.256978203151
673.33890469787,4600.61491013868,5037.0444107276435,4938.895418237113,4927.460584160546,5008.457325536227,4921.743167122262,4940.80122391654,5037.0444107276435,5153.298557172739
674.3051605112705,4575.632143551041,5001.4491772674655,4990.993848314607,5007.152083969025,4972.93464375967,4882.638620984981,4980.5385193617485,5074.636479937476,5018.557897372143
675.2713132781428,4598.600211702382,5092.256716674561,5039.093708446789,4932.767691991242,4994.474755112765,4992.5760762474865,4912.831563905827,5055.2324788016485,4993.525415680126
676.2373630149632,4456.016433183395,5035.100188439155,5019.985441156787,4930.241629167721,4950.07973497583,4884.897387320614,4962.360467142755,5052.1042791318205,5075.721071760522
677.2033097382191,4619.168574747848,5046.0473716781335,4914.7726974009,4893.9954108246475,4912.883853166695,4907.21732046408,4983.7155119493755,4840.16335014981,5079.102145776717
678.1691534643796,4497.1456531367685,4984.265766832915,4901.351704927188,4928.675657146121,4846.703800489322,4896.640678682545,4960.710635609697,4996.514435068988,5102.041422949004
679.1348942099213,4559.675590735431,5006.979577848056,4863.842301972016,4932.585862096693,4905.276776567711,4911.868624798844,4960.836640230122,4979.670492319074,5001.32942222137
680.1005319913129,4669.037348377462,5000.188093215033,4979.491171662685,4952.208865980044,4861.895026478888,5014.299630637089,4859.072718994477,4885.414255515648,5099.909624330893
681.0660668250239,4605.041204379285,5013.14248180381,4946.2251822723065,4842.5504928573,5048.014877334313,4982.040074979309,4805.793102973797,5030.107430980812,4986.752560861809
682.0314987275124,4510.864988180774,5003.1651186073605,5023.913399966335,4949.4082078136535,4912.6271635863795,4926.773719058408,4929.6030301528135,4997.506496418549,5007.880637098037
682.9968277152328,4524.861718025276,5014.622558829263,5068.411321692129,4988.200008651013,4940.0732208263435,5001.411283740138,4909.87602062263,5014.622558829263,5003.29860875287
683.9620538046473,4611.740733136375,5041.288744104041,4964.819757536171,4981.812865662364,4956.323203473074,4985.589111912629,4910.064186907325,4959.155388160773,5062.058098480499
684.9271770122067,4543.336781371534,5002.669356112646,4982.8624073045075,5006.442108266578,5000.78298003568,5039.453689613474,4903.6346120719545,5025.305869036233,5050.771946075268
685.8921973543548,4603.601664061088,5067.545133687891,4952.502240812953,4988.335273019901,4991.1641966151865,4921.384081264813,4941.186546431811,4992.1071711469485,5027.940203353896
686.8571148475457,4674.552711550402,5075.094022519943,4994.0433101825765,4965.769805878845,4948.805703296605,4896.028495262972,4954.460404157351,5097.712825962928,5037.396016781633
687.8219295082054,4584.252870927099,5060.110568731454,5045.9761816679575,4963.9967366996825,4941.38171739809,4965.881321641482,4964.939029170582,5030.899502133562,5120.417286869035
688.7866413527844,4706.010613598475,5115.885910869544,5051.665818209562,4935.50300354518,5050.721405082209,4935.50300354518,5030.888729407802,4963.83539736576,5074.331733266026
689.7512503977123,4601.149307354666,5125.042545320791,5070.944874009072,5063.352218386374,5007.356383168981,5007.356383168981,5026.338022225724,5004.509137310469,5095.621004782838
690.7157566594177,4662.799350592833,5197.672218234187,5102.668156486167,5059.916328699558,4966.812348186499,5091.267669076405,4953.5117795417755,5067.5166536394,5111.2185220434885
691.6801601543303,4703.79614266441,5107.522775152205,5047.535091551425,5045.630720643463,5058.009131545212,4925.655353441902,4947.555618883456,5053.248204275308,5209.406618728135
692.6444608988713,4666.267211345293,5133.084470136472,5058.774784043182,5083.5446794076115,5022.572629279784,5071.159731725397,5082.5919911243645,5101.64575678931,5030.194135545763
693.6086589094703,4814.120272490471,5156.347249764416,5060.753122034264,5069.3565935299775,5044.502120320138,5045.458061597439,5062.665004588867,5122.889305058863,5206.056196184096
694.5727542025306,4715.169297728566,5143.300948826671,5088.9501601572,5026.017668013604,5090.857205373673,4978.341537601788,5076.554366250129,5158.557310558452,5169.999581857287
695.5367467944708,4760.8869425621915,5141.7197192426875,5067.271206508155,5099.723122315515,5080.633760075892,5072.998015180042,5064.407802172211,5199.942274073541,5156.991209034387
696.5006367017012,4736.818656016668,5236.587902959721,5145.807638218631,5168.741599837433,5066.494354286941,5111.406695790429,5072.2278446916425,5066.494354286941,5095.161806310444
697.4644239406298,4699.413026516669,5191.8693559008825,5130.551836288841,5148.755474923665,5042.40790184653,5040.491729358653,5125.761405069149,5143.006957460037,5217.737684487212
698.4281085276524,4728.986313903973,5193.304123353818,5138.005493070264,5008.339739301929,5055.057547644932,5053.150698324809,5073.172616186096,5190.443849373634,5216.186315195289
699.3916904791804,4701.888431461859,5231.83977301726,5104.117687102828,5124.133834895389,4984.020800347468,5128.899584369808,5007.849547719563,5156.540931321439,5030.725145196775
700.3551698115953,4708.842694740253,5187.6433900531165,5042.667880715358,5113.248062892951,5040.760308224071,5058.882246891291,5091.310979243158,5159.029802683822,5242.9629923004195
701.3185465412971,4729.624710174011,5169.435162234779,5209.331574732733,5044.996351824498,5003.200110159975,5011.749341409537,5073.493789323035,5139.037895569672,5195.082855983464
702.281820684675,4742.481671367513,5304.763929409888,5166.559872719338,5072.846163045609,4960.20039081153,5038.76845043698,5101.2442568861325,5082.312194325784,5113.55009755036
703.2449922581108,4641.638175230355,5224.095939299727,5115.00368707175,5079.9044407027495,5122.592713313697,5115.952315351994,5083.698953823722,5101.722891148344,5146.308420319779
704.2080612779864,4717.271636101407,5157.258897889271,5100.24111018458,5069.831623408745,5106.893185416794,5064.129844638276,5100.24111018458,5092.638738490621,5184.817495279871
705.1710277606834,4762.2919259581395,5266.298768392675,5173.706602263603,5116.433097441497,5133.615148888129,5003.795204624687,5079.205319307128,5152.706317162164,5190.888653710234
706.1338917225729,4818.13928864996,5259.985760117561,5198.6448183086095,5052.001629296586,5105.674953379418,5146.888398657306,5114.301023321302,5249.442785744147,5228.35683699732
707.0966531800294,4799.829756189468,5138.347102248113,5197.972316610714,5278.7548651019815,5123.921647160386,5196.048922599018,5117.189768119447,5217.206256727683,5241.2486818738935
708.0593121494168,4839.420371419986,5229.198248224945,5282.262068087006,5166.486461115236,5171.31044473906,5119.2114216017635,5096.05630020741,5219.550280977297,5213.761500628709
709.0218686471018,4815.2195536595855,5367.880933587147,5222.698434481833,5163.657551512339,5118.167035126007,5208.180184571302,5149.139301601807,5211.083834553408,5179.143684750239
709.9843226894409,4715.281267472837,5356.389842993065,5187.677059961426,5169.359672089419,5146.221918987937,5111.515289335714,5170.323745135314,5109.587143243924,5176.108183410684
710.9466742928016,4782.9781953870015,5289.343098104924,5158.1704756865665,5222.79228231914,5126.341824658583,5103.1937148200495,5202.537686210423,5181.3185855251,5253.656428770518
711.9089234735292,4693.543528516282,5258.623372966174,5145.607404076196,5232.542764760795,5200.666465843108,5140.7776618159405,5069.297476364159,5190.041032870546,5224.815177144385
712.8710702479767,4797.152396058854,5292.777789340111,5301.456054981222,5202.138125977391,5067.142882671212,5202.138125977391,5178.996084267759,5232.02992985233,5282.171020223196
713.8331146324854,4718.030290838883,5184.923718926387,5217.654392235614,5310.070410991079,5137.753042686619,5267.713069061491,5121.387706032006,5301.406409232754,5268.675735923527
714.7950566434082,4765.3624317636595,5305.5459686841305,5293.028346616455,5216.959720205195,5218.885508215606,5150.520033845992,5154.371609866816,5251.623904392604,5290.139664600837
715.7568962970763,4838.896340651872,5371.742409568815,5232.27908828189,5266.904464601402,5246.70632841502,5231.317272273014,5148.6010955097345,5323.651609125048,5306.338920965291
716.7186336098384,4776.341633304915,5304.0665661204375,5308.855358614226,5233.192437212363,5178.600202783172,5252.347607187518,5200.6286482546,5242.770022199941,5245.643297696214
717.680268598011,4865.862216763595,5325.032429890026,5318.322218007176,5168.780353189382,5161.111539608983,5237.799675412979,5312.570607821876,5226.296455042379,5280.9367518027275
718.641801277936,4819.897526632264,5215.567905980132,5272.09224588697,5181.078478240366,5227.064381893388,5279.756563162474,5218.4420249584455,5226.106342233949,5203.113390407439
719.6032316659331,4721.47156571474,5315.849712058524,5355.155363671581,5166.296501042992,5299.552246755549,5239.155757691585,5207.519501515221,5248.742501987452,5239.155757691585
720.5645597783258,4964.569206330441,5300.857037221801,5248.011806653159,5132.713121776121,5275.875655498443,5278.758122620368,5214.383023564023,5218.226313059924,5309.504438587578
721.5257856314348,4932.624417629468,5332.332092105607,5361.296416343009,5231.922434749283,5283.092740902025,5242.542686969663,5306.264200291946,5394.12265047873,5420.190542292392
722.4869092415793,4850.762631248412,5358.625120109213,5372.142372664443,5347.038903633301,5273.659532619193,5331.590614998751,5279.452640857148,5355.7285659902345,5414.625166409453
723.4479306250652,4950.30788614222,5481.631254566868,5278.392807628478,5331.621924683771,5312.265882118209,5226.131492701464,5293.877641680927,5328.718518298937,5451.629388590249
724.4088497981975,4896.0608614961175,5486.262972472194,5365.121324078089,5382.56572144684,5346.707793522185,5237.195743373915,5260.454939865583,5306.0041996617665,5313.757265158989
725.369666777293,4947.195192035475,5549.731986522662,5416.050189675023,5266.869054062439,5386.020220817944,5288.1806448642365,5394.738598873225,5289.1493535370455,5428.64340242154
726.3303815786421,4910.51183114865,5449.127845770598,5337.723454257065,5384.222678540974,5368.722937113004,5313.505108275863,5273.78702086669,5385.191412380223,5450.096579609845
727.2909942185506,4971.712184673114,5423.950692980292,5410.364128353038,5387.072874706316,5354.076932040127,5338.549429608979,5447.241946627013,5449.182884430907,5433.655381999759
728.2515047133165,4992.43190833653,5401.106579425326,5374.897039949323,5463.232895220298,5342.863158367541,5306.946382048573,5383.63355310799,5437.023355744294,5483.618092590523
729.2119130792198,4940.935956097206,5546.186061437736,5420.092289491792,5421.062241583684,5329.886744945848,5316.307415659361,5374.504541172874,5350.255738875577,5375.474493264766
730.172219332555,4944.278591179315,5581.717962137874,5443.945678003756,5381.851127408097,5380.88090005504,5307.143621222695,5361.476352993897,5387.67249152644,5402.225901822298
731.1324234896019,5014.646098414521,5546.84031995513,5418.881053573782,5397.55450917689,5397.55450917689,5374.289188016645,5287.044233665725,5423.727995482166,5488.677017054517
732.092525566648,5040.626228327762,5538.585459802001,5414.580048073008,5428.143139980867,5380.672318303361,5293.481013181413,5350.639757650246,5402.9545407234145,5436.862270493061
733.0525255799658,5006.413500529032,5529.934664410844,5463.04029347039,5469.826678928117,5402.932307987664,5417.474562539936,5414.566111629481,5503.758606216753,5461.101326196754
734.0124235458353,5031.067390934719,5521.264001473409,5420.3126202931635,5511.557137898386,5562.032828488508,5358.188693413013,5450.403897375737,5458.169388235756,5456.228015520751
734.9722194805217,5000.473907437057,5618.859051882292,5591.6772872912925,5576.14485038215,5473.242455859081,5472.27167855226,5416.937372063439,5514.01510274558,5520.81054389333
735.9319134002907,5129.785000822814,5553.790305411347,5487.812363278577,5572.225318654326,5449.972072937724,5391.756241644104,5439.299170533894,5606.184553575605,5511.098695796025
736.8915053214077,5052.423748463277,5600.463580128707,5530.748265853246,5609.1779944131395,5522.033851568814,5424.238757932402,5451.350269039526,5464.906024593088,5533.653070614723
737.8509952601345,5113.190935856383,5551.60239664558,5558.362044719422,5420.27209121093,5474.349275801668,5484.971579917706,5464.6926356961785,5490.765563980999,5540.980092529541
738.8103832327288,5016.517877691152,5650.457528709248,5553.967475281836,5428.530405826201,5409.232395140719,5562.651580090304,5477.740333074182,5471.950929868537,5483.5297362798265
739.7696692554417,5114.239852339525,5584.869504977973,5508.681507931995,5521.218773268674,5504.823887828401,5430.564700834219,5508.681507931995,5568.474619537699,5564.616999434105
740.7288533445208,5109.308219222506,5531.875345868828,5529.950210895497,5435.61859720224,5494.335213888859,5486.634673995532,5485.672106508866,5521.287103515504,5610.805879775431
741.6879355162164,5115.801070493469,5591.128987521979,5503.390974439638,5567.025137774083,5519.781592268207,5487.964510600984,5428.186963226201,5588.236525552232,5596.9139114614745
742.6469157867688,5078.642925437341,5689.85393810387,5516.323997599177,5457.516628872587,5506.683445348916,5443.055800497195,5542.353488674881,5483.546119948291,5530.784825974568
743.6057941724174,5003.012003998852,5638.269212213735,5564.043407915487,5566.935322368665,5592.962552447271,5505.241147367523,5463.790373538631,5593.926523931665,5556.331636040343
744.5645706893993,5104.903010175869,5673.508886309301,5638.755386240025,5552.837011068759,5533.529511030272,5501.672135966769,5581.798261126489,5548.975511061061,5555.733136074532
745.5232453539502,5125.315106874495,5709.628116416246,5622.561608371945,5568.386892255491,5520.016610008657,5525.821043878278,5616.757174502325,5564.5172696757445,5599.343872893464
746.4818181822922,5259.834251371426,5672.540834490794,5611.649699276461,5610.683173320678,5510.16447391924,5547.858986194779,5545.925934283213,5533.361096858033,5714.1014505894655
747.4402891906539,5185.1872906002445,5618.656950273488,5646.716370207693,5558.667845586566,5627.365046115138,5618.656950273488,5613.819119250349,5644.781237798438,5666.067694300249
748.3986583952609,5146.864492861081,5762.827641697203,5668.212612565636,5627.663314366393,5690.418180627126,5650.834341908817,5580.355799800609,5682.694504779652,5643.110666061342
749.3569258123281,5200.470037074809,5706.232156493369,5735.188003024966,5688.858648574411,5676.311115077386,5588.478380598208,5624.190591320511,5651.2160480833345,5811.438398891504
750.3150914580693,5197.558189081471,5664.265868078747,5683.591237809484,5635.277813482643,5560.87514001931,5676.827358403726,5612.08736980576,5653.636914726842,5771.521670084333
751.2731553486992,5212.266114804414,5859.698651463756,5628.1281465483435,5636.812040482671,5706.2831919572955,5638.7417946903,5642.601303105556,5738.124136383164,5856.804020152314
752.2311175004324,5160.880638967979,5712.557657373826,5667.227552714605,5675.907785521689,5655.653908971824,5629.613210550569,5652.760498036129,5674.943315209791,5659.511790219418
753.1889779294615,5175.0784259297,5763.28722798106,5778.7409896113095,5737.209005230015,5639.657134939066,5620.3399329012545,5645.45229555041,5651.247456161753,5688.916000135486
754.1467366519937,5291.496045951796,5741.384233766709,5806.0677285813,5657.392233037315,5756.831038498552,5709.525199007284,5659.323083628796,5809.92942976426,5795.4480503281575
755.1043936842289,5220.154925015128,5900.835399376193,5815.1486069884495,5741.015089978829,5593.710828907763,5590.822510063233,5683.248713088215,5791.079283284027,5830.55297415928
756.061949042356,5277.922169142172,5816.70202534204,5746.342580793577,5681.766104290194,5645.1406400046935,5697.187352410405,5724.174536620774,5888.025297898014,5787.787185116644
757.0194027425788,5306.0165520243545,5872.902775340578,5829.592282897064,5738.159021071867,5712.1727256057575,5780.507058127748,5756.445673436906,5830.554738284697,5801.681076655688
757.9767548010678,5299.766841558796,5820.708740021775,5752.467273617953,5784.185138284518,5688.070396870685,5671.730890830333,5707.293345153451,5728.438588264495,5793.796612425902
758.9340052340193,5221.774649299804,5822.000673989793,5763.512195545561,5732.829715050226,5764.47102306104,5686.805994307223,5627.358688347512,5762.553368030081,5821.041846474313
759.8911540576119,5312.665717556428,5883.899484048152,5842.686309620058,5758.343068930005,5755.4677311792075,5697.960976163262,5737.257258757491,5875.273470795761,5855.146106540179
760.8482012880196,5174.99785942882,5907.317896436482,5741.92446771282,5774.429534629609,5723.759871494614,5747.660655992253,5786.857942568381,5820.319040865076,5745.7485932324425
761.8051469414204,5261.4878493102315,5879.248872693439,5889.768023246404,5777.882512819414,5808.483678064403,5725.28676005459,5826.653119928615,5955.75178580591,5846.735134620639
762.7619910339818,5260.03776577234,5942.84949462623,5887.460571166754,5770.952835614062,5889.370534044667,5811.062056050234,5789.097482954235,5747.078299640149,5978.18380786762
763.7187335818744,5347.17018851594,6015.328174638876,5849.4801153159215,5869.496260406623,5979.108483522369,5835.182868822563,5847.573815783474,5972.436435158802,5969.57698586013
764.6753746012582,5364.051856194966,5941.836325596698,5880.816183613677,5888.443701361554,5945.650084470637,5897.024658827917,5946.603524189121,5891.304020517008,5918.953772353065
765.6319141082968,5357.964322708249,6088.7692855277855,5933.258568896474,5896.050483322111,5947.569371040459,5935.1666758490055,5842.623488651231,5974.2828683759,5988.593670519886
766.5883521191428,5489.665284539671,6018.984991440212,5973.205989762328,5926.47325888282,5995.141761399647,5893.09273682603,5936.010550899046,5990.373115391534,6119.126557610585
767.5446886499558,5546.523889702393,6110.125356009262,5948.280340346816,5934.951927292262,5951.136428858506,5965.416871416957,6033.962995697523,6012.066317107898,6104.413178985881
768.5009237168815,5633.579393149229,6148.148552875308,6094.7858252000115,6072.868990619086,6127.184624145728,6168.159575753545,6041.423097524715,6151.0072704293425,6150.054364577998
769.4570573360687,5593.537358643726,6243.749132735259,6183.685581756129,6081.672884061417,6013.9822154976355,6062.605090099788,6136.016096852058,6177.01185386956,6210.380493302409
770.4130895236557,5648.645448548125,6153.738998629592,6251.129437397663,6224.394807147604,6143.236108174212,6164.241889084972,6198.614985120762,6211.027492022576,6408.672794228367
771.3690202957878,5701.462956306867,6307.940701784568,6250.725820135728,6296.497725454799,6245.004331970844,6130.574568673164,6204.953914816656,6230.700611558634,6414.741814195735
772.3248496685956,5644.410579388244,6401.645833906071,6291.832398509412,6344.351867612162,6227.854136147881,6342.442068735698,6263.185415362458,6341.487169297467,6295.65199626234
773.2805776582209,5805.058000874044,6487.724396160733,6519.3204565316455,6403.468235171633,6260.807235315087,6278.998906437734,6433.1493827927925,6474.320006912467,6585.3849463981
774.2362042807837,5870.120060479272,6396.102745839664,6550.352677247721,6498.616675408994,6336.70215113594,6430.593413732148,6417.1803762184045,6529.27504686898,6643.285865735804
775.1917295524181,5870.990874195027,6613.597054859303,6408.806175140031,6515.986448637968,6541.824550284792,6597.328620489081,6381.054140037887,6700.681027076377,6608.812221221003
776.1471534892407,5949.462663494472,6693.505517166929,6541.816780547254,6711.7465677730925,6601.34020884105,6612.860872381785,6593.65976648056,6649.342973594112,6681.984853626194
777.1024761073712,6027.304327380854,6596.389520651902,6599.273398320505,6655.028366580168,6652.144488911565,6541.59584494844,6525.253871493021,6733.854356188658,6714.628505064637
778.0576974229297,6098.449015266968,6631.043697166759,6700.1370613051095,6674.227049753228,6656.95370871864,6642.559257856484,6642.559257856484,6728.925963029423,6861.354910961262
779.0128174520213,6027.405303796883,6695.944689020694,6729.515533328919,6624.966332483303,6711.291360704455,6647.027173028708,6748.69887293362,6721.84219748704,6905.043090711929
779.9678362107625,6079.881951900986,6823.319710298471,6748.49629719524,6850.179397053477,6817.564063136684,6705.328943481838,6739.86282645256,7000.785497786903,6958.5774186004655
780.9227537152582,6034.245253533708,6843.215147113906,6645.041457207278,6654.615065415327,6800.133910177682,6746.521704212604,6654.615065415327,6861.4050027092,6997.3502392635055
781.8775699816069,6024.040317683087,6729.653431817295,6702.845877956022,6814.863156590625,6835.926234624482,6833.053996710774,6866.563439037365,6824.437282969651,7034.110650670318
782.8322850259066,6196.551645892716,6956.036260296569,6892.825687092717,6896.656630923253,6702.236231523529,6752.038501320502,6851.6430409144505,7019.24683350042,7007.754002008811
783.7868988642549,6109.225313513854,6829.761297792778,6825.928659578529,6799.100192078782,6845.091850649777,6851.798967524714,6874.794796810212,7004.1463365411355,7059.719590647755
784.7414115127431,6106.444727566804,6839.715876856061,6819.613142998262,6919.169539246412,6843.544969019452,6845.459515101147,6944.058638308449,6971.819556493029,7033.085031107275
785.6958229874617,6149.249897396481,6876.0663704946655,6804.34106064945,6895.1931197867225,6708.707314189162,6889.455094999105,6908.581844291163,7006.128265680656,7120.888761433001
786.6501333044944,6195.152266664966,6833.365519883146,6794.252301076052,6871.524757743725,6789.48239634348,6804.746091487712,6921.131766962477,6932.5795383206505,7138.6394227677765
787.6043424799208,6190.065990725645,6879.121835420739,6825.750981613097,6883.887090224993,6841.95284794756,6854.34251043862,6888.652345029247,6957.272014210501,7086.886944886203
788.5584505298175,6148.757091123961,6996.795803521345,6822.42379861267,6837.669438386106,6840.527995843625,6949.153179229357,6770.016911891483,6909.133374824088,7152.1107587132265
789.5124574702642,6251.450637269894,6846.826888438455,6870.680103629504,6928.881948695661,6884.992032744132,7028.111323890421,6897.395704643477,7035.744352751556,7011.8911375605085
790.4663633173333,6308.291351984014,6989.54471807117,6850.80632188769,6850.80632188769,6945.531157902617,6889.078982903822,6889.078982903822,6961.797038834474,7055.565058323998
791.4201680870865,6235.231364264686,6950.655261750778,6893.997530272013,6970.821572955083,7004.432091628926,6870.950317467092,6925.6874478787795,7117.747554586455,7116.787254052917
792.3738717955966,6290.810724084327,6915.55330633822,6933.871375879615,6935.799593726078,6997.502564812881,7058.241426976454,6933.871375879615,7087.164694673394,7111.267417754177
793.327474458918,6296.533408395636,7011.478436838965,6895.697865431139,7053.931313021835,6948.763960659726,7049.107122546508,6984.462970177139,7106.032570155357,7176.465751095118
794.2809760931086,6292.843914058283,6953.013428968692,6989.689513130381,6954.943749187728,7024.435277073035,6986.794032801827,7019.609476525444,7129.637729010512,7119.98612791533
795.2343767142265,6270.409549266275,6832.657234936703,6965.517133262935,6943.37381687523,6956.852357285137,6974.181909240733,7060.82966901871,7011.729271811189,7061.792421905132
796.1876763383225,6112.330373307899,6811.321342797084,6827.643934117574,6932.300549054828,6840.125915715595,7020.634572671593,7009.112743504189,7102.247529274039,7214.58536365623
797.14087498144,6225.997178605518,6928.716454753407,6828.32798673228,6787.216518876008,6989.905616213903,6931.5846966968675,6888.561067544956,7036.753567957096,7067.348148687344
798.0939726596298,6239.44429914599,6897.383864819633,6879.240393487559,6824.809979491336,6787.568117283394,6884.014991206525,6947.03968109689,7000.515175549319,7104.601405822798
799.0469693889246,6250.5488522347905,7017.891877512965,6794.282577494169,6936.666277078787,6902.264846306664,6859.263057841512,7020.758663410642,7079.049976663405,7058.9824753796665
799.9998651853674,6263.54852123302,6857.159050606984,6952.902684376979,6849.499559905385,6889.711886088782,6857.159050606984,6892.584195101882,7040.029391107673,7104.17762573357
800.9526600649915,6210.056372858885,6876.379675698104,6829.333794085536,6991.594079647248,6889.821356158837,6947.42855813341,6889.821356158837,7054.962001819277,7148.093645011502
801.9053540438254,6214.248395555937,6887.874456964255,6872.521156419336,6993.428398210573,6835.097486341097,6838.935811477326,6998.22630463086,7053.882019106191,7120.093127706154
802.8579471379018,6224.185899428695,6965.868603337803,6853.608737416243,6882.393318421771,6871.838972053078,6900.6235530586055,6901.583039092123,6947.638368700968,6954.354770935591
803.8104393632384,6111.462880197757,6835.024817558476,6966.320162483534,6825.441215739128,6713.313074452765,6900.193309930037,6888.69298774682,6999.862768851249,7005.612929942858
804.7628307358573,6197.1596526767225,6794.718925795063,6842.6771339105,6741.964896868083,6801.433074931224,6809.106388229694,6864.737909643601,6945.307699277534,6977.919280796031
805.7151212717763,6153.374821958982,6858.399061107829,6778.784078999864,6700.128313543802,6797.968412037928,6891.97164392444,6807.56057855696,6938.973259867697,6989.811742418566
806.6673109870062,6193.529217331268,6979.993838182939,6876.992963726233,6823.085964010574,6907.796963563752,6837.525338934411,6928.974713452047,6954.965588314954,7041.601837857977
807.6193998975614,6251.3760123363,6788.007950403149,6837.231383571151,6856.534690695858,6690.526249423379,6866.186344258212,6824.684233940092,6998.413998062453,7082.383384054928
808.5713880194488,6205.9976797298295,6780.091059617772,6818.685572551415,6698.07771963378,6819.650435374757,6862.104399601764,6875.612479128539,6924.820483118934,7022.271628276383
809.5232753686688,6209.254138297876,6766.111995851976,6860.527341942463,6790.197543324039,6821.990465987163,6828.73441927934,6806.575715605042,6854.746810549168,6998.296673482664
810.475061961224,6242.8500841589,6848.024327011039,6804.590768911603,6695.52427857302,6904.970547630299,6831.616093951252,6768.878732252067,7001.489565629045,7038.166792468568
811.4267478131114,6136.59427953952,6874.990638026368,6935.72036463821,6842.215864934263,6785.341993980315,6905.837483289526,6870.170818453999,6926.080725493473,6991.6302716776845
812.3783329403195,6174.7299528804215,6894.31236704605,6857.707103674839,6780.643391314397,6799.909319404508,6812.43217266308,6855.780510865829,6862.523585697368,6994.495193114624
813.329817358841,6201.289249613725,6868.021919830479,6819.777877123044,6891.179060330049,6813.023711144003,6844.86477933091,6812.058830289855,6889.249298621751,6875.7409666636695
814.2812010846646,6156.315059057284,6840.457432595592,6757.355392872012,6824.030285208372,6832.727010295724,6781.512962559099,6827.895496358306,6913.896444444336,6957.380069881094
815.232484133776,6056.024485863039,6759.162017496757,6755.314479703959,6797.63739542473,6773.5902842197465,6790.904204287334,6758.200133048557,6938.072524861834,6837.074657800903
816.1836665221454,6043.522171427824,6805.941661674851,6553.727133335557,6770.323579428462,6712.56452713702,6852.148903508004,6626.888599571383,6855.999506994101,6926.273020615354
817.1347482657548,6057.5569527343105,6815.473856041449,6799.102080493518,6827.030403487047,6606.492956400218,6722.058430856197,6943.558923563493,6776.952031222789,6938.743695461161
818.0857293805783,6029.252655468597,6659.188972911957,6642.789405689082,6654.365570787582,6731.54000477758,6683.305983533831,6823.184645140703,6752.762974124829,6798.1029540939535
819.0366098825833,6079.465086076729,6838.072827117221,6768.670340008053,6759.995029119407,6537.328716310825,6628.901442357645,6768.670340008053,6819.758281907858,6874.701917535949
819.9873897877404,5982.1872767221075,6800.710717787432,6675.9004058519395,6677.835449447838,6621.719185166764,6771.685063848945,6692.348276417081,6755.237193283802,6923.5859861270255
820.9380691120059,6019.943045863819,6769.164745179989,6697.441063744806,6765.287789426737,6797.272674391074,6667.394656657095,6693.564107991553,6704.225736312999,6861.2424443197515
821.8886478713466,6111.8726406861115,6784.498929394302,6723.351084966284,6796.146137856781,6681.6152546424,6701.997869451739,6790.322533625542,6766.057515995376,6839.823169591079
822.8391260817116,5961.043624384015,6778.713187033147,6648.893611920606,6560.732557180001,6614.98551394345,6721.553821871655,6720.585019072308,6831.028538197901,6728.335441467086
823.789503759057,6006.508011568127,6681.755767062156,6672.067850914465,6663.348726381544,6634.284977938472,6581.001439126175,6667.2238928406205,6778.634928539062,6786.385261457213
824.739780919328,5913.217372859479,6771.369174189053,6664.946741104213,6714.288050989003,6644.629731151653,6620.442814541461,6722.995340968671,6849.734784006072,6696.873471029665
825.6899575784773,5973.812871309617,6613.2442458136975,6633.497728264053,6601.670827270637,6561.163862369926,6542.839283010081,6672.075790074255,6823.494682679293,6754.054171420931
826.6400337524465,5955.6267800414425,6601.452372455166,6649.504871890712,6556.2830229857545,6563.0103729067305,6511.113673516342,6622.595472206806,6639.894372003602,6649.504871890712
827.5900094571733,5870.237057924364,6528.2492301839275,6551.303671255795,6530.170433606583,6409.134617979276,6477.337339483553,6530.170433606583,6713.645360470198,6787.611692242442
828.5398847085927,5846.643799367758,6485.296377747113,6563.9292777878145,6602.28679000279,6528.448578988961,6573.518655841558,6551.463086317947,6698.180570540231,6623.383421721028
829.4896595226346,5767.59453617285,6506.04611463196,6495.496806368259,6421.651648522348,6495.496806368259,6505.087086607988,6524.267647087445,6483.988470080585,6597.153776909384
830.4393339152339,5866.536478210338,6516.128361870439,6294.785942252924,6564.246279178596,6439.139694177391,6404.494793715518,6358.301593099689,6458.386861100653,6515.166003524277
831.3889079023137,5987.892007002142,6418.356197060646,6454.067351841284,6354.655218262751,6428.007860514873,6478.196510476851,6442.4853556962125,6510.046999875798,6561.200816183199
832.3383814997943,5827.924474947689,6480.737123568613,6496.211201165554,6473.000084770143,6405.300995283529,6402.399605734103,6417.873683331043,6434.314890777792,6531.02787575867
833.2877547236021,5845.2265251564895,6452.951455358775,6439.360162990034,6384.024186917301,6346.16272960438,6483.046459889559,6427.710483816827,6474.309200509654,6596.6308318283245
834.2370275896428,5813.952419631774,6410.903387132428,6345.763786444247,6388.542031672307,6328.263595214586,6492.57094620418,6361.319511981723,6277.707487217787,6470.209590744057
835.1862001138361,5769.4465411739075,6538.7709198098755,6484.305477074586,6464.853533240554,6332.580315169135,6405.525104546756,6337.443301127643,6362.730828111885,6486.250671457989
836.1352723120873,5709.754231907963,6322.7646555790625,6378.22750343502,6469.692550776422,6331.521947345793,6278.978196745413,6448.285837568859,6367.524146831239,6395.742086968479
837.0842442003012,5721.3718338050285,6377.30049786092,6312.096906626877,6294.579523907284,6288.740396334086,6225.483180957776,6313.070094555744,6295.55271183615,6351.02442378153
838.0331157943837,5695.587609311377,6404.985144680308,6273.795189509341,6291.287183532137,6242.698311246593,6335.988946034836,6370.001156634717,6343.763165600523,6410.815809354573
838.9818871102325,5708.652276677419,6308.5412593311585,6362.900131545737,6299.805012010958,6230.885727596047,6217.296009542402,6209.530456368891,6238.651280769558,6339.603472025204
839.9305581637418,5626.098875361619,6286.73927360484,6199.557989379195,6119.157471704433,6248.96071710706,6204.401394058397,6153.061304458851,6206.338755930078,6193.745903764152
840.8791289708062,5563.862811475559,6222.016463484393,6112.8074140321205,6156.297743460016,6230.714529369973,6115.706769327313,6147.599677574437,6252.942919966454,6226.848722309715
841.8275995473086,5548.609993771576,6143.8631731800215,6162.2232550124245,6099.412448743677,6168.021175591079,6119.705170768964,6164.155895205309,6198.943418677231,6290.743827839248
842.7759699091404,5562.564008456166,6150.4930269365595,6124.341324302341,6150.4930269365595,6095.2838769309865,6055.572032190136,6068.163592717723,6114.65550851189,6192.1420348354995
843.7242400721808,5522.451840306027,6148.129240094783,6101.567201040736,6054.035119506397,5827.0451791179175,5993.892485728253,6014.263377814398,6097.687031119565,6106.417413442199
844.6724100523134,5419.274007549801,6124.322719698817,6062.255157693952,5997.278178720109,6019.583708815608,5964.304786405024,5982.731093875219,5976.912259937262,6103.956800915971
845.6204798654071,5435.988160633245,6087.336027737692,5846.599409195363,5908.724988174028,5871.837925655445,5869.8965013123625,5989.294098411985,5965.026294123444,5927.1685194333195
846.5684495273345,5412.826795273086,6047.520950465329,5917.67512329623,5876.977177467108,5877.9461761773255,5911.861131034926,5926.396111688184,5929.303107818835,5979.691040750128
847.5163190539679,5433.829488426698,5987.472250696037,5803.56993455762,5851.965280909835,5720.329938831811,5825.831793879639,5892.617371845696,5855.836908618013,5983.60062298786
848.464088461169,5297.706736802429,5924.952116931787,5844.610501884354,5845.578473149985,5749.749317852445,5793.308024805872,5742.9735189930225,5787.500197212082,5767.172800633815
849.411757764803,5408.830433462329,5774.081913882917,5759.510711206564,5728.425478830344,5831.395311076573,5753.682230136023,5746.882335553725,5749.796576088996,5879.965986664418
850.3593269807317,5404.387721702503,5866.92540959596,5784.155507551868,5668.277644690138,5697.490551293936,5681.910334438577,5747.152492520391,5760.78518226883,5788.050561765707
851.3067961248016,5323.638221822444,5814.70552891518,5741.484757479881,5763.939127386707,5699.504848523644,5671.192816901995,5698.528571571173,5773.701896911413,5825.444575392357
852.2541652128674,5241.033648380049,5786.608659449778,5739.761431307834,5773.920868494668,5694.8661710051365,5689.986251407017,5629.475248390339,5708.529945879871,5722.193720754604
853.2014342607799,5253.944479781956,5818.054261105772,5667.494631428359,5708.556348613108,5650.874412567865,5597.103116254502,5618.611634779848,5623.499934444699,5812.188301507951
854.1486032843858,5267.807100242579,5814.641672022635,5692.3620271702075,5560.300010729586,5588.668888335349,5685.514367058471,5467.36748064174,5669.862572517361,5609.211868670556
855.0956722995215,5197.363916144167,5720.91686194291,5710.152221935834,5592.719785494994,5628.928120064253,5653.393210989428,5625.992309153232,5545.7468109186575,5650.457400078407
856.0426413220339,5201.187435704023,5616.852095383266,5697.050923839025,5566.972336221756,5572.840543181934,5510.246335606707,5577.730715648749,5659.8856130912345,5632.500647277073
856.9895103677483,5194.506988531286,5658.3721566857375,5636.842549724983,5622.163272251741,5475.370497519319,5510.6007634551,5534.087607412287,5532.130370415855,5516.4724744443965
857.9362794525005,5145.044030539279,5617.488187716175,5536.302131720973,5509.892209891209,5515.761081408935,5481.525997555536,5472.722690278948,5495.220031096896,5549.996165262332
858.8829485921198,5058.793086865164,5525.863612811273,5489.785096193306,5482.959430887205,5440.055248963136,5408.852207563814,5366.923120683474,5439.080153919407,5447.856009312966
859.8295178024309,5032.222586835201,5578.8227209290135,5549.64477782792,5489.343695418994,5476.699920075187,5283.152897504602,5263.700935437207,5358.042951464075,5479.6177143852965
860.7759870992559,4991.588876517152,5494.436608535021,5333.292354645125,5405.127744933392,5282.813431739856,5279.901186187629,5279.901186187629,5303.1991506054455,5354.6488220281235
861.7223564984162,4927.090295162457,5377.305966498596,5415.229100801208,5397.726115738464,5342.299996373108,5297.570145657206,5303.404474011454,5282.984324771586,5348.134324727355
862.6686260157222,4951.578515896403,5426.720174898235,5368.420584836661,5275.141240738141,5329.554191462277,5222.671609682724,5162.42869995243,5243.076466204276,5295.546097259692
863.6147956669884,4950.406651431826,5443.211711764819,5334.347477529523,5289.63538132574,5157.443096897166,5285.747372960193,5147.7230759833,5278.943358320487,5156.471094805779
864.5608654680182,4859.433445316452,5325.433169101554,5275.817332122347,5304.030259032092,5229.120073788975,5171.721360420873,5172.694219969485,5315.704573615435,5174.639939066708
865.5068354346222,4829.04517962682,5411.222072243381,5230.815497479455,5251.294081641847,5139.149454085893,5272.747836478638,5141.099795434692,5258.120276362644,5127.447405993097
866.4527055826038,4913.936162924381,5377.6620974112975,5261.730613789568,5190.6129809796,5196.45826586809,5201.329336608499,5155.541271648657,5160.412342389066,5168.20605557372
867.3984759277554,4885.566478560275,5416.161041214855,5234.744517954282,5254.251670993053,5242.5473791697905,5198.656284832555,5118.676957373592,5096.243731379005,5237.670590910097
868.3441464858771,4841.802690843061,5308.035907245757,5243.6606095834595,5188.063761602385,5032.002433936211,5189.039144900299,5081.746982129804,5016.396301169593,5117.836164152607
869.2897172727571,4865.750070998165,5292.2107170122445,5276.596597249715,5250.247770150447,5186.815408615172,5144.852461753375,5106.7930448322095,5115.575987198633,5182.911878674539
870.2351883041847,4835.777630636749,5350.929199536196,5202.346583838443,5181.818722459148,5189.638860127451,5137.830448074945,5173.021067582307,5126.100241572491,5061.584105808992
871.1805595959487,4838.883776797627,5248.742625571976,5255.606290503603,5179.125452694036,5005.572782280017,5108.527756254435,5105.586185569452,5130.09927461098,5184.0280705023415
872.1258311638229,4856.10184658191,5269.929588758317,5178.730583965886,5106.163633915995,5119.892516357866,5077.725234572118,4989.468133160089,5049.286835228242,5089.492848093722
873.0710030235967,4857.455553252026,5303.508308344344,5191.5038720436305,5233.751159420215,5023.497217592559,5088.34189124034,4959.635039000046,4946.862603281544,5105.044307179921
874.0160751910371,4882.561080641789,5263.288692612043,5073.416782766412,5133.42811178498,5003.567530957916,5036.032676164682,5081.287120998355,5001.599946399931,5011.437869189859
874.961047681918,4856.278101909223,5237.723124324256,5183.512591422894,5128.316412468781,5032.708745351834,5068.192003250907,5022.852284824315,5065.235065092651,4966.670459817449
875.9059205120029,4800.957693979584,5196.852051513901,5084.583502362378,5091.477185205015,4980.193447888155,5038.297346133241,4995.950437242755,4972.3149532108555,4998.9048727467425
876.8506936970662,4869.700184091727,5247.173402166435,5137.775158807968,5021.477927129599,5016.550078329668,4879.555881691589,5022.463496889585,4958.401462490483,5048.088310649226
877.7953672528638,4764.118134477791,5187.9019155753185,5083.434285816394,5034.157101967843,5037.113732998757,5041.055907706641,4910.964142346469,4882.38337571431,5032.1860146139015
878.7399411951593,4764.732046704623,5176.571996150969,4999.224649499433,5004.150964684198,5038.635170977553,4872.125717732498,4808.083620330554,5009.077279868963,4990.357282166856
879.6844155397048,4810.217697929455,5052.939612411289,5059.8183711213005,5074.55856835704,4928.139275815367,4880.970644661003,4870.161166688127,4845.594171295229,4858.369008899536
880.6287903022494,4814.281462922813,5165.94699316692,4963.591967383998,5011.724958953722,4931.175871020714,4946.892766227155,4853.573700938914,4964.5742733344005,4878.131349698978
881.5730654985417,4788.201967648388,5080.536363542512,4955.95089952052,5004.019306899084,4961.83682695463,4876.4908791600365,4798.992834610923,4835.289387121267,4874.528903348666
882.5172411443309,4693.121201838775,5092.640199778199,4985.6437113865595,4940.489230046968,4848.217029048674,4854.106744006012,4852.1435056868995,4858.033220644237,4925.764942653624
883.4613172553583,4742.074932628772,5112.595606121217,4974.018908608128,4951.4141990847165,4875.737562854164,4936.6719972216215,4852.150039873212,4791.215605505755,4760.748388322026
884.4052938473578,4673.6977773311955,4957.93571033808,4901.874941544334,4862.534051162759,4736.643201941717,4660.911987957184,4759.264213911123,4813.357938185789,4775.984092323292
885.3491709360751,4583.8917327340305,4915.87274958942,4903.104248941137,4795.063089609501,4773.454857743173,4681.128776132503,4745.953471731485,4716.487701004675,4741.0425099436825
886.2929485372298,4647.942364371707,4946.921306134086,4890.86275455364,4803.33273541926,4714.819232923818,4719.7366497291205,4642.041464205345,4741.373283672451,4735.472383506088
887.2366266665558,4651.707965132809,4890.20655148072,4864.582736418548,4809.392980900023,4793.624479323301,4725.622816273691,4688.172625028977,4755.188756730043,4673.389654800801
888.1802053397804,4628.788471382053,4991.753346188913,4863.532058893012,4758.9823938671225,4726.433913245855,4756.023441083371,4750.105535515868,4698.8170205975075,4701.775973381259
889.1236845726235,4641.538837522887,4969.409240513865,4764.9840193719,4725.481561180215,4803.4989161087915,4694.86715608166,4740.294983002097,4592.160764783282,4711.655700813126
890.0670643808007,4680.495573094648,4897.871343852685,4780.290813306292,4796.099960270512,4733.851444098893,4756.57709285996,4690.376289947285,4632.080060516721,4710.137723652561
891.0103447800392,4590.184243534549,4943.579924997096,4813.9025180738645,4844.5895380327975,4702.043380804206,4704.023188543492,4598.103474491692,4720.851554327423,4681.255399541704
891.9535257860333,4622.288919180725,4736.736200850942,4725.883441382214,4678.525945518676,4728.843284873685,4591.703869768857,4699.244849958974,4620.315690186411,4682.472403507304
892.8966074145064,4575.929052289058,4860.447876753674,4792.5177767949945,4698.006333374222,4689.145885553525,4609.401855167248,4601.52590154885,4586.758488514354,4517.843894353375
893.8395896811563,4571.285353807633,4858.713287337312,4731.733138620434,4686.4533956671285,4700.234187000743,4606.721674379785,4530.927322044905,4565.3793003789415,4646.095363904399
894.7824726016843,4576.340690335071,4837.536099109309,4648.292633129484,4598.024837478592,4629.565415141897,4535.9293252039615,4563.527330659353,4635.479273453766,4602.953052738483
895.7252561917958,4457.987003016792,4787.588778786077,4772.8304903187955,4722.652309530038,4499.310210725181,4579.9888543463185,4554.407821003031,4561.295022287763,4576.053310755044
896.6679404671851,4560.146689903131,4867.240531312537,4770.781568305736,4618.218922733756,4608.376171406531,4544.398287779572,4545.382562912294,4546.366838045017,4491.24743061256
897.6105254435388,4569.528343112236,4851.306071902684,4644.406340972635,4657.214419554019,4536.030291437847,4554.749790902947,4489.724161182074,4518.2960287867,4581.351184879667
898.5530111365479,4596.435288942384,4799.277120459551,4711.641571891455,4526.523783904915,4578.711245411759,4507.815071289254,4563.9412091362365,4481.229005993315,4507.815071289254
899.4953975618993,4555.5487273788685,4558.501124480216,4633.295184381014,4631.326919646783,4539.802609505016,4549.643933176174,4490.595991149228,4427.611519653819,4463.040284869987
900.437684735276,4487.764282582669,4697.11465318935,4611.605346885212,4630.279793089565,4479.9013578650465,4433.706675149018,4479.9013578650465,4449.432524584262,4505.455863197318
901.3798726723544,4538.346836923051,4661.297282223307,4588.5106186055555,4488.183055240547,4508.838730050989,4484.248640990939,4464.576569742898,4417.363598747599,4468.510983992506
902.321961388814,4427.366225666415,4651.586460995589,4590.61429173941,4504.073148279027,4489.321817007371,4381.145387681891,4389.996186444885,4466.703109057497,4413.598316479535
903.2639509003238,4456.062801076422,4672.663290744299,4526.950234058636,4532.857520140487,4460.000991797656,4403.881774020069,4343.824365521249,4360.561676086494,4420.619084585314
904.205841222556,4494.154877283601,4690.410488558439,4648.989706279328,4529.658404951411,4515.851477525041,4392.57533978959,4307.7613570276,4430.051285661167,4376.795994159453
905.1476323711722,4456.386387634459,4724.52153662401,4523.667532030361,4587.980390644091,4491.0163884264675,4390.094671832614,4356.454099634663,4304.014384149622,4384.158100268271
906.089324361834,4483.0110696648435,4758.188167780724,4559.229186768882,4425.600020417645,4435.498477184403,4452.325853687892,4299.889619479814,4331.564681133441,4424.610174740969
907.030917210206,4474.965767580565,4601.915151058028,4509.678489625184,4452.154550236958,4422.400788484428,4495.793400807336,4365.8686411546205,4443.228421711199,4465.047846996388
907.9724109319467,4395.065174852255,4550.581341733437,4468.365788541474,4528.789267393398,4282.142607817512,4362.377063342197,4310.868523993016,4369.310905177665,4268.274924146578
908.9138055426993,4393.777944818672,4657.879410659867,4577.7587412473695,4432.354563424689,4382.897360083642,4372.016775348611,4326.516148274847,4414.549970221912,4292.885250002935
909.8551010581177,4434.030358846476,4637.689278338644,4448.8598918192065,4442.928078630114,4422.166732468291,4390.530395459799,4330.223628037361,4300.5645620918995,4313.4168240016
910.7962974938457,4445.184687300131,4580.485798644303,4485.676260768095,4470.862270474938,4372.102335187221,4414.56910736094,4206.1856439038565,4287.168790839784,4283.218393428276
911.7373948655296,4344.484964868998,4531.015555137113,4438.243727173077,4460.943216994065,4418.505040372218,4368.171389030028,4352.380439589341,4282.308101446293,4292.177444846722
912.6783931888093,4398.915664021552,4630.801079240275,4429.504803901469,4386.087960200942,4299.254272799889,4247.943457517448,4339.7108771571975,4229.195275010402,4316.028962411456
913.6192924793177,4337.456508496641,4515.261603356444,4421.42002551377,4365.115078808166,4255.46860364462,4197.188044773907,4193.236820443689,4187.309983948363,4187.309983948363
914.5600927526866,4432.656658557882,4575.03956260257,4442.544360227652,4309.060387685758,4324.880710357389,4233.913854995506,4262.588189837838,4272.475891507608,4166.67748364107
915.5007940245488,4371.473886706902,4515.969061590127,4450.64932499908,4386.319281386685,4298.236606286637,4286.36029054281,4224.009632887719,4216.092089058501,4193.3291505495
916.4413963105287,4333.785156205117,4488.951466244845,4358.49316735794,4306.112183713955,4301.170581483391,4181.583807503729,4219.139984456019,4201.350216425987,4220.128304902132
917.3818996262526,4348.572923440846,4383.226851564806,4339.661913351829,4344.612474512394,4254.512261390099,4299.067311835191,4252.532036925873,4177.283507285276,4090.153630859321
918.3223039873337,4401.955939628569,4452.450710865873,4465.321927063617,4286.114993848869,4227.699474182183,4184.135357820587,4157.402831871425,4196.016480464658,4213.8381644307665
919.2626094093976,4367.960867678177,4462.916538714659,4340.265463625869,4244.320671016091,4340.265463625869,4264.103102482025,4151.343243126202,4094.9633134482906,4202.77756493763
920.2028159080472,4394.326619424018,4392.348974680803,4311.265540208982,4247.980908426099,4192.606855616074,4089.769328968888,4047.249966989763,4091.746973712103,4066.0375920503066
921.1429234988973,4268.26270345813,4424.732658712512,4375.216850087708,4202.901836073389,4191.018042003436,4184.085828795963,4116.7443290662295,4250.437012353201,4125.657174618694
922.0829321975543,4379.359102145913,4350.677662678382,4317.051147440586,4250.787132119046,4198.369328954246,4068.808343773326,4011.4454648382625,4124.193192400285,4035.1818285355303
923.0228420196217,4272.902272564618,4340.1297955943255,4271.913632520063,4232.368030737884,4217.538430069565,4097.912984678469,4065.28786320817,4084.0720240547057,4158.220027396294
923.9626529806993,4374.945731264913,4412.439627924377,4212.143285243553,4207.20987778836,4115.448499121775,4091.7681433368502,4038.487342820769,4062.1676986056937,4109.528410175544
924.9023650963865,4343.530352015315,4375.062332792196,4205.577936116462,4208.534059314295,4110.98199378582,4148.426220958366,3977.9564498833547,4081.4207618074943,4030.1812930450633
925.841978382272,4344.927673279988,4408.939527034113,4294.702988026752,4164.709685018375,4162.740089518248,4149.937718767423,4040.625168510379,4086.9106627633614,4088.8802582634885
926.7814928539484,4162.987842201794,4315.640578312813,4239.806638438306,4117.684449549491,4147.230140409688,4030.032233330906,4083.214476879261,4068.4416314491623,4035.9413715029455
927.7209085269967,4267.787753491248,4368.159981034736,4278.6122094028005,4215.633556826495,4085.740085887863,4059.1709668322337,4042.4422622416528,4013.905060293014,3962.7349050747653
928.6602254170102,4201.284455161043,4438.517246560718,4274.127718910321,4154.034770566917,4053.6291908043995,4130.409928269854,4020.1606642168936,4046.7386118010895,4094.97266482426
929.5994435395623,4284.943258519841,4288.887970380389,4329.321266951001,4237.60671619327,4142.933631540127,4059.10850450349,3993.0345808393176,4102.5003349695135,4034.4540553750676
930.5385629102384,4284.080658571292,4293.93364996635,4204.2714282713205,4209.19792396885,4085.0502323911164,4086.0355315306224,3998.343908114605,4041.6970702528606,4039.726471973849
931.4775835445979,4246.360996256866,4368.64357023175,4163.524413886784,4164.510563676904,4083.646280887061,4011.6573462082983,4024.477293479859,3997.8512491466176,4053.07563739334
932.4165054582228,4282.086344504542,4365.817041372011,4239.728462559822,4143.191894406741,4112.654816725664,3983.6110368475656,4064.3865326491236,4058.4761305173024,4016.118248572583
933.3553286666793,4244.101849396014,4313.079590157035,4279.576116073111,4054.905760451497,4060.818138231013,4068.7013086037014,4029.2854567402605,4010.5629271051257,3948.4829604202064
934.2940531855237,4283.845247867324,4305.535603552728,4211.8727040021195,4135.956459103205,4118.2098044515105,4042.2935595525955,3980.1802682716657,4029.4765311930387,4056.0965131705802
935.2326790303267,4270.7783502073,4311.115118776408,4251.101877734564,4093.690097952678,4040.5636222762914,4101.5606869417725,3972.679792245353,3972.679792245353,4028.75773879265
936.1712062166373,4136.7400993564115,4222.205876759405,4212.382224184349,4126.916446781355,4070.921627103531,4051.2743219534177,3924.549203735185,3962.8614487779064,3976.614562382986
937.1096347600177,4196.990833233234,4318.642741442894,4101.827646972453,4113.600412283065,4060.6229683853103,3964.4787183486446,3967.4219096762977,3927.1982948650393,3994.891695401059
938.0479646760105,4193.478201157495,4181.723532058245,4199.35553570712,3990.71015919543,3976.0168228213674,3956.42570765595,3895.693250643158,3920.182144599929,3959.364374930763
938.9861959801674,4208.559674850152,4271.155031389871,4148.898475648232,4016.8613954472635,4020.7736052309956,4017.8394478931964,3900.4731543812236,3936.661094880749,3917.1000459620864
939.9243286880336,4244.706056688416,4288.728129182304,4204.597057305096,4069.596034990507,3977.638816892164,3985.4649631132993,3893.507745014956,3859.268355297488,3875.898916017401
940.8623628151472,4176.392051204464,4287.554482639745,4143.238343583415,4110.084635962367,3970.6440421444267,3996.9719864317303,3956.0174064292582,3937.490334523378,3760.9955968936774
941.8002983770492,4192.68929474646,4259.9829819615115,4106.86546177654,4058.101920316358,4032.744878757063,3908.8854834482004,3901.0833168145714,3950.822129103957,3943.9952332995317
942.7381353892745,4185.995294153489,4174.2916726414105,4217.204951519033,4064.0825700693363,3980.2066158994385,3958.7499764606277,3845.6149685105333,3882.676436632116,3900.231868900234
943.6758738673487,4123.538375231044,4230.845974302587,4151.828560440814,4044.5209613692705,4001.597921740653,3925.5070787626496,3866.9756610872623,3897.216893552879,3859.171472063877
944.6135138268036,4110.894132476391,4130.427960618355,4122.61442936157,3985.8776323678194,4033.7355113156323,3904.8122455786674,3918.4859252780425,3855.0009838166584,3899.9287885431763
945.5510552831619,4146.362675900448,4199.182582599817,4110.171258347177,4011.37846989095,4053.4387659663735,3974.2089059173204,3890.0883137664737,3861.722067576072,3949.755245408353
946.4884982519507,4239.302619131023,4199.087115340099,4180.450662363817,4088.249263428529,3998.990462331601,3916.597722857514,3821.453726083865,3767.5060990472602,3905.808197450193
947.4258427486819,4233.6917643156585,4264.128787667649,4156.126446741229,4121.7620655373685,3993.141095888632,4013.7597246109485,3927.3578518698127,3908.7029020734312,3861.5746078509933
948.3630887888758,4172.394982501627,4315.594246122981,4083.140646956811,3997.80957890847,4033.118986376749,3992.9054945378757,3857.5527659094732,3908.555243363654,3871.2842021471374
949.3002363880403,4240.3870313141715,4271.819133468922,4042.954139654652,4079.2975077710807,3984.0189481144967,3939.81755445938,3897.5806671889354,3870.0775778035295,3817.03590541739
950.2372855616813,4217.574036271768,4189.030361347175,4085.6825728270965,4088.635366784813,3957.7281679927137,3885.876848354945,3864.223025998357,3889.813906965234,3858.317438082924
951.174236325307,4250.985714779352,4250.001006483132,4168.270217896918,4023.5180983526593,3987.08389139254,3921.108435545837,3923.077852138276,3872.857729031084,3899.444853029009
952.1110886944223,4251.201516810963,4159.534060037622,4173.333462132534,4099.408093766936,3964.371087552445,3931.8439254715818,3845.1048265892805,3852.9901992149444,3959.442729661405
953.0478426845219,4158.962663472044,4269.368877814037,4039.684521191855,3984.4814140208587,3974.623716311752,3971.66640699902,3881.961357846151,3930.2640766207724,3948.0079324971643
953.984498311107,4182.128214793371,4190.011585603537,4194.938692359891,4001.7961075108096,4006.723214267164,3917.049871301519,3897.3414442761027,3887.4872307633946,3926.904084814227
954.9210555896608,4241.210589031735,4291.107184196814,4216.262291449196,4186.324334350148,4083.537348310085,3933.847562814847,3881.9551038431646,3912.8909928455137,3957.797928494085
955.8575145356737,4273.857407890759,4241.012206572548,4139.490675225353,4086.7392912900455,4032.992598223883,4102.664237383723,3942.419467316091,3870.757209894541,3884.691537726509
956.7938751646359,3255.8395269772154,3264.786872242191,3103.7346574726307,3068.9394258866146,3150.459682745281,3060.9862300955256,2882.039324796014,2946.6590405986153,2894.9632679565348
957.730137492028,4166.187810863547,4206.915922510044,4042.016738770571,4106.585696258919,4026.12284154267,3932.7461953287516,3925.7926152915447,3965.5273583612975,3924.799246714801
958.6663015333287,4176.681989164498,4358.147517183754,4139.992237597764,4062.6462748354584,3997.1996909596614,3902.004659867593,3867.2981381152763,3904.97950458922,3905.9711194964293
959.6023673040179,4159.553727454825,4187.949927571631,4101.782147906842,3954.9052507509505,3893.2169539454767,3856.0081399993173,3832.507836454375,3854.0497813705724,3855.028960684945
960.5383348195646,4162.684756219575,4179.374765855361,4073.3441164044852,4000.6934862251815,3961.42287531745,3847.538103685027,3773.90570823303,3777.8327693238034,3907.4257853193185
961.4742040954334,4201.3934905565875,4204.34183686575,4016.6304551824032,3977.3191710602364,3985.1814278846696,3932.1111943197443,3810.246213541027,3826.953509292948,3875.1098323426027
962.4099751470967,4249.62671140318,4195.459974641378,4048.71736050486,3982.7324266313926,3904.929295646259,3858.6413569589013,3835.0049627355693,3819.2473665866814,3794.6261226040447
963.345647990016,4163.5682208552425,4306.426098759646,4143.863685971876,3919.231988301504,3979.33081969577,3863.0740638839106,3866.0297441164153,3836.4729417913663,3834.5024883030296
964.2812226396492,4219.883938940712,4238.577759141195,4119.527641022327,3976.864276334427,3923.7344715541058,3925.702242101525,3928.653897922654,3810.5876650774953,3782.054992139915
965.2166991114607,4228.346575536673,4163.611972431728,3998.832982710048,3907.616041971261,3934.0983796051023,4003.7371193089075,3812.4757919533863,3767.357735243879,3797.763382156808
966.1520774208913,4184.280703813404,4127.431727279983,3991.1902145533336,3979.4283573395223,3903.956440217566,3860.829630433591,3759.8736893483765,3828.4845230956093,3793.198951454175
967.0873575833976,4121.214566339827,4077.153113385374,3986.092777279505,3927.344173340234,3877.4078599918544,3894.0532977746475,3771.660372901167,3862.7207090070365,3737.390353936593
968.0225396144232,4183.040919059262,4194.810319065994,3993.749735617659,3978.05720227535,3929.9988189145283,3873.113385548658,3837.8051855284625,3742.669202140714,3837.8051855284625
968.9576235294153,4145.846474511218,4176.287317881623,4007.3897353103457,3945.526085880169,3961.237488910055,3866.969070730738,3886.6083245180957,3831.6184139134944,3823.7627123985512
969.8926093438133,4200.9856151766835,4157.656180796052,4089.707749608243,3968.582285316932,3853.365380259344,3862.2282191099275,3847.4568210256216,3885.8624560448175,3815.944505112435
970.8274970730563,4157.234799403694,4181.845471907859,4100.138039194029,3978.069103573366,3826.467360947705,3921.9567702638683,3812.685384345372,3811.7009574452054,3775.27716213904
971.7622867325737,4149.358845444831,4155.269613030935,4027.202981998687,4023.262470274618,3967.110178206632,3807.519453381831,3835.103035450315,3839.0435471743845,3810.474837174883
972.6969783377936,4127.72611675343,4180.898161196342,4008.581350501721,3933.746621285771,3991.8420031771007,3789.0005003022898,3838.233874786467,3797.8625077094416,3864.819897007923
973.6315719041486,4183.883615254748,4199.694228822079,4126.570141073177,4084.0791171109768,3977.357475531498,3854.825220384689,3962.535025312126,3816.286849814322,3775.7721525480383
974.5660674470636,4149.7449214445915,4151.726179463902,4114.0822770970135,3945.6753454556715,3883.265717847409,3822.8373482584575,3865.43439567362,3850.574960528796,3812.931058161908
975.500464981953,4176.714044849673,4159.83241414058,4039.674924975861,4061.521741187628,3922.4965471127457,3890.71935989563,3793.4017240432127,3797.373872445352,3840.0744677683515
976.4347645242453,4200.419505375668,4184.508825431063,4068.1619783361407,3991.59183110273,3966.731393689285,3915.0216838693195,3805.6357592501613,3871.267314021656,3754.9204669267338
977.3689660893396,4235.747055382148,4177.000210937496,4090.3735081123323,3946.991379298268,3832.484818092592,3882.270279486364,3932.0557408801365,3817.54917967446,3756.8109167740577
978.3030696926579,4307.624733751288,4145.504477089672,4136.553051875227,4052.011813738801,3878.9509262595298,3857.0696646242195,3869.0048982434796,3820.269360964834,3870.9941038466895
979.2370753496034,4190.310465673393,4162.527208974636,4092.0768080599278,3909.5011211823753,4007.734778795841,3893.6249744973707,3897.594011168622,3881.717864483617,3765.623541849521
980.1709830755826,4239.1251292466695,4121.8410107821655,4158.616539453239,3987.6600277931157,3840.557913108823,3952.872365536695,3823.661048584276,3757.067523693414,3817.697449340318
981.1047928859987,4224.530658253041,4157.001724364653,4059.6806137607978,4012.0131310160527,3918.6643106409265,3855.1076669812664,3881.9206260251854,3834.2531432804403,3814.3916921367963
982.0385047962483,4258.839439047774,4172.269571945635,4078.7343132375763,4020.026012559114,3889.6736839340533,3946.3918727251103,3866.7873972288903,3791.163145507481,3812.059320325239
982.9721188217227,4168.531038196939,4234.239910544921,4030.144170676191,4104.813343798897,3994.3029675772923,3926.602917279372,3898.726425980228,3864.8764008312683,3878.81464648084
983.9056349778184,4148.419041135749,4205.3287608336395,4086.5172407626033,4103.490315058466,3971.6993852317705,3895.8197589679157,3819.940132704061,3809.9559713535537,3801.968642273148
984.8390532799203,4168.846109427398,4167.847104848096,4162.852081951586,3991.0232943116357,3935.0790378707215,3818.1955020923833,3870.143740216089,3852.1616577886525,3813.200479195873
985.7723737434172,4191.856625665538,4158.802559083229,4109.722278400407,4018.5731857037367,4052.6288906673276,3954.4683293016833,3829.263531641422,3787.1947196275746,3869.3290668927057
986.70559638369,4187.353500844656,4205.393798359066,4074.1005220041948,4081.1161932597984,3927.773664387316,3920.7579931317123,3892.695308109297,3879.66620434889,3779.442329268836
987.6387212161172,4194.589089913962,4256.671812180533,4146.5250468688755,3982.306233131494,3963.2808827594804,3918.220842404711,3851.1314489876104,3803.067405942523,3878.1674732004717
988.5717482560723,4196.293499966092,4138.234095624958,4059.1531828154825,3982.0743184315634,3973.0651005165596,3990.082512133789,3842.9319528553974,3855.9452676215137,3781.8694758759293
989.5046775189295,4131.376828213837,4160.372454549317,4117.378939638088,3947.4045783611396,4034.391457367578,3935.4063881533552,3849.4193583308984,3819.423882811437,3829.4223746512575
990.4375090200557,4159.386169833787,4191.404538232796,4060.329342599352,4026.309826175405,3996.2926058013336,3847.207077943447,3887.2300384422088,3839.202485843695,3771.1634529958005
991.3702427748213,4221.3697252461425,4149.431590283368,4029.5346986787436,4066.5029069235025,3939.6120299752756,3961.5931267694564,3864.6764727223854,3711.8079359264893,3886.6575695165666
992.302878798586,4183.025586205587,4261.119409978693,4058.876430463727,4049.865604643753,3927.7188546396646,3916.705623081919,3843.617813653243,3823.5937562755234,3820.5901476688655
993.2354171067093,4228.715970366271,4220.712722728957,4103.665226033226,4042.6404627986994,3997.622194838803,3914.5885006016606,3828.553588500525,3881.5751040977366,3898.582005327031
994.1678577145503,4221.145200088907,4201.168175952187,4100.284204061752,4095.289948027572,3944.463415795337,3965.4392911388927,3863.5564680416214,3881.5357897646695,3866.5530216621296
995.1002006374547,4263.177443870182,4176.397743913069,4158.443323232286,4034.7573140980085,4013.810489970429,3914.063708410528,3860.200446368181,3846.235896949795,3855.213107290186
996.032445890778,4210.840312806107,4159.0391071600425,4133.13850433701,4032.5246241398445,4056.432872899567,3900.0330789297163,3830.3006867138592,3823.3274474922737,3906.010141119647
996.9645934898689,4130.2215335491865,4321.978270613174,4162.0153966893295,4067.6273654920305,4007.020313881133,3885.8062106593384,3763.598549214414,3940.451912931459,3924.5549813613875
997.8966434500653,4294.921920409175,4164.682389952323,4049.355782830225,4063.2745112759953,3949.9362939318644,3935.0233705971104,3847.5342203665527,3852.505194811471,3901.2207443716675
998.8285957867121,4282.150510109545,4211.428787332672,4188.518933475375,4011.2165862319466,4072.9735835863994,3963.4047173123704,3960.416475504897,3938.5027022500913,3934.5183798401263
999.760450515143,4248.65350910435,4268.595557961916,4088.120015800947,4101.082347558365,4061.1982498432335,3945.534366469353,3926.589420054666,3947.5285713551098,3963.482210441162
1000.6922076506889,4329.835324653041,4295.883663896998,4134.113986177027,4013.2860170158147,4028.264690878775,4016.281751788407,3953.3713215639737,3867.493591416335,3966.352838911873
1001.623867208687,4344.951317290922,4313.944528424435,4173.9138690273985,4085.8945974064036,3977.870945871546,3960.867222944763,3973.8700698887737,3994.8746687983294,4029.8823336475884
1002.555429204462,4276.242474839158,4419.720342953188,4248.148906257389,4109.687746818674,4019.3869906629902,3990.290080346159,3915.039450216422,3894.9726155151593,3922.0628423618646
1003.486893653335,4308.055410673752,4377.507705845828,4228.537565476736,4134.927950244806,4074.5346500951746,4022.193789965493,3950.7283847884287,3980.925034863245,3913.4858496961556
1004.4182605706301,4320.137971633148,4333.201891993983,4308.078968223145,4108.100495007282,4059.864481367275,3936.2596964147565,3999.569464317266,3983.49079310393,3944.2990320214244
1005.349529971671,4364.913007844073,4286.465262541806,4172.816605885958,4159.7419816689135,4039.0531427423493,4001.840750739992,4013.9096346326482,3989.7718668473353,3862.042845650055
1006.280701871758,4285.776292964297,4280.7495790387,4175.188586601155,4082.697050370164,4065.606223023133,4045.499367320744,3891.6819211974653,3934.911660957602,3956.023859445111
1007.2117762862109,4361.099615561014,4302.044100913757,4136.888848086682,4109.863443078614,4054.811692136256,3968.730772480932,3947.711013030213,3967.7298315547073,3960.7232450711344
1008.142753230339,4399.766114073656,4227.814336836513,4250.8078884438055,4208.819663769619,4074.857232666263,4033.8687276271767,4002.8774189390865,3910.903212509917,3910.903212509917
1009.073632719443,4333.000336672068,4326.986456954272,4156.593198283384,4117.502980117709,4019.276278060373,3984.195313039896,3915.035696285241,3915.035696285241,3956.1305410235145
1010.004414768824,4320.499754844423,4245.386754934053,4227.359634955565,4184.294848340287,4006.0266618863443,3973.9784485912537,4030.062821857662,3900.868462011828,3982.992008580498
1010.9350993937919,4381.219492114854,4355.1467736907325,4260.883868618909,4108.458745524046,4017.2042310396214,3964.0559973289123,3984.1119345782367,3968.067184778777,4010.184653002358
1011.865686609624,4348.828954922386,4337.760672066267,4233.115088699324,4188.841957274848,4105.3267320877685,4002.693563785574,4031.8735822244334,4020.8052993683145,3970.4949227495918
1012.796176431624,4309.722012871962,4325.803065158798,4209.215436079239,4108.708859286516,4088.607543927971,4036.344123995755,3933.827415667178,3942.873007578523,3981.0655067597577
1013.726568875078,4349.9567686210985,4304.738922793436,4267.559805112914,4075.6351705999477,4125.877221519572,4048.5044631033506,4005.2962993124734,3950.0300433008865,3934.957428024999
1014.6568639552721,4302.323781452414,4391.997508981515,4252.952852812796,4188.468374589622,4153.203425561323,4037.3328787540563,4172.347255033827,4005.0906396424693,3927.507751780213
1015.5870616874851,4346.690747830931,4325.497224333265,4316.414285691408,4222.557253058885,4139.80158987752,4127.691005021711,4146.866097710076,3969.2441864915377,4022.7326029380292
1016.5171620870061,4426.776774564502,4392.5465243177,4252.605207132239,4227.435905480179,4197.232743497705,4081.453955898224,4002.925734743794,4005.946050942041,4047.2237056514214
1017.447165169102,4434.81048495895,4405.587693760629,4366.288078011164,4137.54416070017,4085.1446730342154,4158.705492257574,4024.683725727345,4012.591536265971,4067.0063888421546
1018.377070949045,4411.528980792289,4407.493738184658,4318.718400816782,4196.652311935953,4128.0531876062305,4174.458477593984,4024.1456904597394,4077.6126550108465,4029.1897437192774
1019.3068794421091,4502.5312224331765,4394.510854540721,4332.929149480537,4269.3283721232965,4270.337908271824,4167.365221122007,4118.907485992681,4087.611865388325,4069.440214714828
1020.236590663557,4518.190159162423,4474.765443730151,4259.661620774944,4298.036950691835,4170.792435704248,4165.7430501888675,4034.459026788976,4126.3578431689,4068.794848293563
1021.166204628658,4541.103955105411,4493.462909147832,4306.953282420288,4348.512492723708,4206.602994126664,4110.307262935813,4141.730080482301,4081.9253632164036,4117.402737865665
1022.095721352671,4397.90648518229,4537.812223991686,4397.90648518229,4310.7188508517975,4231.641694133444,4163.716444131781,4103.901671742256,4132.288343384743,4031.9211829345245
1023.025140850845,4584.618962455384,4443.849791750436,4331.437000755837,4282.826064109525,4263.584235020359,4195.73146928488,4101.54777953265,4056.9877542735294,4055.9750264267313
1023.954463138442,4462.879920840168,4601.491244611445,4382.950763337022,4267.609953775522,4167.445566524745,4180.598465860706,4126.9751070294815,4123.939822567337,4054.1282799380074
1024.883688230708,4455.3025482998555,4480.582294942501,4328.903815086628,4344.071663072215,4237.8967271731035,4191.381993350636,4131.7217912739925,4075.0951587944664,4112.509183825582
1025.81281614289,4528.324090870393,4530.341161734924,4460.7522169086305,4394.188878379132,4186.4305793325175,4241.9000281070985,4200.550075384229,4141.046484880587,4204.584217113289
1026.741846890236,4506.04162691874,4534.267391024719,4374.993436426696,4369.953121407771,4229.832363881663,4190.51790673405,4205.6388517908235,4113.905118446393,4158.259890612931
1027.670780487988,4513.30700355734,4541.597264604935,4343.565437271772,4317.295909156148,4221.311094887523,4210.197063761682,4206.15559789774,4221.311094887523,4209.186697295697
1028.599616951378,4508.202074248885,4547.676677054387,4405.972974675662,4359.413186751223,4387.753927226969,4219.733822977908,4206.57562204274,4196.453929015689,4216.697315069792
1029.528356295643,4517.762967980186,4569.504695212835,4442.686736309282,4375.726854008206,4307.752428035901,4257.02524447448,4221.5162159814845,4176.876294447434,4234.705283707454
1030.456998536014,4681.560521535672,4632.666939065326,4456.446318911785,4455.42770261032,4368.845316985748,4282.262931361176,4268.002303140658,4243.555511905485,4303.653873691953
1031.38554368772,4588.581667603187,4593.682358652101,4437.601212555328,4454.943562121636,4328.446424108564,4199.909009675927,4275.399237199857,4268.258269731377,4342.7283590455245
1032.313991765986,4558.788873015857,4547.557814202156,4502.633578947352,4497.528552213852,4380.112937343343,4267.802349206334,4307.621557727637,4292.306477527136,4261.676317126134
1033.242342786038,4628.981790041369,4650.450124314971,4543.108452946962,4459.279719116707,4434.744479946877,4336.603523267555,4310.023680833571,4310.023680833571,4242.551773116537
1034.170596763088,4633.4551086146685,4609.945409188651,4501.596359660049,4443.333191517309,4504.662842193877,4314.540925096518,4311.47444256269,4260.3664003322165,4256.277756953779
1035.098753712351,4597.4066434160495,4663.754652257534,4497.374260855044,4487.166874879431,4465.731364330643,4323.848699269624,4246.272565854966,4258.521429025702,4269.7495535988755
1036.026813649041,4767.726625265944,4776.9208698829125,4522.546768813442,4410.172667939379,4426.517991702879,4341.726624679722,4389.741013235003,4273.280581420065,4278.388495096159
1036.9547765883729,4631.711635028474,4677.620671058492,4526.630952559767,4536.832960566438,4467.459306121077,4332.792800433024,4336.873603635693,4358.297820449701,4249.136334778325
1037.8826425455409,4584.468561666839,4687.295860074201,4553.925799763662,4482.659355322917,4494.876460084187,4348.2712029489385,4272.932390254436,4320.782717236079,4386.958701359629
1038.810411535764,4633.200458063637,4647.4376851077295,4538.6245926993,4479.641794945197,4410.489549302456,4472.52318142315,4353.540641126081,4379.981205636541,4308.795070416073
1039.738083574226,4719.276348956967,4725.3894012224555,4544.035517346302,4436.03826065601,4466.603521983451,4419.736787948041,4334.154056231205,4311.739531257747,4449.283207231234
1040.665658676131,4704.848881090758,4737.493105764415,4535.506965596165,4488.580892627784,4425.332707322574,4396.769010733125,4379.426766375244,4438.594423596247,4413.091123069953
1041.5931368566671,4746.743207330249,4625.162828149814,4606.77251869395,4455.5633076124,4449.433204460446,4436.151314297877,4398.34901152749,4426.956159569945,4405.500798538104
1042.52051813103,4746.605879379878,4692.446544265318,4568.799760324529,4557.559143602639,4390.9936412691795,4386.906144279401,4425.737365682294,4376.687401804956,4345.009300134176
1043.447802514409,4648.45382300754,4757.937547212209,4682.219831407111,4547.155797808829,4527.714762669682,4490.879117142878,4430.509586973949,4351.722234041618,4397.766790950123
1044.3749900219811,4750.718159550126,4701.741683678476,4606.849761677152,4528.283331633046,4460.940677309526,4421.14729066381,4343.60120386703,4338.499487630399,4398.699739222637
1045.302080668927,4652.601052798905,4684.195933989872,4625.082930471288,4500.741785139094,4527.240717750873,4500.741785139094,4387.611726681113,4332.57548202588,4399.842003271166
1046.22907447043,4853.813605196331,4668.935603819956,4614.800056455603,4541.25742607384,4586.200144640473,4387.022187356532,4413.579248327725,4452.393414362544,4470.779071957984
1047.155971441654,4672.040564762362,4714.001936756941,4585.047476480916,4641.337121839499,4459.163360497177,4461.210256692034,4490.890251517469,4425.3895732820265,4425.3895732820265
1048.082771597779,4761.878883596589,4664.697681890536,4623.779281172197,4533.758799591854,4530.689919537978,4484.656718729849,4461.128638316804,4369.0622367005435,4373.154076772377
1049.009474953971,4801.188711457616,4799.136044201756,4728.319023874569,4522.025964660594,4516.894296520942,4560.000308894012,4410.155599216198,4477.893618659594,4505.60462661371
1049.936081525393,4727.831679793419,4851.032505325496,4698.058146956501,4583.07070979323,4497.856805466878,4530.710358942098,4405.4561863178205,4368.495938658198,4432.149698516437
1050.8625913272122,4831.793734865228,4749.950944522391,4595.4726777502865,4654.808700748843,4505.445608373166,4472.708492236031,4403.14212044462,4418.487643633902,4428.717992426757
1051.789004374579,4755.595389839755,4735.114789538981,4590.726557418523,4565.125807042556,4441.218175222872,4627.591637959917,4418.68951489202,4399.232944606285,4441.218175222872
1052.715320682652,4805.861593585727,4718.612931591966,4735.036209143734,4540.009788216504,4510.242597653927,4503.057413725029,4498.951594337087,4448.655306834801,4517.4277815828245
1053.641540266581,4733.031134774951,4791.438316996681,4660.2783288496385,4647.982079960852,4604.945208850104,4534.2417777395885,4461.488971814275,4437.921161444104,4593.673647368718
1054.5676631415151,4770.1232357853505,4724.976876917948,4722.924769696702,4674.7002499974315,4484.880332032215,4492.062707306574,4466.411367041005,4481.8021712003465,4530.026690899618
1055.4936893226081,4787.865704932646,4781.683825391093,4736.350042086373,4676.591873184695,4551.923969096714,4567.378667950596,4444.771390376465,4550.893655839788,4566.34835469367
1056.419618824988,4864.131096351697,4815.71640733676,4651.930544498997,4650.900444732722,4560.2516653005005,4516.98747511694,4444.880491477673,4478.873783764756,4556.131266235399
1057.3454516638049,4812.760982272708,4778.803079254748,4675.900342836687,4678.987424929229,4570.939551690265,4536.981648672305,4457.746541630398,4473.181952093107,4445.3982132602305
1058.271187854192,4869.999482190308,4733.804581417189,4830.791859240471,4687.374501608172,4600.705019298005,4470.700795832756,4535.70290756538,4492.368166410297,4484.113929999805
1059.196827411284,4767.255378643422,4802.301147913449,4865.177381015557,4635.318364920966,4541.519394227658,4526.058025432058,4478.64316112555,4435.351328497869,4481.73543488467
1060.1223703502071,4798.288509917222,4766.361713650333,4864.20189575854,4746.793677228691,4562.442176203755,4564.501969511295,4517.126723437847,4474.900960633253,4437.8246810975115
1061.0478166860921,4764.522874199193,4841.685304681797,4673.985622432937,4665.75496318146,4586.534867885986,4596.823191950333,4444.555995797995,4556.698728099379,4476.449800397471
1061.973166434062,4848.722433409021,4863.122542460299,4743.807353178278,4595.691945793701,4623.463584678309,4543.2344056783295,4423.919216396309,4537.062930370639,4451.690855280917
1062.898419609235,4769.000781597228,4760.790752276639,4713.583083683251,4552.461258266689,4448.809638094251,4503.201082343154,4424.179550132483,4426.23205746263,4494.991053022564
1063.823576226725,4918.830041872899,4849.175638947585,4711.915492006525,4692.4532323656285,4582.849980703738,4585.9229690680895,4495.781977047095,4458.90611667487,4498.854965411448
1064.748636301654,4706.841124739643,4850.896822284312,4739.534616380986,4653.71420082246,4557.677069126014,4537.243636850175,4475.943340022656,4411.5780283537615,4435.076475470977
1065.6735998491279,4828.229668430192,4777.212871426492,4674.158941479017,4527.23056610836,4422.135964280738,4447.644362782588,4498.661159786288,4396.627565778888,4455.80705030318
1066.598466884254,4868.370889901204,4746.2800838848725,4717.792229147728,4524.4817862885375,4498.028778318332,4568.230991777723,4356.606928016082,4277.247904105467,4510.237858919965
1067.523237422141,4833.120132406089,4828.032637529872,4630.637836332655,4608.2528588773,4488.187979798581,4500.397967501502,4408.823059729597,4447.4880207888455,4449.523018739332
1068.447911477888,4789.971420005414,4813.451672064264,4703.196575440099,4522.500722639384,4456.143488560025,4503.103992677725,4423.475311782494,4393.869776577857,4415.308267588111
1069.372489066591,4829.433681180582,4737.327507985784,4737.327507985784,4583.817219327787,4552.091759671801,4484.547232662282,4354.575188265178,4523.4365057889745,4507.062074998788
1070.296970203352,4752.4398280211635,4727.8476426239,4677.638597437821,4640.750319341925,4438.889464206055,4506.517974048529,4513.690694789398,4418.395976375002,4431.7167434651865
1071.221354903253,4763.457578744011,4812.766606947528,4697.7122078059865,4631.966836867963,4533.348780460927,4477.8761237319695,4436.785266895705,4433.703452632984,4442.948895421144
1072.1456431813901,4801.454337493516,4710.938488800408,4697.566829334381,4632.765710383633,4616.308283348521,4476.4201535500815,4476.4201535500815,4377.675591339418,4445.562477859249
1073.069835052851,4842.118768174809,4769.189104929071,4659.281020882676,4680.851766349725,4480.551987012837,4470.2802034571,4477.470451946117,4499.041197413166,4351.127514210541
1073.99393053271,4832.3033772372155,4814.858238691233,4745.0776845073015,4613.726053102256,4513.159960307767,4402.332021309759,4460.824544669818,4526.500360372342,4404.384390550463
1074.917929636053,4817.692800630581,4825.887897888723,4611.790982019747,4569.791108571767,4538.035106696464,4417.157422138861,4454.035359800503,4476.571877260395,4498.084007563019
1075.841832377952,4830.0297088955285,4857.670828467419,4663.1592462948565,4561.808474531258,4552.594768007295,4453.291486582355,4466.600173783635,4406.199208793208,4391.866776422598
1076.7656387734821,4865.028306217777,4773.873039006538,4668.378740998027,4596.683587011659,4545.472762735682,4473.777608749316,4397.98558882087,4360.089578856648,4426.663650415417
1077.6893488377139,4832.838553793214,4722.23322134785,4661.809937882328,4569.638827511193,4515.360284737079,4549.156358539829,4366.862384694694,4391.441347460331,4481.56421093433
1078.6129625857209,4721.055308973048,4692.380786489047,4602.260858682186,4556.1768046900415,4571.538156020756,4374.912858987605,4467.080966971895,4320.636084285747,4439.430534576608
1079.536480032552,4789.296027921093,4732.915188551303,4759.567948980658,4593.500749382367,4514.567574264661,4423.333125102637,4361.826754881047,4435.634399146954,4342.34973764421
1080.459901193277,4784.865511626859,4863.94571003752,4807.459854029905,4641.083332698386,4560.97611872395,4481.895920313289,4372.0052549893835,4328.870601310842,4348.383897022563
1081.383226082955,4862.594986678866,4767.0687226820055,4607.85828268724,4564.717389269303,4447.620678563475,4514.386346948377,4451.729335079469,4422.968739467511,4352.094414566614
1082.3064547166318,4847.139596702872,4747.590043266459,4687.039283959775,4485.887608974858,4633.67251304541,4433.547122116538,4438.678542396766,4354.523249801035,4452.0202351253565
1083.22958710937,4786.93301704686,4701.78182964547,4678.185717474,4603.293709277596,4476.079887135759,4449.406021202793,4440.172759918305,4316.0366915379645,4409.395222303345
1084.152623276212,4892.99872505715,4781.023738487504,4628.984307181927,4680.348979920297,4498.518038426467,4467.699234783445,4364.969889306704,4447.1533656880965,4404.007040587866
1085.0755632321961,4813.194559729023,4741.554411061996,4685.265722823617,4607.484989985129,4447.829801527181,4466.25155404156,4318.877533926531,4362.885053821991,4334.2289943551805
1085.998406992374,4851.4918876479205,4789.162274095578,4677.786407256146,4522.4732718470295,4460.143658294687,4484.666784938231,4348.767791455255,4375.334511985761,4393.72685696842
1086.921154571781,4778.621900999866,4697.922642731592,4602.92225008666,4515.072424630057,4514.050915031725,4454.803358328434,4366.953532871831,4421.093541583459,4336.308244921854
1087.843805985449,4732.7016285040045,4728.619953964545,4664.333579968048,4634.741439556962,4489.841993406128,4396.98389763341,4350.044640429619,4323.513755923128,4384.73887401503
1088.766361248418,4842.160720178431,4829.920162217162,4641.211560314274,4498.405050766142,4481.064260321013,4442.302493443663,4437.202260959801,4328.057285805157,4333.157518289019
1089.6888203757119,4809.20502116419,4739.595412513879,4658.7254259936635,4624.944292383953,4464.227990058968,4447.849258611836,4355.718894221717,4241.067774091792,4376.1923085306325
1090.6111833823559,4757.162811072894,4752.042076077121,4630.1685831777295,4635.289318173503,4465.280916313846,4494.981179289329,4356.721334403464,4297.3208084525,4388.469891377255
1091.533450283372,4784.216604339834,4802.664740346286,4592.5609691616955,4568.988350931229,4444.975881110081,4332.237272181765,4303.540171727284,4297.390793058467,4373.23312997388
1092.455621093784,4796.002182219371,4815.464813885789,4619.814148186537,4602.400214590268,4413.919992136538,4439.528718013404,4327.874673190269,4386.262568189523,4423.1391334522095
1093.377695828611,4834.0801734612305,4692.894339823633,4626.393766008822,4619.232165751842,4516.923590652134,4437.122902074361,4382.899357271516,4327.652726717673,4411.545758299434
1094.299674502858,4820.8513414418185,4663.694036915561,4583.074380697546,4564.705345103568,4487.147194817882,4440.2041038554935,4408.568542554754,4342.235914020944,4331.010392269068
1095.221557131546,4788.4158947422875,4750.687745656797,4623.227782530139,4524.318851143852,4387.681770672075,4395.839208312181,4347.914262176558,4407.055685067327,4357.0913795216775
1096.143343729673,4773.748794652558,4766.5978762783725,4737.994202781631,4492.81985852385,4533.6822492334795,4297.701942885365,4308.939100330514,4328.348735917588,4256.839552175735
1097.0650343122431,4788.351421086897,4736.226357591607,4591.093827859624,4526.704043541914,4483.77752066344,4418.365676277194,4423.4759766198695,4245.637524694764,4405.078895386238
1097.986628894265,4731.468944453755,4808.062980895377,4583.387140666621,4548.664510813086,4385.263899737627,4382.200138279962,4310.712370934449,4312.754878572892,4279.053502538579
1098.9081274907292,4700.199333644829,4801.509965918035,4544.651696215259,4512.9281648973865,4453.574461141366,4456.64448030116,4377.847321866444,4335.8903933492575,4332.820374189463
1099.829530116636,4822.869501508092,4792.163626074042,4637.610719722658,4521.951922254404,4448.257821212684,4380.704895257774,4288.587268955625,4230.24610563093,4299.84608994811
1100.750836786978,4793.678684359456,4667.986405916435,4685.35850944108,4607.69498780149,4514.703139522507,4404.339187718878,4338.938327390802,4263.318582636464,4338.938327390802
1101.672047516735,4808.336062444301,4738.916348591602,4564.346185814962,4462.258371325699,4411.214464081067,4373.441972720039,4329.544212489656,4261.14537678185,4297.896989997985
1102.5931623208999,4692.017666533855,4773.884932253093,4633.687239708897,4455.625936769554,4414.692303909935,4403.435554873539,4253.004454114439,4235.6076601491,4271.424588901267
1103.514181214454,4879.304792075595,4765.785020136716,4517.2687626489005,4543.858979499449,4452.838621818726,4390.453882284748,4447.725118578236,4272.843307753476,4255.457396735811
1104.435104212374,4722.848398861402,4611.590461650273,4516.663964763714,4522.788254885428,4397.240307390301,4402.343882491728,4289.044515240028,4325.79025597031,4316.603820787739
1105.355931329636,4804.769701760031,4655.863657086508,4618.127193710342,4513.077038906418,4464.1216269589595,4387.628795791054,4239.742655533103,4167.329442027486,4347.852523583743
1106.276662581218,4818.947690734462,4674.124289235141,4577.235393865877,4552.758199246273,4453.829537658708,4409.974563965252,4277.389759775732,4280.449409103183,4169.282150205817
1107.197297982086,4651.250748168646,4673.666414424881,4602.343839973226,4546.3046743326395,4457.66090322844,4363.92266252055,4259.995482605282,4312.977966483653,4254.901013001591
1108.117837547208,4784.621849460502,4727.516388341621,4557.219745362102,4527.647274425539,4384.883621628337,4376.725698611353,4352.251929560405,4238.041007322644,4260.475295619347
1109.038281291541,4652.232181217455,4700.25654153312,4575.597563692459,4504.071920669128,4339.56294171547,4396.783456134133,4293.582171200472,4244.536015984474,4226.143707778475
1109.958629230056,4834.2589568569,4593.260833954866,4587.133763033628,4566.710193296168,4369.622745329673,4411.491063291468,4316.521464012277,4347.156818618467,4277.716681511101
1110.878881377703,4769.785929914289,4770.809708821762,4560.935032789903,4556.839917160013,4395.082849779361,4467.771152209907,4363.345703647714,4285.538506679805,4271.205601975191
1111.799037749443,4697.942194909952,4672.3486985332365,4522.882679693216,4434.841052157314,4378.53536012854,4345.775684766343,4281.280073897019,4192.214706506048,4288.4462528825
1112.71909836022,4788.7054080768385,4645.606420428864,4613.920216021099,4450.378515851986,4440.1571595914165,4307.2795282040115,4330.788647603322,4305.235256951898,4357.364173880803
1113.6390632249859,4797.113454281523,4741.95073568459,4712.326312734384,4556.031943376404,4414.039019580593,4407.909828625378,4333.33800533693,4330.273409859323,4226.077163620669
1114.558932358683,4870.988601947213,4808.540030127377,4696.951598514883,4541.3420425048,4508.582135976361,4443.062322919484,4340.687615018113,4369.352533230497,4322.260167595867
1115.478705776251,4851.454496466521,4750.169385722071,4589.545523228346,4587.499359374922,4394.136875226425,4362.421335498365,4374.6983186189045,4275.459371727877,4362.421335498365
1116.398383492637,4758.771276611612,4787.432407122501,4620.583683076967,4585.780881742315,4440.428005579947,4398.459921617573,4259.248716278967,4326.807095340349,4366.727955694802
1117.317965522772,4835.420607598844,4791.369106300804,4779.075664078095,4600.820751848815,4600.820751848815,4362.12308202455,4335.487290542014,4290.411335725415,4341.634011653368
1118.237451881592,4921.699996194143,4755.558008408469,4685.819396251519,4577.109206712744,4507.370594555794,4466.347881522294,4419.171761533769,4353.535420680169,4418.146193707932
1119.156842584016,4948.911511157979,4824.881210236248,4695.725690268165,4605.521835052361,4526.593461738532,4410.763511290966,4429.214299857835,4285.708166559964,4391.287678914826
1120.076137644981,4999.013672528847,4810.139233977448,4656.165506897504,4532.986525233549,4508.350728900758,4479.608966512502,4488.847390137299,4331.794188515756,4311.26435823843
1120.995337079403,4912.351380216497,4850.780232772797,4792.2876427012825,4670.171533604612,4547.029238717213,4397.206113270877,4440.305916481467,4387.9704411543225,4459.803446505305
1121.9144409022078,4957.254533556047,4933.672971142027,4691.705635067729,4600.455241378693,4542.013978004817,4493.8255678544265,4501.002565110868,4329.779916278632,4297.996071285822
1122.833449128309,4929.321038383125,4821.738683564952,4789.976274047206,4662.926635976221,4593.254253808263,4450.83570790611,4482.598117423856,4347.351728509582,4360.671448629927
1123.752361772626,4921.280640806865,4869.057313157854,4716.483277477408,4583.36499131326,4552.6453868138415,4561.861268163668,4473.798401932001,4417.4791270164,4368.32775981733
1124.671178850058,4925.893438553056,4925.893438553056,4571.196401163989,4643.771299304116,4515.998591310936,4550.752767885081,4502.710229679646,4476.133506417064,4444.445874834755
1125.589900375522,4908.516987215172,4790.966080607562,4736.790445388402,4679.548264779479,4644.7940836954895,4464.890087496016,4447.512996954022,4417.8697248529725,4486.355905224363
1126.5085263639191,4915.68133646662,4828.831842889471,4816.570737913874,4705.1990343855305,4525.369494743434,4587.696778369388,4402.758444987459,4383.345028776096,4439.541759914251
1127.427056830151,4838.943317670005,4865.45248881611,4756.357053714827,4687.025375332703,4635.026616546111,4565.694938163987,4464.756171107659,4429.070748410978,4501.46117730996
1128.3454917891181,4893.952391655831,4886.816864319528,4733.912707113034,4733.912707113034,4673.77040527848,4514.750081783727,4474.995000910039,4392.426756018533,4441.35608632461
1129.263831255717,4911.260742002151,5004.983203786885,4735.021764950426,4707.516259861428,4628.0559118265455,4591.381905041215,4543.501951738145,4492.565831202964,4463.022881292559
1130.182075244837,5031.860935471783,4977.897230579026,4693.824142558664,4698.915058114584,4605.242211885648,4596.078563884991,4428.078350539616,4434.187449206721,4388.369209203436
1131.100223771366,4994.406576155158,4954.622700242157,4719.999842293692,4714.899345381769,4687.356662057385,4599.628115172306,4591.467320113229,4459.874499785611,4552.703543582613
1132.018276850187,4979.7161346761695,5000.1415495025685,4808.142650134415,4796.908671979895,4587.548170009301,4582.441816302701,4652.909497453779,4498.697615514464,4484.399825135984
1132.9362344961921,5042.425680443989,4957.584542905604,4801.190638768582,4702.03894791047,4611.064716092203,4599.8207099124165,4518.046119513973,4479.203189074713,4446.493352915336
1133.854096724252,5063.919508470517,4973.785018837547,4910.281173868863,4894.917340408698,4643.974727225996,4626.562382637809,4530.282359620772,4619.392593689731,4578.422371129291
1134.7718635492529,5066.444962292024,4947.59610170034,4891.245348833593,4758.052660239466,4776.494724814037,4632.03188564656,4695.554552514529,4552.116272490083,4563.386423063433
1135.6895349860608,5030.727636900411,5092.177893051475,4785.950783232008,4800.289176333922,4735.766407375306,4645.639365020412,4694.799569941263,4586.23745074105,4522.738852718285
1136.607111049547,5155.074437960707,5117.116675929951,4852.438227174954,4865.774738158733,4699.581293591641,4644.183478735944,4590.837434800828,4590.837434800828,4623.665769530131
1137.52459175458,5173.165475183138,5121.834204343853,4982.213147660998,4846.698592645286,4809.740077641,4700.917783461717,4621.867626369218,4619.814375535646,4607.494870534218
1138.441977116028,5145.877163834059,5177.641837684886,4874.340435754404,4862.044432973438,4744.2077396558525,4687.851060243094,4692.974394735163,4663.2590546811625,4618.173711150956
1139.359267148746,5052.177350480352,5063.44995714471,4955.847802621295,4950.723890501133,4901.534334147571,4789.8330499280255,4663.784811772025,4752.940882662855,4674.03263601235
1140.276461867597,5199.215378947341,5083.3582821575465,4988.006866215503,4954.172492816713,4724.508867321899,4811.658010924842,4670.168813075358,4623.00574712553,4719.3824471099615
1141.193561287433,5123.604094745514,5106.204720072987,4936.304943858892,4838.049651590501,4856.472518890824,4852.378548379641,4625.163185008984,4604.69333245307,4735.700388810926
1142.110565423103,5168.626253690594,5214.68331931754,5021.243643684367,4946.528848333988,4754.112663048081,4773.5589796461245,4759.230114784408,4679.397867697702,4617.988446861775
1143.027474289462,5156.888239297399,5192.756897559603,5013.413606248585,4883.26161769716,4773.606005295565,4860.715603932346,4689.57086308126,4656.776661241531,4712.116876846074
1143.944287901355,5143.062494886527,5160.475771606915,5000.683349937468,4875.717481708797,4864.45006736031,4770.213510991149,4718.997991225299,4720.022301620616,4694.414541737692
1144.861006273623,5212.190247815499,5189.688641565119,5085.36301258608,4999.447788720989,4922.737767412872,4797.956132751669,4733.519714852851,4738.633716273393,4712.040908886579
1145.7776294211071,5183.929311746151,5109.052612150293,5037.25303719536,5029.047371486225,4921.348009053826,4864.9340573035215,4817.751479475994,4837.23993553519,4789.031649494021
1146.694157358641,5254.0426297383165,5287.979487593349,5161.487562860953,4999.002001009582,4903.361765236307,4898.219817076453,4757.330437496467,4773.7846716079985,4753.216878968585
1147.61059010106,5222.207016878123,5284.951674752767,5155.347955208421,5046.316254639368,4892.026112324671,4807.68083452597,4782.994411755618,4856.025079117908,4720.249753880975
1148.526927663192,5297.215242377183,5280.693713356123,5141.293312240934,5082.43536510341,4933.741603913875,4893.470376925043,4847.003576553313,4838.742812042783,4830.482047532254
1149.4431700598689,5207.269193887198,5201.061442016878,5119.326042390991,5116.22216645583,4958.959119074377,4939.3012381516955,4826.527079174206,4968.270746879858,4789.280567952283
1150.359317305913,5312.4736221109115,5299.026940435007,5131.460599550668,5127.323159035005,4950.447576990425,4947.344496603678,4921.485493380786,4910.107531962713,4841.839763454279
1151.275369416144,5276.630699593018,5279.726708217852,5149.694345974802,5091.90218497789,5010.373957857247,4907.173670362762,4902.0136559880375,4844.221494991126,4873.117575489581
1152.1913264053799,5350.9675589483895,5353.036365273133,5172.015811858099,5098.5731873297145,5065.472286133822,4985.823242631208,4874.107701095073,4898.933376991992,4949.619131948201
1153.107188288439,5391.985999522728,5275.038894350739,5123.93909474799,5128.078815285052,4958.350273265526,4972.8392951452415,4970.769434876711,4877.625722792825,4862.101770778844
1154.0229550801312,5260.730285735654,5271.075871351653,5236.935438818856,5154.170753890861,5076.578861770866,4889.323762121278,4981.399474103672,4860.356122396481,4885.185527874879
1154.938626795261,5325.381357673857,5277.768618615937,5229.12082001328,5192.893735947471,5110.08897236848,5030.389387423702,4971.39099337367,4866.849979355195,4898.936825242054
1155.854203448642,5294.935076870944,5366.432243270962,5242.089345183974,5226.5464829231,5053.5026164187075,5049.357853149141,5001.6930755491285,4943.6663897752005,5013.0911745404355
1156.7696850550751,5340.98095220076,5353.39702570452,5322.35684194512,5116.4569563411005,5039.89116973458,4989.19220292756,4968.4987470879605,4990.226875719541,4909.5223979451
1157.685071629356,5358.497864248414,5442.159839384135,5235.587061271243,5167.418044493989,5126.103488871411,5019.718508143272,4927.793621883035,5015.587052581013,4940.187988569808
1158.60036318628,5406.951566499841,5438.994292281048,5247.771573909327,5198.157030764232,5012.102493970126,5072.053400270449,4971.790677664736,5005.900676076989,4969.72340503369
1159.515559740645,5420.791205468084,5332.07797165833,5283.595157832069,5119.57883020706,5138.146716353287,5095.853197909102,5025.707850245576,4965.87799488551,4976.19348718897
1160.43066130724,5324.915428678577,5398.085352316312,5201.247952107757,5164.1477091365105,5071.397101708395,5120.864092336724,5050.785855613259,4887.957011461678,5080.6721624512065
1161.345667900856,5410.829469487762,5498.366680166571,5370.665337529251,5249.143092116316,5116.292501792007,5089.516413819666,5023.60604342621,4944.307629046583,4974.173265631118
1162.260579536272,5308.201736169263,5501.939248574587,5373.124413198707,5227.821278894714,5180.417419476391,5182.478456842405,5102.097999567855,4974.313682874982,5064.999326979602
1163.175396228271,5466.597424403505,5476.903980633527,5359.409239611279,5357.347928365275,5145.032870026828,5182.136472454906,5094.530744499722,5086.285499515704,5067.733698301665
1164.090117991633,5513.352047250439,5531.9607734552965,5364.482237611574,5290.047332792143,5208.375701115266,5138.076068785802,5087.418980783688,5102.92625262107,5075.013163313783
1165.0047448411278,5509.130700646308,5632.546843977804,5436.532969274839,5496.685375268342,5272.6695184649525,5188.663572163681,5107.768957206902,5023.763010905632,5091.175190036281
1165.91927679153,5511.4156880042,5545.719105149455,5397.070964186686,5372.123024444682,5164.2235265946565,5228.672370928164,5219.316893524913,5080.0242299653955,5148.631064255904
1166.83371385761,5493.418448933632,5588.00711096825,5519.404345096988,5379.080505814862,5330.227021027751,5178.469387433747,5144.168004498116,5091.156776324868,5189.903181745624
1167.748056054137,5625.140834657073,5534.563886181196,5492.919312169298,5461.685881660375,5251.380782900292,5240.969639397317,5147.269347870548,5098.336973406568,5122.282603463409
1168.662303395868,5613.550529598831,5621.8869699620745,5565.615997510184,5440.569392061537,5259.251814160999,5294.6816857047825,5238.410713252892,5227.990162798837,5077.934236260461
1169.5764558975611,5484.051742374816,5581.944044650401,5401.780552164483,5469.47203778058,5286.1843228816115,5243.4866165699195,5228.906911975684,5291.391360236696,5147.677129236368
1170.4905135739791,5642.054735241415,5636.846043646842,5556.632193090419,5334.741931161611,5297.239351680686,5227.442884313409,5158.688155265046,5174.314230048764,5220.150716081007
1171.4044764398711,5687.984093681205,5579.522350787393,5494.00443812112,5479.403818885415,5327.140218284488,5344.86954164213,5219.721376764655,5220.764278138634,5164.44760394377
1172.318344509989,5625.947676771632,5601.989743691509,5537.40748930161,5565.532019439147,5354.077218775447,5194.704881329408,5200.954776915527,5156.163858548339,5261.370434248012
1173.232117799082,5658.2898434312865,5717.719089990266,5561.3263358876875,5513.36589129623,5473.746393590243,5353.845282111601,5227.688460468854,5258.967011289369,5225.603223747486
1174.1457963218961,5601.317407767155,5707.750786230688,5518.883712682653,5466.7104879456265,5294.5388463134395,5349.842464534688,5321.668923176693,5219.409402692121,5269.495698439667
1175.059380093167,5705.704689689671,5700.473937315552,5577.028181286329,5611.551146955519,5405.459503415205,5347.921227299889,5320.721314954468,5322.813615904116,5235.98312649373
1175.972869127636,5669.85622715153,5657.272858421029,5697.120192734282,5533.536399237771,5474.8140118287665,5487.397380559267,5393.02211508051,5233.632777827499,5235.730005949249
1176.886263440036,5682.907042512125,5717.546113883182,5638.820951676235,5584.2381725460855,5526.506386927658,5334.416991142708,5385.85076378458,5311.324276895337,5354.360698901802
1177.7995630451042,5768.342809185006,5744.132611263244,5558.871966296719,5632.55517736295,5447.294532396425,5543.082706782526,5269.402208536522,5415.71601336804,5352.558975311269
1178.712767957564,5635.919449323599,5744.403789312448,5586.416886416066,5554.819505836789,5516.902649141658,5441.068935751395,5424.216999442447,5378.927420612151,5278.869048777776
1179.62587819215,5802.737891235056,5751.181380506041,5620.7118431509825,5629.12923265776,5594.407500942301,5455.520574080465,5295.590173451684,5373.45102638938,5350.303205245741
1180.538893763576,5813.888715030398,5790.763502278514,5714.0298417836275,5636.245035254565,5525.874701666028,5566.8693969989135,5414.453222043316,5280.957675702896,5359.793628266137
1181.451814686563,5769.104952578399,5770.159440780296,5675.255502609567,5660.49266778301,5594.059911063499,5516.027784123123,5454.867468413097,5354.691089232884,5362.072506646163
1182.364640975833,5622.42531877776,5749.753311211245,5620.320723861505,5625.582211152145,5486.678946679252,5625.582211152145,5405.652042403398,5428.802586482214,5343.566492373848
1183.277372646098,5664.879157483654,5976.494885157908,5734.361042708319,5685.934274218401,5612.241365646787,5504.860270299578,5410.112244993216,5334.313824748127,5434.325629238176
1184.190009712067,5782.195008033215,5866.529666308997,5787.465924175452,5624.067523766126,5600.875492740287,5571.3583623437635,5461.723306585249,5452.235657529223,5356.304983740523
1185.102552188455,5830.22585221692,5924.040732138689,5750.114269362376,5647.866591245392,5507.671321249938,5490.805724859508,5517.158219219556,5469.72372937147,5331.636658924821
1186.015000089956,5837.235381542237,6052.102941599006,5720.322150334877,5676.0847114996595,5508.614407337766,5641.326723843417,5469.643330268646,5445.418066144598,5449.631155557477
1186.927353431274,5863.270274786446,5772.644601955455,5735.762060687029,5593.50083008024,5572.4250922125675,5521.843321330154,5463.885042194055,5357.45256596231,5392.227533443969
1187.839612227112,5804.903198730874,5924.145893051286,5682.494769163017,5757.417170019205,5562.1968297601225,5600.185652729458,5442.954135439711,5559.0310945126785,5513.655555965973
1188.7517764921652,5916.38550160523,6001.80924948937,5808.814856121498,5698.08036812354,5623.202761953491,5575.74512424008,5541.997470754988,5489.266762184532,5476.611392127622
1189.663846241121,5787.3663610333715,5966.705092600209,5828.508775922234,5784.201559888074,5667.10391751208,5570.050015722968,5521.523064828412,5406.535289882616,5503.589191671728
1190.575821488681,5917.786337943344,5946.28798459416,5754.165773836812,5797.446052084347,5602.156991699131,5658.104668458139,5511.3739690335715,5464.926841158169,5613.768773667982
1191.487702249517,5911.834103204957,5975.265799591276,5787.085100311862,5871.6606954936215,5742.682912841438,5607.361960550625,5615.819520068801,5509.042831151829,5577.760502237009
1192.399488538318,5890.87583403847,6029.323041476403,5912.012812273269,5833.805992804513,5764.053964629677,5652.0279799852415,5638.288944132622,5527.319808399928,5667.880713661341
1193.311180369768,5871.02654820828,6061.506861596436,5975.790720571765,5833.988709493916,5806.474886448959,5726.049865240627,5736.6321048733025,5622.343916840408,5622.343916840408
1194.2227777585401,5872.708664260458,6072.3385091426935,5965.6580100257315,5815.671565722677,5721.665977391889,5773.4218631020985,5682.585002467854,5702.653611212629,5567.454562826776
1195.1342807193068,6116.157842485444,6105.5854002339565,5941.712545335902,5866.648205350342,5670.000779472677,5719.691258054668,5618.195812440389,5613.9668355397935,5607.623370188901
1196.04568926675,5958.052842273246,6064.635084049653,5961.218651434921,5824.033587762317,5802.9281933511475,5904.2340865247625,5666.798399399102,5573.934663989955,5611.92437393006
1196.957003415526,6025.431758470932,6169.848159959826,6016.998683931435,5844.120655871737,5828.308641110179,5807.225954761436,5686.000508256159,5701.8125230177175,5730.274149588521
1197.868223180303,5999.9682414049485,6125.428831938631,5989.425334637413,5914.570696587904,5820.73882635683,5747.992769660829,5727.961246802511,5666.812387550799,5705.821142590684
1198.779348575743,5985.743597259844,6117.914229596442,5957.19474067514,5968.82575632076,5875.777631155795,5905.383852799193,5825.024108338542,5720.344967527956,5715.058142234492
1199.69037961651,6136.558227312682,6178.806476726194,6062.623790839035,5990.801766836064,5816.527738005325,5819.696356711339,5749.986745179043,5759.492601297084,5792.234994592555
1200.601316317257,6042.254653268988,6148.073473816606,6020.032700953988,6022.14907736494,5937.494020926846,5876.1191050092275,5856.01352910518,5799.929554214942,5768.183908050657
1201.512158692636,6102.366713042606,6287.158186775536,6111.924892718447,6048.203694879506,5898.458879957994,5885.714640390206,5809.249202983477,5845.357881758876,5723.225585900906
1202.4229067572999,6292.944544888542,6303.579908324216,6043.0135041501935,5958.994133008366,5897.309025081454,5873.91122552297,5887.737197989347,5733.524428172068,5871.784152835836
1203.333560525891,6229.832752902179,6309.688752982108,6132.940806138532,6146.782512819053,6050.955312723138,6010.494939349308,5993.45899266559,5956.192859294956,5851.847685857183
1204.244120013053,6284.796136925216,6334.903926312067,6206.969144898831,6261.341426999456,6106.7535661251295,6008.670233708315,5930.84324168193,5952.165705250803,5826.363170194454
1205.154585233431,6273.116082035719,6403.139894813217,6253.932240806252,6245.406089148711,6116.448045328405,5902.22848493269,5912.886174504616,5954.451163835128,6000.27922899441
1206.064956201662,6253.828019855459,6362.239042633375,6329.2905945342045,6185.80541732814,6010.4346451873935,5960.480546456393,5882.892265448669,5924.3435388637545,6064.640156576351
1206.975232932386,6222.266940029844,6363.537254646431,6315.739027896458,6253.07024171316,5930.166665446674,6085.24535667992,6022.5765704966225,5953.534687413327,5967.343064029987
1207.885415440222,6179.099031091906,6433.107401995065,6289.629870313364,6273.687922348731,6254.5575847911705,6107.891663516543,6040.935482065083,5986.73285898533,5981.418876330452
1208.79550373981,6216.831821573941,6531.661970279823,6357.229050050889,6257.249205529426,6196.623129596198,6151.951284171715,6084.943516034989,6068.989285526246,5911.574211173304
1209.705497845767,6181.138961639716,6534.651129643918,6284.424143255402,6322.756787978748,6184.333348699995,6139.611929856091,6073.594597276993,6072.529801590234,6073.594597276993
1210.6153977727229,6369.492601334788,6548.524683821695,6389.740277330331,6363.098598388827,6128.651823703592,6170.212842852337,6149.965166856795,6050.858121194399,6031.676112356517
1211.525203535293,6552.069817517538,6571.277839783876,6382.398954164884,6298.097078662623,6204.191192027192,6224.46632664166,6021.714980496981,6200.989854982803,6126.29199061371
1212.4349151481,6441.351096799253,6569.282598225256,6469.069588774887,6374.187058550601,6284.6350075524,6347.534662420184,6210.008298387231,6230.264119446348,6266.511378183715
1213.34453262575,6454.652252367975,6579.457129830717,6496.25387818889,6345.848000220969,6379.982667561207,6116.505704028751,6288.245749084319,6192.241997189902,6144.240121242694
1214.254055982856,6407.0977853973,6566.902352708506,6521.091710079294,6539.2028943745645,6297.3653158436055,6418.816787000122,6173.783117122939,6260.07758347099,6169.52166199464
1215.163485234029,6486.568363803866,6689.872360765885,6627.0716496624345,6527.016279429818,6339.678564951728,6335.42088962268,6290.715298667682,6263.040409028873,6386.51299357125
1216.072820393871,6449.658472776481,6729.847684034172,6621.592761502791,6415.696144139185,6412.512175829438,6332.912968085776,6212.983495085325,6185.389103067521,6276.662861280254
1216.982061476982,6528.583680329482,6669.518857976588,6516.927387441376,6545.538288166728,6410.961088458589,6309.233441435114,6224.460402248885,6261.54860689286,6344.202320099434
1217.891208497964,6520.819212985058,6716.433215644735,6539.85192675735,6483.811158427821,6437.286746984438,6482.753785440472,6364.328010857315,6264.934950046451,6240.615371337411
1218.80026147141,6492.417852777047,6838.694257581825,6576.074843540281,6625.845458298154,6427.821948516828,6465.944121522859,6243.56477898768,6326.162820500747,6354.75445025527
1219.709220411911,6501.7998341049415,6815.445979948335,6696.769059899483,6624.715215584109,6509.217141607995,6501.7998341049415,6352.394068686298,6373.586375837878,6306.830608310399
1220.618085334059,6554.669377165837,6847.639214914464,6735.121813460281,6658.694899264988,6486.734342325576,6464.443159018615,6287.175177482309,6375.278425790772,6359.356152000086
1221.526856252443,6644.296591965458,6821.803795750169,6777.161265457008,6700.631213525875,6573.081126973987,6527.375679292893,6431.7131143789775,6492.299405491124,6473.166892508341
1222.435533181641,6733.057105112342,7045.305559021477,6757.5680758970175,6657.3928039944285,6640.34169388335,6572.137253439033,6486.881702883638,6403.757541092127,6443.1882332239975
1223.344116136239,6730.970654665625,6852.633989790389,6791.802322228007,6757.651210614039,6679.743987244673,6673.340653817054,6625.31565310991,6534.601762885306,6581.559541354513
1224.2526051308091,6700.060173462448,6951.765713248684,6878.173839328132,6691.527782283253,6617.9359083627005,6595.538381517315,6622.202103952298,6576.340501364128,6580.606696953725
1225.161000179927,6725.569227740558,7045.225559857505,6800.155705234512,6798.024663020399,6795.893620806287,6665.900045745395,6547.627202862124,6549.7582450762375,6501.809795258696
1226.069301298168,6725.616771359093,7090.5479050739605,6940.093841173972,6830.187681020078,6776.8351760910045,6671.197216331438,6647.722114162645,6642.386863669737,6728.817921654838
1226.9775085000952,6813.174915752077,7029.483096530568,6881.370598362045,6905.878421800002,6839.813854271596,6746.04479068289,6703.422489051661,6694.898028725415,6622.440115952324
1227.885621800277,6822.052647016975,7157.406358597866,6974.292585925125,6859.314170525963,6818.858802144777,6799.695732911583,6622.969649983241,6602.741965792647,6629.357339727639
1228.793641213273,6881.761728762425,7247.325345452144,7087.457874596582,6994.734741500356,6774.1176317196805,6888.156427596648,6770.920282302569,6815.6831741421265,6753.867752077976
1229.701566753651,6784.388906157938,7224.808997048103,6936.883029638068,7022.19442738919,6966.742018850961,6921.953535031622,6829.177389977278,6800.384793236274,6692.679153575483
1230.609398435954,6861.1501158471265,7273.224792168427,7181.41540832482,6960.432356515212,6841.934198298465,6879.2984824208625,6774.67848687815,6879.2984824208625,6846.204402198167
1231.517136274746,7027.931662426255,7284.036065551414,7215.741558051372,7109.031390082555,6994.851510355921,6872.1348171917825,6763.290445863589,6887.074240707417,6850.792783598019
1232.4247802845712,6929.084419269039,7261.3737427876285,7103.749320092913,6994.051242136456,6946.124897398197,7011.091720265615,6791.6955643527,6757.614608094383,6760.8096977436
1233.332330479982,6921.851571765169,7334.651819205207,7149.530058755293,7088.886723435494,6989.942334229505,6979.3031525944525,6926.1072444191905,6809.076246433612,6897.381454004548
1234.2397868755181,6952.537626326117,7276.208596985097,7067.525997481281,6954.667040606768,6955.731747747093,6892.914026467884,6868.425762240395,6856.713983696814,6783.249191014347
1235.1471494857221,7020.768017312454,7349.535099694155,7105.611135346441,7111.974369198991,6929.561665425917,6883.958489482649,6961.377834688663,6771.541358087616,6739.725188824871
1236.0544183251332,6937.0813766843485,7344.396246508017,7252.113971313592,7097.249463516051,6969.963566696155,7017.6957780036155,6862.831270206076,6861.770554399242,6910.563481513536
1236.961593408287,7024.253369022913,7333.1167311241015,7152.68109003406,7113.409803443874,7044.419705380034,7021.069210650735,6838.510797312576,6912.807825996711,7001.964260417672
1237.868674749712,7089.217430016283,7380.176923099636,7230.449592717327,7234.697176557959,7015.946608765366,6970.285082478563,6884.271509705746,6806.753104614197,6888.51909354638
1238.775662363943,7096.445916184508,7377.5457917882295,7286.320926497965,7252.376790576006,7041.286695311325,6970.2161607247235,6899.145626138123,7047.6512207966925,6949.0010757735
1239.6825562655029,6931.413000039492,7535.668247017043,7234.0716035343985,7233.009643522136,7036.547041253512,7069.46780163366,7071.591721658186,7015.307841008255,7065.219961584608
1240.589356468918,7061.258955770441,7610.232020452143,7374.50277410913,7250.2670902256505,7157.886709902037,7158.948553354032,6986.929914130752,7062.320799222437,7105.856380754254
1241.496062988703,7149.408974598162,7532.0533985907405,7396.378921385615,7312.642329985578,7196.047076137424,7108.070657324726,7068.85225375762,7133.509621800687,7146.229104038667
1242.402675839381,7317.6074280041485,7592.123697391905,7450.095975005961,7388.62128919712,7138.482912457696,7307.008344244003,7045.21097536842,7149.081996217842,7195.71796476248
1243.309195035461,7362.9269221393115,7674.231047418795,7519.110220487722,7399.05095032874,7419.237907258126,7320.428065445867,7315.115708359186,7161.057352845449,7213.118452294919
1244.215620591458,7202.619090573897,7643.943012408855,7585.454299876511,7499.3163777834225,7364.260623390556,7392.973264088252,7188.794485793525,7262.171234243193,7332.357689282006
1245.12195252188,7361.071725470065,7766.122032720801,7563.065317012427,7582.201552000651,7470.573514569345,7455.689776245172,7284.5267855171705,7242.0018188766735,7269.643047192996
1246.028190841233,7462.812326127139,7738.896941534499,7695.192427126384,7723.973448809777,7393.524681333786,7510.78069559946,7402.052391462199,7478.801782617913,7326.368964072536
1246.934335564016,7384.968030911213,7966.730048639898,7713.1414768094455,7582.085198090346,7594.871176501965,7506.434825821597,7326.365629857956,7436.111944557691,7346.610095676354
1247.840386704731,7437.434529736958,7805.161358443587,7775.403117970219,7753.084437615192,7529.897634064926,7597.9164694326255,7371.541282974499,7387.483197513804,7351.348191224713
1248.746344277872,7517.366178542751,7876.550482804477,7745.841401667813,7698.0210061300095,7520.554204911938,7580.064030470094,7490.79929213286,7482.297888481695,7451.480300246221
1249.652208297932,7386.14317580176,8043.537486596634,7833.5954325040775,7825.112925268015,7510.19984412918,7455.063547094771,7454.003233690263,7476.269815184928,7407.349443891917
1250.557978779405,7504.603395016038,7923.346940799658,7803.856989603827,7755.215062568356,7611.40414785479,7666.390674068801,7488.741897069689,7453.84660158772,7526.809492140927
1251.463655736778,7396.740006495934,7958.557907146676,7755.414711431154,7772.343311074113,7669.713675738667,7635.856476452746,7567.084040403221,7464.454405067774,7588.2447899569215
1252.369239184533,7571.980377929398,7866.458009019767,7860.125156738253,7809.462338486147,7699.692898939917,7638.475326885288,7641.641753026044,7493.875199790734,7551.926345704606
1253.274729137149,7488.93056246409,7968.96322151436,7925.802390327824,7853.165869550479,7540.513019248001,7621.571165622718,7619.465759223374,7547.881941645702,7431.031886482149
1254.180125609109,7559.006313355698,8024.921916549564,7894.212561807393,7844.669499929313,7691.823883496936,7637.010283121187,7627.523313825384,7531.599513167823,7572.709713449635
1255.085428614886,7585.110717831754,8034.458119555621,7873.072785133669,7905.771774460993,7708.523032389718,7509.164678103777,7606.206839978415,7598.823197227083,7524.986769713772
1255.990638168951,7533.6999066837125,7976.053319350728,7907.5938626284515,7859.145631717302,7688.523601117168,7666.405930483817,7550.551465261504,7594.7868065282055,7646.394704672691
1256.895754285779,7689.212911003034,8155.129769171807,7994.541645721346,7855.0835385143655,7784.297984098702,7639.557372830851,7627.935863896936,7595.1843387195395,7714.568930495211
1257.800776979831,7673.610901670845,8278.391001719714,8053.84917823397,7951.110702393794,7758.3436652503715,7812.36080203232,7815.538280666552,7654.546029865452,7614.297967165177
1258.7057062655729,7609.957612363206,8221.595102589361,8060.4704951121075,8012.769131056341,7887.685554198999,7911.006221070707,7761.541947029307,7814.543462646825,7791.2227957751165
1259.610542157461,7648.187647620677,8173.821716239197,8081.623805009738,7917.363158566451,7908.885189717766,7829.404231761336,7743.564797168392,7894.048744232565,7723.4296211527635
1260.515284669957,7835.316328137813,8215.197591067572,8192.914053297949,8005.095663525415,7878.822282830886,7846.9886574457105,7783.32140667536,7788.6270109062225,7892.6168538311285
1261.419933817517,7757.085345077833,8258.054947511178,8076.9433153418295,8000.685786007367,7959.379624284533,7885.240359653805,7804.746300911873,7801.56890385627,7854.5255214496465
1262.324489614588,7634.59056984795,8245.780784442426,8144.26822284888,7985.654845358964,7843.960228134639,7845.017650651239,7785.80198972167,7756.1941592568855,7841.84538310144
1263.2289520756199,7722.684490911273,8163.527671295941,8206.87196481098,8088.468041062581,7937.291602705248,7896.06166497143,7843.202770440895,7755.457005520205,7856.946083018834
1264.13332121506,7821.3614453020455,8255.70539260905,8271.557361488867,8131.003237421151,7829.815828704615,7946.063600489945,7872.087745717462,7874.201341568105,7934.438823311412
1265.037597047347,7770.886190056316,8478.48251342377,8140.526060472151,8196.500097992262,7928.247163461915,7995.838454052238,7830.02856932285,7888.11483467391,7894.451518166753
1265.941779586923,7882.576722501833,8369.494566408217,8299.7839857188,8297.671543879726,8025.166546639277,8051.572069627692,7970.243058823372,7914.263350087931,7999.817244570398
1266.845868848224,7904.881931013721,8353.085988081095,8298.117565987926,8228.349953331213,8130.041044587661,8050.759666568669,7934.480312140812,7939.765737342078,7887.96857036967
1267.749864845689,7955.754970657433,8468.1452324835,8328.97750704926,8236.199023426434,8211.950101570466,8092.814094191155,7974.732387762102,8044.316250479223,8064.347968534151
1268.653767593736,7942.558751428851,8576.066091788338,8353.653364973277,8395.816915080397,8247.190400952797,8162.863300738556,8201.864584587644,8047.967626696653,8213.4595608671
1269.557577106803,8157.947959312189,8805.605063917526,8497.598753584043,8413.21346308172,8244.44288207707,8169.550936756258,8201.19542069463,8172.715385150095,8134.74200442405
1270.461293399312,8169.873397610745,8744.696661449869,8523.205128594427,8694.070025368625,8388.20076571111,8328.081635364633,8197.296158821418,8213.116982596808,8223.664198447066
1271.364916485683,8194.66870228186,8771.045683141856,8533.96191587769,8616.150955195933,8499.189630012279,8360.100486550635,8281.072564129247,8200.990936075572,8284.233681026102
1272.268446380338,8312.458149240842,9032.85009390922,8754.396984989085,8719.590346374069,8385.235666344966,8402.111612340126,8533.954940427311,8344.100547981765,8427.425531332867
1273.17188309769,8449.53846048212,8971.440324462485,8805.90781406871,8884.983854065737,8564.462305277795,8456.918890881841,8464.299321281564,8539.157972478746,8546.538402878468
1274.075226652152,8342.46091623028,8985.565082242987,8931.885356438324,8867.680194201377,8691.905405782192,8581.388323243185,8556.127275805697,8407.718622110457,8577.17814867027
1274.978477058136,8552.739082542848,9155.311256930781,9021.756865748814,8898.718568360702,8800.918896077843,8660.003239240177,8681.035426827888,8628.45495785861,8539.068160610836
1275.881634330042,8693.420256452016,9255.712700364975,9134.619758323795,9104.083277287324,8889.274927927318,8810.301270074373,8870.32125004261,8898.75176686967,8880.85107108967
1276.784698482283,8773.749265479604,9264.226953439213,9155.583508579342,9116.556251687933,8910.872059962936,8906.652897055756,8980.488247931396,8852.85856998922,8838.09149981409
1277.687669529256,8730.16571510766,9459.17195076043,9265.332142436571,9246.369552491848,9066.224948016958,9082.027106304227,9098.88274181065,8930.326386746427,8968.251566635878
1278.590547485361,8949.321274934033,9665.01363450059,9470.784439573974,9308.223048168,9084.437236622114,9213.219637606067,9164.662338874414,9229.05353936639,9262.832529788411
1279.493332364986,9106.20049643467,9646.389889804448,9549.324608183317,9488.131278465646,9394.23116907129,9421.662661703349,9183.21968728622,9200.100605829026,9331.982781944695
1280.396024182526,9091.591331155641,9791.10658537202,9795.320532686575,9568.820864529165,9393.94205097507,9359.176985629978,9455.044287036138,9404.47691926146,9419.225734862408
1281.298622952374,9348.660602357724,9898.95388544644,9865.219431310734,9812.509346723693,9554.229932247188,9659.650101421272,9493.08623412622,9537.362705179334,9519.44127641974
1282.201128688914,9431.444581139898,10159.052387254038,10003.815308155667,9814.785123403226,9689.117011752163,9834.84977988533,9635.259249615992,9627.867007754165,9832.73771078195
1283.1035414065261,9575.844985155343,10318.607743933484,10085.770056429981,10118.430546532283,9831.86108498951,9929.842555296415,9774.968618359697,9902.449886178356,9870.842960272903
1284.005861119596,9855.937731890797,10623.727709081264,10256.157473087473,10188.752042991191,10095.016366763548,10063.420071405915,10085.537478156259,9927.556001368097,9899.119335546227
1284.908087842498,9793.010802617282,10555.051462904665,10346.935530853765,10447.840225181473,10210.293757284993,10178.761040307585,10295.432093123998,10117.797787484595,10152.483776159745
1285.8102215896029,10048.211972114193,10912.03322042114,10577.616984729495,10590.196905821344,10519.959013058522,10334.405176953753,10406.739723231882,10237.959115249578,10363.758326168067
1286.712262375288,10158.891176059538,10906.868438018408,10961.266784342688,10740.53503291147,10616.046509592443,10454.943714708994,10618.138753681837,10384.853537714247,10345.100900015734
1287.614210213917,10408.98957833837,11289.492518932071,11050.783041577299,11113.601325091711,10839.294820412106,10856.046362682615,10841.388763195919,10754.490137667646,10787.993222208666
1288.516065119853,10539.836550412958,11420.072850298666,11318.66795589378,11383.483455410304,11147.220505559746,11077.177949630599,10989.363401898532,10837.778765932466,11102.267820411189
1289.417827107467,10816.775572533392,11640.22327765854,11434.09977332607,11424.68296348347,11389.108348522535,11421.54402686927,11199.7258394658,11224.8373323794,11334.700113876403
1290.319496191114,11094.140580053237,11928.924383140702,11707.921393866605,11752.959917747108,11550.810264050897,11549.762856518792,11441.879880712006,11360.182093207837,11478.539144335671
1291.221072385146,11350.898510134039,12394.129562647973,12039.05393332847,12041.148774799381,11894.509871835577,11763.582279903607,11913.363445073779,11675.598938125324,11846.328518004611
1292.122555703922,11474.229202167531,12397.647392608102,12359.999538864206,12244.964430202299,12175.943365005156,11991.887191146106,12207.316576458403,11935.415410530262,12278.429189085762
1293.023946161786,11761.574498222773,12747.122726813377,12649.616359516647,12707.28141544482,12601.387403649447,12731.395893378422,12391.696291183362,12368.630268812092,12391.696291183362
1293.925243773094,12269.334175884713,13217.242738828032,12949.857026935835,13001.237026475905,12714.977029038375,12855.485599209178,12750.628457290668,12797.814171153997,12698.199886331415
1294.826448552187,12352.824912955619,13468.381474670003,13163.567428229735,13324.877954524583,13174.0421377294,13145.760422080302,13205.466266228397,13050.440565633346,13170.8997248795
1295.727560513409,12888.995800167886,13849.372930229254,13725.521016188553,13729.719386156035,13370.758753936376,13330.874239245302,13590.123584737279,13474.66841063154,13399.097751216876
1296.628579671091,13039.189502346262,14467.681344072613,14131.56561660759,14151.522487925826,14067.49355605957,13924.644371886934,13938.2990733152,13959.306306281766,13971.910646061704
1297.529506039577,13585.924474198766,14607.256817040101,14575.7666111971,14632.448981714502,14273.46063510429,14270.31161451999,14479.196646611897,14452.954808409395,14442.458073128395
1298.430339633193,13800.646626870937,15194.778584917842,15147.537667664747,14992.167539810122,14670.929302489072,14762.261742511724,14963.822989458264,14873.540347596792,14794.805485508301
1299.331080466276,14506.280818277502,15556.775482502102,15574.63389179392,15708.046714150445,15376.09040025547,15421.261670817128,15305.707257752423,15296.2528057744,15433.867606787824
1300.231728553146,14907.251564105167,16228.864811003865,16148.03540670585,16149.0851392292,15827.866987083846,15933.88997194228,15873.005485587932,15904.497461288458,15852.010835120916
1301.1322839081329,15376.775193114112,17071.05828342853,16896.584962713772,16751.54087681837,16649.58959905131,16495.086116249684,16629.619761138176,16526.617439270423,16436.22764661097
1302.032746545552,15931.480982930587,17427.784688211443,17512.957281414358,17478.257336035393,17206.96685398166,17206.96685398166,17144.927557698054,17242.71831285696,17546.60571329699
1302.9331164797259,16798.21245196964,18368.973498735628,18114.709837653776,18055.87196566789,18070.581433664363,17917.18269598688,17883.561054852093,17866.750234284696,17995.983417396546
1303.833393724966,17469.775667321963,18846.42425515833,19102.838190602663,18780.21901772803,18503.838423376154,18675.131339267242,18706.65764280548,18743.438330266756,18692.996244605576
1304.733578295589,18067.167010506546,20109.13054096869,19777.574606898805,19784.9425165448,19790.205309149085,19640.741999187423,19651.26758439599,19808.09880400365,19845.990910754495
1305.633670205898,19038.19151871744,20852.80699621648,20790.66984405604,20604.25838757471,20575.822741670778,20530.536342638592,20634.800377619675,20662.18285145309,20641.119410042767
1306.5336694702091,19850.768975554674,21976.54550986281,21684.606937724315,21908.04006874728,21502.277071370667,21423.232331621974,21508.60065055056,21670.905849501207,21803.70101227901
1307.4335761028121,21014.1739255792,23072.399212324963,22911.880872876343,22739.74607465184,22758.754825376018,22796.772326824375,22892.872122152166,22753.474616841526,22901.320455807356
1308.333390118016,22095.03294784664,24507.12680261156,23902.520600170486,24134.65561681453,23926.789261001453,24080.842499319773,24070.290907654136,23780.12213684908,24221.178668472763
1309.233111530117,23454.56923407987,25648.753996465683,25707.82820160684,25566.472067876217,25395.578831575014,25484.190139286748,25433.555106308613,25409.292486339924,25861.843093582
1310.132740353409,24975.578807386653,27372.50171661785,26824.062175243474,27065.122933352366,27018.805582449346,26948.276889028843,26693.53145906224,27161.968303422313,27303.025690263323
1311.032276602182,26491.997122230132,29365.080285973283,29219.687738633147,28941.54547415636,28583.331951724136,28853.04566273193,28778.242250694613,28897.295568444144,29298.70542740496
1311.93172029073,28550.148195384514,31035.933696345735,30993.748112960737,31144.561573562118,30993.748112960737,30852.42640862098,30661.536643803847,30934.68829622173,30896.721271175233
1312.831071433331,30541.66231589677,33374.59781685982,33309.15742898363,33284.88115606181,33034.729995954425,33294.38056720513,33251.105471996685,33385.15271813018,33384.09722800314
1313.7303300442688,32672.721491907138,35891.95791437516,35857.1952174048,35875.10327341983,35514.83532299966,35678.11465725442,35615.963168731636,35790.83006864318,35839.28716138976
1314.62949613783,35767.11568213986,38929.4907209229,39043.41216995178,38942.14865970389,38751.22474975735,38635.193644264975,38662.61917829044,39120.41463086944,39056.07010873276
1315.528569728285,39036.37822978713,42426.08289379466,42387.10866366157,42449.25676036028,42194.344228138456,42297.57327011258,42235.425173413874,42606.2070384638,42583.033171898176
1316.427550829911,43188.063802754106,47089.9896492293,46510.8717012123,46679.64924526097,46478.171052052865,46495.04880645774,46554.12094687477,46451.79956079526,46953.91275434006
1317.326439456982,47952.99526533835,51724.448665778466,51376.02211982515,51539.6770126214,51393.97136613184,51369.68709171691,51590.35723748734,51708.61109550786,52040.14423317253
1318.225235623755,53520.56634104905,57548.279560683346,57544.04876948625,56994.04591386392,57127.31583657241,57040.584617031964,57422.413522569776,57752.415235943176,57847.608037877806
1319.123939344503,60379.85410687181,64875.155487360964,63810.39520280013,64967.32876572593,64198.158649714824,64214.05059426051,64077.37987116762,64646.31148590311,64980.042321362474
1320.022550633486,68615.60713500106,69532.30680818751,69532.30680818751,69532.30680818751,69532.30680818751,69532.30680818751,69532.30680818751,69532.30680818751,69532.30680818751
1320.921069504966,69486.26561981291,69486.26561981291,69486.26561981291,69486.26561981291,69486.26561981291,69486.26561981291,69486.26561981291,69486.26561981291,69486.26561981291
1321.819495973195,69415.36761532023,69415.36761532023,69415.36761532023,69415.36761532023,69415.36761532023,69415.36761532023,69415.36761532023,69415.36761532023,69415.36761532023
1322.717830052432,69456.23535976885,69456.23535976885,69456.23535976885,69456.23535976885,69456.23535976885,69456.23535976885,69456.23535976885,69456.23535976885,69456.23535976885
1323.616071756922,69487.60764088259,69487.60764088259,69487.60764088259,69487.60764088259,69487.60764088259,69487.60764088259,69487.60764088259,69487.60764088259,69487.60764088259
1324.5142211009152,69490.2758144509,69490.2758144509,69490.2758144509,69490.2758144509,69490.2758144509,69490.2758144509,69490.2758144509,69490.2758144509,69490.2758144509
1325.412278098655,69376.69314473527,69376.69314473527,69376.69314473527,69376.69314473527,69376.69314473527,69376.69314473527,69376.69314473527,69376.69314473527,69376.69314473527
1326.310242764383,69390.03344257016,69390.03344257016,69390.03344257016,69390.03344257016,69390.03344257016,69390.03344257016,69390.03344257016,69390.03344257016,69390.03344257016
1327.208115112338,69414.63012319065,69414.63012319065,69414.63012319065,69414.63012319065,69414.63012319065,69414.63012319065,69414.63012319065,69414.63012319065,69414.63012319065
1328.105895156761,69244.45279574586,69244.45279574586,69244.45279574586,69244.45279574586,69244.45279574586,69244.45279574586,69244.45279574586,69244.45279574586,69244.45279574586
1329.003582911875,69222.8542298611,69222.8542298611,69222.8542298611,69222.8542298611,69222.8542298611,69222.8542298611,69222.8542298611,69222.8542298611,69222.8542298611
1329.901178391912,69246.52005031929,69246.52005031929,69246.52005031929,69246.52005031929,69246.52005031929,69246.52005031929,69246.52005031929,69246.52005031929,69246.52005031929
1330.798681611104,69319.29970064973,69319.29970064973,69319.29970064973,69319.29970064973,69319.29970064973,69319.29970064973,69319.29970064973,69319.29970064973,69319.29970064973
1331.696092583676,69447.63904040615,69447.63904040615,69447.63904040615,69447.63904040615,69447.63904040615,69447.63904040615,69447.63904040615,69447.63904040615,69447.63904040615
1332.59341132384,69608.37615070738,69608.37615070738,69608.37615070738,69608.37615070738,69608.37615070738,69608.37615070738,69608.37615070738,69608.37615070738,69608.37615070738
1333.490637845829,69772.17642347049,69772.17642347049,69772.17642347049,69772.17642347049,69772.17642347049,69772.17642347049,69772.17642347049,69772.17642347049,69772.17642347049
1334.387772163842,69849.43426039313,69849.43426039313,69849.43426039313,69849.43426039313,69849.43426039313,69849.43426039313,69849.43426039313,69849.43426039313,69849.43426039313
1335.284814292099,69918.65163270816,69918.65163270816,69918.65163270816,69918.65163270816,69918.65163270816,69918.65163270816,69918.65163270816,69918.65163270816,69918.65163270816
1336.181764244811,69810.26761094043,69810.26761094043,69810.26761094043,69810.26761094043,69810.26761094043,69810.26761094043,69810.26761094043,69810.26761094043,69810.26761094043
1337.078622036184,69722.94905771519,69722.94905771519,69722.94905771519,69722.94905771519,69722.94905771519,69722.94905771519,69722.94905771519,69722.94905771519,69722.94905771519
1337.975387680417,69700.06998685077,69700.06998685077,69700.06998685077,69700.06998685077,69700.06998685077,69700.06998685077,69700.06998685077,69700.06998685077,69700.06998685077
1338.872061191716,69843.93993623935,69843.93993623935,69843.93993623935,69843.93993623935,69843.93993623935,69843.93993623935,69843.93993623935,69843.93993623935,69843.93993623935
1339.7686425842799,69852.17419523856,69852.17419523856,69852.17419523856,69852.17419523856,69852.17419523856,69852.17419523856,69852.17419523856,69852.17419523856,69852.17419523856
1340.665131872294,69983.80501384515,69983.80501384515,69983.80501384515,69983.80501384515,69983.80501384515,69983.80501384515,69983.80501384515,69983.80501384515,69983.80501384515
1341.561529069961,70268.1409982583,70268.1409982583,70268.1409982583,70268.1409982583,70268.1409982583,70268.1409982583,70268.1409982583,70268.1409982583,70268.1409982583
1342.457834191464,70365.23870099171,70365.23870099171,70365.23870099171,70365.23870099171,70365.23870099171,70365.23870099171,70365.23870099171,70365.23870099171,70365.23870099171
1343.354047250989,70306.43862240022,70306.43862240022,70306.43862240022,70306.43862240022,70306.43862240022,70306.43862240022,70306.43862240022,70306.43862240022,70306.43862240022
1344.250168262723,69709.28977013967,70432.58464256581,70432.58464256581,70432.58464256581,70432.58464256581,70432.58464256581,70432.58464256581,70432.58464256581,70432.58464256581
1345.146197240843,63011.8826937317,70407.7293197679,70407.7293197679,70407.7293197679,70407.7293197679,70407.7293197679,70407.7293197679,70407.7293197679,70407.7293197679
1346.042134199528,54143.81730815824,70238.62914783147,70238.62914783147,70238.62914783147,70238.62914783147,70238.62914783147,70238.62914783147,70238.62914783147,70238.62914783147
1346.93797915295,45689.44207084449,70256.40174834683,70256.40174834683,70256.40174834683,70256.40174834683,70256.40174834683,70256.40174834683,70256.40174834683,70256.40174834683
1347.833732115283,39586.84051795668,70375.53150348013,70375.53150348013,70375.53150348013,70375.53150348013,70375.53150348013,70375.53150348013,70375.53150348013,70375.53150348013
1348.729393100697,35433.277050353,70335.29642571206,70335.29642571206,70335.29642571206,70335.29642571206,70335.29642571206,70335.29642571206,70335.29642571206,70335.29642571206
1349.6249621233549,32097.71193725174,70307.28138667044,70307.28138667044,70307.28138667044,70307.28138667044,70307.28138667044,70307.28138667044,70307.28138667044,70307.28138667044
1350.520439197422,29479.191925755553,70374.42965373707,70374.42965373707,70374.42965373707,70374.42965373707,70374.42965373707,70374.42965373707,70374.42965373707,70374.42965373707
1351.415824337051,27234.412407328582,70356.63895909328,70356.63895909328,70356.63895909328,70356.63895909328,70356.63895909328,70356.63895909328,70356.63895909328,70356.63895909328
1352.311117556408,25818.239944879904,70344.58715285845,70344.58715285845,70344.58715285845,70344.58715285845,70344.58715285845,70344.58715285845,70344.58715285845,70344.58715285845
1353.206318869645,23955.36150704088,70365.04936416674,70365.04936416674,70365.04936416674,70365.04936416674,70365.04936416674,70365.04936416674,70365.04936416674,70365.04936416674
1354.1014282909061,22704.654554986384,70408.81731230931,70408.81731230931,70408.81731230931,70408.81731230931,70408.81731230931,70408.81731230931,70408.81731230931,70408.81731230931
1354.996445834353,21268.821616850375,70446.38758012177,70446.38758012177,70446.38758012177,70446.38758012177,70446.38758012177,70446.38758012177,70446.38758012177,70446.38758012177
1355.891371514117,20473.38757218909,70479.77383744351,70479.77383744351,70479.77383744351,70479.77383744351,70479.77383744351,70479.77383744351,70479.77383744351,70479.77383744351
1356.78620534435,19406.64484126648,70562.2763910563,70562.2763910563,70562.2763910563,70562.2763910563,70562.2763910563,70562.2763910563,70562.2763910563,70562.2763910563
1357.680947339184,18480.31340797912,70713.33795713853,70713.33795713853,70713.33795713853,70713.33795713853,70713.33795713853,70713.33795713853,70713.33795713853,70713.33795713853
1358.575597512765,17630.293374372428,70840.05372713042,70840.05372713042,70840.05372713042,70840.05372713042,70840.05372713042,70840.05372713042,70840.05372713042,70840.05372713042
1359.470155879219,17226.759768427706,70949.95609753077,70949.95609753077,70949.95609753077,70949.95609753077,70949.95609753077,70949.95609753077,70949.95609753077,70949.95609753077
1360.364622452678,16446.631347548908,71087.58642406132,71087.58642406132,71087.58642406132,71087.58642406132,71087.58642406132,71087.58642406132,71087.58642406132,71087.58642406132
1361.2589972472779,15944.470011571704,71126.59738672328,71126.59738672328,71126.59738672328,71126.59738672328,71126.59738672328,71126.59738672328,71126.59738672328,71126.59738672328
1362.153280277133,15447.288163784986,67635.4806749661,64241.223764829374,63153.585317769255,61902.04127639169,61173.692575815505,59824.456458354696,58611.989247410434,57159.633716306205
1363.047471556369,14967.469136864707,54613.385716484125,51072.83431534384,49413.40460707458,48529.896844911586,47898.50937896238,46560.75039344866,45567.48336439948,44893.713607276404
1363.941571099105,14602.167085537872,43425.953342992005,40214.128952025596,38733.25392816092,38039.569445616384,37634.01409767106,36703.30262892792,36189.01930566214,35736.71092832903
1364.835578919461,13981.615553253478,35138.07894186449,32482.2560294425,31552.82658830054,30838.38199452553,30571.279608402958,30033.81748998559,30076.162990224533,29592.989974677606
1365.729495031548,13862.379506791054,28842.430316282287,26827.36661811313,26435.63910328326,26046.081823992616,26251.16908244925,25895.250454016572,25703.18460879528,25760.695850584707
1366.623319449478,13301.559844145228,24272.23127894167,23080.238136085474,22723.723823358487,22638.117043098813,22777.90532985195,22467.98711270934,22352.03868881333,22310.860743878296
1367.517052187352,13079.659769888889,21108.350305244287,20554.83426860551,20591.66312427228,20323.029118232327,20284.03385929104,20079.308749849304,19950.407755015614,20004.56783687851
1368.410693259284,12859.98913046133,19196.842457253417,18599.0056709965,18529.691260995696,18454.96166271358,18510.19658318297,18190.700474585523,18192.866549898048,18590.3413697464
1369.304242679369,12551.265116804698,17626.101896376764,17502.721347673156,17459.429927075398,17143.40255671177,17037.338576247268,17043.83228933693,17045.99686036682,16895.559173789614
1370.197700461711,12281.519465468253,16576.59534606685,16506.396720912486,16323.880295511137,16172.68325671712,16340.079978239068,16215.882410658269,16112.204441199514,15973.967148587843
1371.0910666204,12196.792915552014,15978.794552660529,15800.194017422147,15882.458506380433,15554.482978033586,15472.218489075301,15400.77827497995,15407.272839897709,15372.635160336325
1371.98434116954,12048.188899724335,15221.84232518421,15159.040585615234,15232.670211316792,14970.635366908302,15108.149520792096,14846.114676383604,14902.419684273033,14774.65062790856
1372.877524123211,11797.586472114406,14826.272310170752,14798.12869623599,14486.384049574008,14474.477135986224,14303.450558998053,14342.418639830801,14238.503757610139,14018.767079581034
1373.770615495501,11510.176821054918,14438.109203891521,14185.626507666158,14129.278438122301,13989.491880984653,14064.261434802465,13858.374257622985,13754.347052311248,13676.326648327446
1374.663615300502,11261.49730486163,14008.468783968836,13868.405811318706,13542.677967946309,13705.541889632506,13495.990310396266,13484.046956139278,13527.477335255597,13438.445058067142
1375.556523552288,11173.982103000031,13722.205682821717,13578.949502014024,13362.979956705456,13103.599447515771,13153.522055979058,13098.173077030631,13081.893965575211,12996.157311910001
1376.4493402649389,10983.529965441132,13269.145085594133,13165.056351469519,12959.04739851455,12777.976371443607,12844.116087918623,12724.847746734169,12655.455257317759,12663.045060847679
1377.34206545254,10742.298657460864,12905.708340694966,12803.875336076035,12807.12532558515,12533.042876983132,12505.959631073842,12502.709641564727,12254.62710903563,12284.960344454033
1378.234699129152,10687.902711769164,12751.773580248726,12565.331463978513,12398.400731969137,12154.508428708685,12216.294478868,12150.17256553961,12071.043062703997,11953.97475713898
1379.127241308848,10453.41206508292,12519.179609965111,12199.619344763094,12286.279755665337,11947.220898010315,11772.816821069553,11823.729812474621,11756.567994025383,11900.64092715036
1380.0196920056987,10417.007454011566,12344.9603040162,11784.219385261344,11832.932399438889,11711.691119708108,11552.56194006146,11654.318014121221,11626.172717040861,11560.139520044633
1380.912051233765,10388.032662015627,11954.791392674018,11745.81804435538,11545.506803739068,11503.279028690224,11404.747553576255,11142.718795580864,11288.891863057632,11321.374766941357
1381.8043190071148,10288.263785823321,11756.931867343612,11514.14098154247,11599.768124302695,11384.074435577575,11296.279517051269,11112.018576934333,11185.722952981107,11145.619101308597
1382.696495339802,10177.315211687564,11578.91651904428,11421.859185530584,11313.543783107345,11402.3624130944,11118.576058745513,11065.501511558126,10992.930191934556,10953.93664706219
1383.5885802458802,9978.353900764167,11490.225703910253,11250.710529361662,11140.165064185388,11045.87628506445,10874.639191948263,10872.47163380755,10765.177505842345,10649.213145314294
1384.480573739402,10118.045882023478,11350.684708538072,11132.77758089565,11126.272890518265,10892.104036932378,10776.103725202332,10566.869518063093,10630.832306774053,10480.140313031283
1385.372475834422,9989.68792848185,11284.166032421972,10989.523317550245,10850.867922316493,10730.627696762222,10689.464376302201,10535.643547214755,10565.974414922139,10342.825888217816
1386.264286544985,9941.643763988852,11119.91265453568,10963.965301375069,10726.795368443309,10542.690854295368,10389.992404325603,10462.551242254498,10409.48582347068,10224.298341592455
1387.1560058851321,9751.185577524764,10978.069892831323,10839.463368242408,10588.239042425002,10557.918865171177,10266.628590839788,10273.125771679894,10286.120133360104,10185.413830338472
1388.047633868915,9957.344330852142,10806.647229660119,10564.764028594756,10485.58253228188,10241.529975153151,10293.594520673945,10136.316206079877,10264.308213818498,10077.74359236898
1388.939170510359,9669.634108294276,10557.36309996483,10464.146136248508,10256.033845160906,10210.509281485492,10002.39699039789,9841.977099351197,9903.760435767828,9898.340844854089
1389.830615823506,9668.38753696588,10658.07352742246,10420.93870038746,10259.600393409308,10037.624870385676,9948.834661176224,9896.859904565812,9844.885147955401,9858.961644537387
1390.721969822389,9632.848877124206,10628.60404195053,10329.877492502632,10114.491320980416,10038.72734104798,9908.846232592372,9943.4811948472,9800.611975546033,9790.870892411862
1391.6132325210378,9605.712863126462,10417.554721064804,10242.196879750121,9943.439076028812,9932.614517922968,9828.69876010686,9735.607560396596,9608.960230558216,9573.239188808928
1392.504403933475,9494.89664611555,10323.78188713201,10024.432197742755,9902.314815428726,9909.879609023401,9838.554412273614,9609.449234834905,9631.062930819688,9554.334310073706
1393.395484073732,9474.180209405718,10268.914268457758,10128.54004607085,9934.175738150512,9812.158144844969,9654.507095087363,9578.920975340565,9316.529159648111,9413.711313608279
1394.286472955828,9432.444123990846,10190.505075402281,9976.082120574476,9813.64048812917,9599.217533301364,9606.798142815478,9382.628690040952,9432.444123990846,9279.748989492258
1395.1773705937742,9377.644522678358,10173.297173198056,10006.361875950055,9779.806829684909,9628.047468550361,9503.387993332697,9430.76029907545,9272.49696532085,9234.557125037214
1396.068177001594,9458.442683939222,9971.556961895782,9847.88882725086,9725.305500804578,9597.298133365099,9378.166877239886,9375.997260842607,9355.385905068453,9282.703755759596
1396.958892193296,9354.898560935362,10155.72388722817,9899.633403481419,9721.672219860795,9451.475056924604,9253.981548272448,9379.856531808986,9194.299444009434,9224.68306072515
1397.849516182891,9204.968617934683,10069.667903206817,9847.782803589816,9592.179870207488,9423.590701380845,9241.949467870849,9065.746594645585,9142.971310688756,9126.656229834565
1398.740048984389,9369.696569924456,9945.657968910766,9597.907690277521,9542.484989620349,9313.187149646554,9251.244131265006,9181.694075538358,9206.688626815123,9004.55877735955
1399.630490611788,9271.98003807752,9706.519231426204,9638.079308473785,9576.1574734216,9314.347609429016,9251.339426393459,9113.373232505252,8873.290328180105,8961.284514833213
1400.5208410790908,9164.229287706017,9967.213096529202,9546.706013965504,9499.98300479176,9225.077857792754,9128.37209461919,8928.441078619911,8995.8091383588,8899.103375185236
1401.4111004002991,9182.723492757956,9877.297393311024,9614.250626591396,9382.725993073705,9149.027419335192,9114.244375802018,9159.89712043931,8869.676100959388,8807.718804665923
1402.3012685894062,9253.914872810643,9672.919112212978,9490.554572783984,9250.658363177983,9162.732603096145,9036.814230633267,8931.520419177241,8760.010911857113,8837.081639830081
1403.191345660402,9098.472582369894,9706.77232241393,9193.892149435625,9206.90390858095,9025.823593808484,9004.137328566272,8801.370748551593,8839.321712725465,8755.82959154295
1404.08133162728,9062.809785861456,9585.893765838133,9420.937821945074,9237.532858011342,8905.450497279262,8986.843232752812,8870.72293014388,8651.505162601788,8692.744148575053
1404.971226504029,9142.316350593064,9508.05241542567,9383.24633988932,9230.223238579536,8950.223521289292,8866.657714191042,8694.099748884264,8689.758667996042,8620.30137378451
1405.861030304626,9022.658014360823,9602.771226436658,9266.630860560941,9108.319591471085,8991.21262529503,8977.116416403467,8748.3241028558,8694.10791481133,8603.024718896619
1406.750743043056,9048.777907441896,9514.595517905205,9295.769570664303,9139.77483599752,8935.031746747367,8826.702069895435,8703.206238284232,8590.543374358223,8452.964684756269
1407.640364733295,9052.232375269074,9443.920723282035,9315.889628917688,9004.491967201013,8932.88135509892,8754.939834117962,8612.803619188051,8466.327367161042,8440.287144578464
1408.5298953893218,9071.214620548351,9543.108708079866,9302.280001339645,9079.893132502953,8810.859261910273,8766.381888142934,8722.989328369922,8469.142853697796,8407.308456021254
1409.419335025108,9009.752412966534,9412.574556279453,9198.677083954264,9068.384207411003,8896.831919962375,8603.672947740037,8659.047420270923,8554.813119036313,8389.775475414848
1410.308683654621,9035.298676990746,9449.552443047722,9166.859584321177,8962.450901857366,8690.630845389534,8775.438703007498,8576.466421673045,8552.546256703876,8412.287107566473
1411.1979412918301,9016.208711743882,9490.28818573331,9161.912036318614,9085.798359301964,8835.71056339011,8643.25169436229,8543.21657599755,8455.142178306853,8320.31223616307
1412.087107950694,9059.04450801968,9354.672595144018,9047.088960378624,8962.31325892385,8762.329552927975,8610.16803749633,8593.865017985796,8430.834822880464,8367.796480773068
1412.97618364518,8975.881056593787,9324.955180553881,9094.414014574006,9030.253973098475,8661.605599196695,8549.59739119704,8414.752558265414,8279.90772533379,8393.00339166354
1413.865168389242,8827.749536724243,9284.076282007218,9053.739924864383,8851.652366239065,8784.289846697293,8540.915582546371,8582.202288071974,8355.12540768116,8442.04478773506
1414.7540621968399,8871.07169340929,9238.300380778835,9084.02087306737,8798.277841179231,8638.565956435672,8560.339727173521,8459.297514376574,8377.811858895167,8205.062269274582
1415.642865081925,8823.21309745802,9361.120942718326,9128.100135257384,8921.212502464958,8613.05881783203,8451.90424070951,8259.172077529196,8426.859948318846,8226.505609193551
1416.531577058442,8908.993252939032,9233.987743008298,9043.13527400789,8774.851231870174,8544.73768353254,8473.849623618102,8348.432286846406,8389.874537257923,8132.496350491659
1417.420198140342,9008.46070863256,9209.44976773143,8968.044430444199,8803.102322161974,8557.327657503029,8439.355818466734,8376.000571576873,8297.352678886009,8190.304158279002
1418.30872834157,8961.623378424032,9249.121176487648,8915.711182535546,8667.56669523349,8556.065648075739,8453.309781087222,8359.29909426794,8266.381554969814,8219.376211560173
1419.197167676062,8786.78831972557,9267.298742380211,8882.8904042565,8755.11831459606,8535.61241697428,8524.69172555031,8228.740987960748,8235.293402815129,8056.194063462034
1420.08551615776,8921.542303420578,9165.204757022879,8798.07209150551,8588.281996924157,8496.498830544815,8367.565334916691,8188.369629128452,8108.605686917834,8114.068970630889
1420.9737738006008,8848.738667052588,9111.399834531301,8777.896443458745,8666.728646434558,8351.7532215327,8424.775205852507,8307.068126650429,8143.586072203097,8097.811096957844
1421.86194061851,8847.413228206588,8994.19960965035,8760.428705869543,8616.90424401342,8297.236124424784,8273.315380782096,8046.068316176569,8031.9333312968,8035.195250884439
1422.7500166254251,8792.206485013585,9103.425436814141,8683.767825849629,8772.687526364074,8350.861142216283,8313.991998100539,8048.317283148845,8023.376391541135,8045.064123373926
1423.638001835268,8775.49512557947,9086.967683215049,8809.138502885055,8666.968102013065,8459.681487001231,8376.1156788551,8201.387170913189,8105.883390174753,8039.681905799246
1424.525896261966,8760.735064002294,9048.397763301715,8676.382843906975,8621.229469229267,8255.703182149551,8157.2922587050125,8121.604780972377,7969.121921569301,7945.330269747544
1425.413699919438,8764.829487247578,9015.561970729876,8736.730157202148,8534.63112956771,8403.861170510132,8158.532404344262,8065.5884665016865,7925.0918162745365,7971.5637851958245
1426.3014128216062,8682.846589927633,8970.800886227555,8590.097266025785,8565.292214284593,8328.02650197754,8241.748061138613,8016.345634446912,7892.320375740954,7881.535570636087
1427.189034982377,8635.771692676679,8897.101785164832,8735.120322878787,8573.138860592742,8200.581497334839,8135.78891242042,8034.280529387832,7990.005596362979,7832.3436397378955
1428.076566415672,8665.619687412607,8936.420302644252,8756.24618812758,8447.684530931363,8176.88391569972,8171.4894811333525,8008.577557229057,7811.141252100009,7825.166781972564
1428.964007135393,8610.206108652748,8910.461665376966,8648.008067233135,8423.35642766969,8247.30730628103,8070.178128932932,7956.77225319177,7816.364978464618,7783.963299681429
1429.851357155454,8621.912234988695,8965.578328085512,8549.504599021755,8431.707101702406,8223.129881678236,8069.668921867709,8027.521193469042,7774.634823077045,7835.154638213592
1430.738616489758,8560.649085381952,8926.266900754596,8594.182080282993,8404.88291551905,8117.148185077858,8092.268866280312,7914.868506158674,7832.658583175476,7854.292773434213
1431.6257851522062,8698.64441514377,8805.86127235234,8564.352593993643,8371.57885072975,8188.552094484817,8100.829211314169,7999.02734689391,7853.905540167159,7661.131796903266
1432.512863156691,8598.572994849703,8900.391592396194,8571.431034638686,8340.181533640834,8210.985803036401,8039.448614502784,7937.394844109365,7781.057153293917,7717.00212719592
1433.3998505171148,8630.609438968184,8881.986412918714,8600.139502731756,8326.998288612349,8118.061582991129,7980.946869927204,7793.7744044748615,7689.306051664252,7849.273216905498
1434.286747247366,8672.130154139606,8799.70958681084,8471.492413870314,8348.274671204932,8186.892140988327,7936.0949656517105,7931.733275645856,7823.781448000965,7741.999760391199
1435.1735533613391,8598.091535363317,8876.36458289697,8592.635201097952,8530.432990472782,8171.406195811717,8000.077299879233,7893.133148278065,7752.359724231629,7658.510774867338
1436.060268872916,8610.276647344515,8724.63018237755,8420.776503575486,8338.00632583729,7996.034802024214,7956.827875727173,7880.59218570515,7699.804692224352,7635.548896348647
1436.946893795986,8541.63282207346,8642.749402070001,8293.734109823874,8188.268429612426,8111.071900797862,7876.220489192991,7693.558280166981,7610.925376083785,7660.940028555193
1437.8334281444259,8491.84789278549,8735.217126150888,8348.433880266595,8311.493907345062,8044.222338559848,7918.19184270991,7690.03318642985,7820.409561447027,7640.055576006598
1438.719871932113,8507.249228390043,8665.796380208392,8498.561713221914,8299.83480375097,8070.701591191575,7921.927893937371,7677.591529833751,7674.333711645702,7631.9820752010755
1439.606225172927,8405.916311015473,8769.456456147176,8349.486198935327,8091.209916722355,7947.964247595833,7902.386080146484,7773.2479390399985,7649.535770248911,7524.738406994744
1440.492487880743,8484.502395456078,8855.943744565906,8464.952850766087,8179.312281128997,8043.551554115171,7874.122166801915,7770.9440142714075,7625.408514912586,7698.176264591997
1441.378660069422,8501.918640143318,8693.021792207843,8316.244554898809,8154.458363662366,7935.1240641337645,7892.7773429376475,7753.793232345267,7526.858239268644,7592.007041108823
1442.2647417528422,8502.862414396277,8706.139743914571,8308.28144122101,8270.23488222026,7966.949454757136,7783.238927010655,7809.327996039741,7539.740949405852,7610.398844692961
1443.1507329448611,8424.768641021032,8602.097836331779,8299.659086047192,8225.681262236572,7898.220600957216,7844.913051446624,7690.429948783273,7720.891405646469,7564.232484635748
1444.03663365934,8454.716810447604,8538.534654454874,8360.013532153675,8125.976694990519,8004.059830979944,7710.153105240167,7753.694842386801,7518.569461794978,7451.079769217696
1444.9224439101379,8439.347757825837,8588.842281076695,8228.745984195066,8071.613054646718,7931.939339492631,7720.246364962219,7570.75184171136,7468.178957145077,7486.729372438979
1445.8081637111138,8411.003218990465,8591.262412539423,8289.737943330258,8066.872031306091,7897.537637366161,7733.6656432307445,7641.897326514912,7500.967411558454,7458.360693083246
1446.693793076116,8370.127969851756,8589.5613495231,8265.323967620665,8048.074004662467,7883.226042819815,7789.339124154463,7589.556494901448,7570.997452839692,7478.202242530914
1447.579332018999,8227.741116048124,8471.113747548156,8279.034899368758,8139.341191601926,7864.319204435971,7739.904495956135,7653.687285693793,7476.887436801393,7376.482584343981
1448.4647805536122,8215.41090814856,8589.385423067608,8155.268807796081,8048.106519895302,7775.826829208627,7667.571048574165,7494.7991966525,7445.592023636836,7489.331732984093
1449.350138693793,8241.273702307419,8507.508414787626,8319.834765006495,8053.600052526288,7888.840046032389,7692.437389284694,7599.69169026495,7370.55525739264,7408.744662871358
1450.2354064533872,8413.18142780419,8438.321504826341,8195.66510922123,8095.1048011326275,7746.422863303663,7769.376846671714,7630.559899636359,7598.861541651907,7407.57834691815
1451.12058384623,8341.97135345107,8485.43968052237,8065.986480000935,8082.414151039634,7724.290922396008,7591.774376017174,7505.255308546695,7487.732459438751,7500.874596269709
1452.005670886163,8243.885305069,8345.864732226677,8179.1886792377845,8025.671262011174,7721.926086498523,7667.098437489019,7441.208523569863,7431.339546748152,7363.353261976367
1452.8906675870169,8182.170441401228,8420.20918463545,8136.0984265817015,8001.173240324516,7649.051412775274,7685.250852990616,7427.466960548025,7416.497433210043,7408.818764073455
1453.775573962623,8205.018622965405,8465.792313946067,8087.285353197764,7816.6088638254305,7803.405132636536,7541.531130723466,7543.731752588282,7476.6127857114025,7298.362414661329
