Wavenumber,Baseline,Surface,1 micrometer,2 micrometers,3 micrometers,4 micrometers,5 micrometers,6 micrometers,7 micrometers
181.95710220416,1732.3361352915526,1383.62640190924,2121.4109825059013,2189.8074253879627,2135.987273611914,2075.4396028638603,2021.6194510878117,1991.3456157137846,1930.7979449657305
182.97657586254718,1812.3084392690464,1363.7172414301735,2162.2095735833673,2238.470077215976,2115.1074978102856,2070.2483780263983,2002.9596983505674,1999.5952643667758,1917.7273707611816
183.9959378395179,1735.862386138107,1419.2303079421522,2067.090978577138,2180.494666157959,2204.0736507044658,2069.3365961529958,2044.6348028185596,1913.266174630876,1917.7574097825918
185.01518815342567,1747.4651149379474,1360.5025145017842,2148.924873315523,2222.5258290180786,2192.4163471397605,2071.9784196264877,2057.4812616850754,1952.6556581087084,1950.4253261177219
186.034326822617,1796.0603068441048,1379.5506160544903,2068.224046592874,2234.6075474109475,2132.1329409468362,2116.7066561027764,2047.2883743045072,2005.4170297277735,1824.7091215545015
187.0533538654345,1701.4394895900484,1384.9433690120406,2122.706739738707,2202.3764528497227,2144.5340583992593,2069.229809020354,2044.1283925607188,1945.9054585882338,1955.7277519854822
188.07226930021716,1686.957838606134,1377.305921768297,2060.045391185056,2126.706567726535,2082.624176787815,2047.1432279834794,2017.0381805131342,1889.0917287641666,1889.0917287641666
189.09107314529683,1769.051035283261,1372.7411036552392,2087.7989695685333,2195.1107741112414,2079.2990246542595,2028.2993551686159,2038.9242863114582,1911.4251125973494,1906.112647025928
190.1097654190089,1713.7732833078533,1370.164941324585,2008.2947192935117,2153.421223982097,2141.6830508087555,2113.938277853585,2001.8920793807802,1905.8524806898045,1884.5103476473655
191.1283461396743,1723.5187338354228,1370.764131274147,2081.569952050772,2189.6209113938653,2087.92589083566,2060.383489434479,1979.8749314925662,1899.3663735506536,1890.8917885041365
192.1468153256174,1734.4167170477713,1368.9992302137841,2119.842654169498,2207.2479896369937,2105.0995855364267,2054.55192165161,2026.1188607164006,1922.9173802849,1893.431243018757
193.1651729951627,1711.1561039924063,1366.190398946611,2061.3804325907295,2127.639089352574,2111.863218694992,1993.0183264078735,1995.1217758288844,1973.0355569082694,1889.949304778337
194.18341916661666,1737.9543710632217,1390.7817770842871,2084.0812644578828,2185.514221132451,2096.6296714691694,2032.8419358284616,2023.4306305699965,1968.0084996034798,1857.1642376704465
195.2015538582928,1671.660217731387,1346.5866000063913,2066.6863861060656,2152.069646457884,2075.9448119273475,2066.6863861060656,1950.4417063499754,1914.4367170449918,1852.7138782364482
196.219577088501,1694.7796543030531,1359.3330113989773,2033.3227277570124,2107.637060954223,2070.479894355618,2019.9048620408496,1999.261991708291,1900.1762141120103,1797.9940059658456
197.23748887553668,1688.3998452125927,1318.902006746615,1991.1827961777688,2166.694269449108,2037.3700259860161,2025.0534313704834,1958.3385438696819,1888.5445077149973,1866.9904671378151
198.2552892377062,1722.3518917935428,1370.075983096354,2013.005192555363,2174.25101665291,2081.8171047498577,1994.5184101747525,2013.005192555363,1930.8417153082053,1881.5436289599106
199.27297819329758,1708.7318695036386,1314.6441260603083,2125.222533762869,2153.735342074014,2056.995456732628,2007.0980421881238,1945.9991672356696,1851.2959110593654,1829.9113048260062
200.29055576060642,1716.03097415899,1382.840921999472,2117.698736424912,2148.3603976665854,2069.662133812957,2013.4490882032223,2056.375413941565,1913.2876614804225,1863.2069481190226
201.3080219579169,1708.4608380090187,1349.4290678721982,2052.192958850236,2159.2905039194584,2060.3527718078913,2052.192958850236,1959.3750864569106,1938.975554062773,1840.037821951206
202.3253768035138,1740.576204548394,1374.3002037084916,2026.2510798552817,2173.169587155967,2091.5481942111414,2070.122578563125,1957.8931632639906,1898.7176533789925,1828.319201964081
203.3426203156705,1758.092759594997,1326.9778394160498,2047.5410747978833,2117.864785181683,2073.020680009405,2060.7904695078746,1973.14062758024,1951.7377592025618,1848.8001541480141
204.3597525126643,1708.5039776661292,1371.3127307242237,2062.0935831219267,2187.131066790354,2109.2388638493667,2077.4670442287006,2009.823815358896,1922.7075357538445,1835.5912561487928
205.37677341276867,1694.7391154905686,1367.8092741008616,2028.7982680632288,2214.1603588200096,2109.257637127985,1997.2256042530078,1971.7637785996037,1955.4682101814253,1837.3253391496307
206.3936830342464,1759.0397119050451,1388.2866979308492,2054.4198604009707,2166.4606063821834,2093.1248453762987,1999.4180396465567,2016.7334276618353,1951.5460845454932,1875.1546668310295
207.41048139536358,1756.6464165188775,1380.2221844076896,2046.3604596613638,2211.6198786370073,2131.0304088896255,2036.1592609591635,1966.791109784202,1940.2679931584814,1878.04068107506
208.42716851437217,1728.7491622695504,1324.018476044091,2076.532817267307,2209.7481938892547,2049.076212925379,2014.5012296799878,2023.6534311272972,1952.4696420926687,1866.0321839791911
209.44374440953467,1751.5610598385788,1339.7905650695093,2108.0191000864297,2168.4530781744274,2064.9983021254825,2142.8454603405303,1985.1025344837226,1946.1789553761987,1931.8386893892161
210.4602090990957,1753.8169545253297,1323.3252709013618,2076.4288606301648,2216.158858178756,2106.2242277544965,2116.498492280128,1978.8233476366638,1945.9457011546424,1870.943570117531
211.4765626013032,1764.260412221826,1365.8127754685847,2049.7460901017257,2198.650490434767,2142.169510998096,2087.7423853591226,2064.123066685606,1924.4610084422015,1875.1685172974705
212.4928049344017,1742.820221207817,1400.4073071587518,2023.7218333319004,2225.683941318924,2140.593306989366,2054.477484294391,2014.4951380431532,1981.6891103498297,1888.3969690969404
213.50893611663201,1775.3623651372318,1402.6796079803964,2080.4707762161793,2156.23595212169,2082.518483673085,2090.7093135007076,2003.681746582216,1951.465206431121,1929.9642781336113
214.5249561662204,1818.2575535056703,1318.4906728772962,2018.3674630255682,2212.3826544890226,2149.4039012391054,2135.182892440737,2002.1148815417187,1941.1677009772827,1872.094229670922
215.54086510140408,1822.1366501204025,1382.9812439958787,2009.4686765091856,2216.250476129591,2128.214660449616,2123.0962990728735,1985.924214176169,1960.3324072924556,1924.5038776552567
216.55666294040932,1780.6737140379166,1344.2139889630303,2084.9660575760417,2182.2986253744316,2206.887905660341,2130.046404766875,2065.4995440163634,1994.8053631943749,1924.1111823723863
217.57234970145507,1755.3388058510716,1351.291353183062,2122.279859804672,2212.9843899954494,2199.5848571263573,2132.5871927808967,2050.1285289710986,1996.5303974947303,1946.024465911229
218.58792540276409,1837.9788176658255,1382.35843622084,2037.3773065975313,2145.8583497987183,2107.631696480205,2116.930071611735,2009.4821812029402,1969.1892222996423,1942.3272496974434
219.603390062548,1817.3895912342596,1392.9878173721684,2083.8023835856457,2201.5196639269557,2168.4762168136053,2106.5197534760737,2023.9111356926983,2020.8133125258216,1912.3895016851413
220.6187436990222,1824.3761799564072,1406.9950078134855,2104.3394723274578,2152.538280904159,2158.6913202969295,2081.7783278873,2081.7783278873,2030.5029996142139,1900.263665800575
221.63398633038742,1771.546198911246,1368.1755985797745,2024.0377197294188,2248.816756555353,2122.5709961462667,2105.1223951141164,2057.9085334977103,1994.2724591451627,1948.0849858247652
222.64911797484817,1762.7864435937827,1399.7693400264766,2028.383702983422,2207.841310679124,2184.255453667689,2148.3639321285486,2080.6827772261695,2025.3072868514955,1929.9383867617796
223.6641386506053,1839.5973946921586,1392.3227340219082,2065.2958985787595,2270.3826669506025,2211.6392207335416,2177.629857134191,2169.3851629282876,2075.6017663361386,1974.604262313824
224.67904837585232,1876.9437489318202,1389.4125060736374,2085.1494805541306,2213.9896610134815,2170.6993603791398,2138.7469956252207,2064.5350516806348,2119.163288195399,1991.3538291797236
225.693847168779,1933.6610517757977,1388.4016187324091,2064.564545152944,2258.3429447978533,2258.3429447978533,2165.5766896486944,2093.4251578660155,1998.5974303802088,2022.3043622516605
226.70853504757184,1847.363878505613,1360.4537571983137,2084.0993727293317,2299.12549848712,2147.1599192256062,2175.0719643960883,2143.0248014225717,2076.8629165740217,2009.6672522747128
227.7231120304168,1864.8780138508941,1399.6899694666279,2081.484420326938,2282.618940626122,2231.0459867032546,2170.1899010742704,2134.0888333282633,2054.6664842870473,1987.6216441873191
228.7375781354895,1843.9372850537497,1411.764483869277,2064.139617085838,2208.1972174806624,2231.863823259812,2160.864005922363,2103.2409657644334,2048.7048741863928,2010.6325083677605
229.75193338096508,1937.8002175532604,1390.0486893915388,2141.398427077523,2246.8147589124205,2270.58510824774,2140.3649336281615,2167.2357633115666,2043.2165493881578,2008.0777721098586
230.766177785019,1933.118600362125,1387.7473464055727,2153.5437940865004,2225.9839985968583,2271.5178414319403,2217.7051180813887,2155.6135142153676,2075.929289253974,1993.1404840992789
231.7803113658119,1898.0552754645878,1396.3894397150918,2110.099597791694,2306.628481899744,2258.0134421467,2179.40188850348,2101.8246974081976,2102.8590599561344,2033.5567692443485
232.7943341415121,1962.653324691079,1420.232258162532,2185.211586720922,2302.184068624979,2256.637261511895,2227.6529297126594,2241.1099409051617,2074.4500330595583,2075.485187766674
233.8082461302729,1954.9169138770515,1438.9351261994655,2179.166543934111,2344.2391882816687,2271.5656970594737,2215.5032895452086,2214.465096813463,2101.3020890531875,2062.8889579785987
234.8220473502515,2032.4935909656442,1401.541382065368,2180.405338298004,2328.317085630364,2278.6683872250965,2270.3936041575516,2249.7066464886902,2117.3101174079766,2071.798810536481
235.8357378196051,1957.5746626842258,1399.8935087799987,2151.055879344876,2352.8143673065165,2283.492220160722,2307.2893751510696,2190.37291802458,2128.2933832671524,2073.456460898091
236.8493175564727,1927.1849435388467,1389.0548178203112,2105.1897461187828,2379.9139211988,2294.5127731402176,2210.1405545763173,2158.694079842232,2101.074028140056,2063.003636836833
237.8627865789968,2003.6932039914104,1412.2539882341923,2107.5807879765916,2393.5287914209507,2221.7542713662456,2220.7256814257985,2232.040170770719,2223.81145124714,2090.0947589889865
238.8761449053236,1915.1107167996568,1371.605583115634,2089.772101915505,2333.270621165247,2309.6399631789855,2252.1044480819996,2208.952811759261,2166.828595348968,2108.265660339536
239.8893925535849,1979.354543861769,1385.0367195807933,2087.784301820088,2329.1939516140815,2262.704005696244,2257.589394471795,2223.8329603904317,2125.6324248810106,2177.8014593703906
240.90252954191243,1957.2353684490972,1420.557538481893,2076.041910960921,2341.3082429485275,2317.7517733125624,2296.2436923405944,2244.0097814086716,2157.9774575207994,2092.4290202728967
241.91555588843042,1981.8189854504574,1388.5093515526073,2094.0945932540435,2397.959770337144,2383.5390500687936,2280.533905294861,2211.5204582963265,2150.7474228797064,2132.2064968203986
242.928471611267,1970.7745915931723,1473.2078675313876,2144.153511936351,2409.8644016930566,2357.5429523587245,2329.8433615346667,2246.744589062492,2242.6409459774463,2129.7907611386913
243.94127672853938,1990.2877970660568,1405.8706410487137,2100.6322950553454,2299.865416424894,2263.0839170951313,2316.2127494603446,2302.9305413690413,2207.911668100487,2161.9347939382837
244.953971258361,2040.4445664231462,1465.382182328047,2100.004599061567,2313.599198868318,2356.728877675451,2352.6212892176286,2278.6846969768303,2180.102573989099,2115.4080557784005
245.96655521884534,2025.0518915512507,1418.9624169672497,2167.6611796886627,2367.3141830810396,2330.6432232742764,2331.6618610466867,2312.307743370895,2192.1084862265047,2157.474801964562
246.97902862810218,1984.4622031508497,1376.271594230064,2187.867049062793,2309.302777965446,2399.367610234913,2349.78135426633,2288.0515254074817,2195.9627643229696,2151.436330391997
247.9913915042271,2098.2882601380657,1405.9136036948134,2112.397787343605,2344.19716286318,2369.3927471587863,2303.8842279902105,2264.579116489065,2243.414825680756,2136.585548267387
249.003643865326,2001.106759873337,1418.9119539212045,2079.2671641147595,2296.713416940255,2377.8799905755777,2283.686682900018,2268.655835930513,2222.561238557367,2136.3843825988756
250.015785729498,2065.8075191637486,1422.8674248644793,2109.803419862299,2394.776867568818,2406.7757495775136,2340.781898529688,2285.7870226565,2192.79568708911,2117.8026745347624
251.0278171148275,2046.723159321283,1439.1336051557403,2201.382318563421,2310.8488663387006,2376.127082901941,2337.964433218816,2268.6690956362995,2263.647694362204,2160.206828115839
252.0397380394061,2103.666030303121,1438.292445945421,2078.5386290811534,2420.2712856999115,2394.1387884290652,2316.7463926654054,2314.736200567648,2310.7158163721333,2202.1654430932335
253.05154852131818,2072.7682461494223,1447.8079225417787,2198.971865617848,2403.9265436345713,2393.8302540770974,2348.3969510684637,2361.52212749318,2216.135557865554,2170.7022548569207
254.0632485786409,2043.1629559674502,1410.1273628573763,2156.784729089771,2414.4626788493206,2408.375798146339,2355.6228320538326,2294.754025024018,2308.956746664308,2234.899698111367
255.07483822945142,2098.944221743063,1454.984489457203,2221.4585733257504,2449.2745163514082,2479.649975421496,2454.3370928630898,2333.847771885075,2331.822741280402,2246.7714558841567
256.0863174918195,2030.5774723172178,1446.5080797314577,2141.925190141193,2439.5272723252715,2369.681885690233,2488.1153673757335,2339.3143262836943,2298.824247074976,2276.554703510181
257.0976863838187,2126.664577384024,1392.879504883699,2220.532544017491,2372.941823175055,2418.3618070299585,2476.903119554056,2393.128482666123,2329.5405052692586,2258.88719705052
258.1089449235078,2101.429891553535,1447.6965407485948,2250.73936056454,2491.8539760620415,2436.3673490647084,2438.3850445918843,2411.1461549750115,2386.933808648903,2255.7835993824797
259.1200931289495,2135.8878457584883,1435.365083491763,2197.461172124872,2434.6698884543825,2474.0364413771526,2507.3466015425734,2428.6134956970336,2265.0908912486047,2316.570229686073
260.1311310181991,2200.625894894451,1448.8466987564755,2236.087177731148,2478.237080530307,2464.0525673956286,2475.1975420014473,2435.683541126271,2350.576462318198,2243.179434298487
261.1420586093082,2175.886507275179,1479.2388290630051,2231.496989570781,2467.0832145685117,2491.3496068429563,2534.8268930013355,2404.395034526197,2362.9399477240213,2276.996475085364
262.1528759203247,2178.2567347671898,1495.2782780405569,2199.4735211447924,2463.167866123566,2539.9524263472704,2487.415621983683,2454.074957676022,2390.424598543215,2360.1149037180685
263.1635829692968,2218.5964652244234,1499.270106736359,2232.740522835144,2549.971529247015,2442.880807337275,2439.8499378492634,2452.983705630647,2455.004285289321,2359.02675150229
264.1741797742616,2201.3160701117217,1444.4252021691982,2231.471084770786,2480.752539285721,2589.310592058354,2589.310592058354,2419.4373428122894,2420.4425099675914,2305.8534542631455
265.184666353256,2187.3596096177957,1438.0048388979594,2209.253108895135,2503.8201900811528,2456.052555294231,2464.013827758718,2430.178419784648,2436.1493741330137,2323.696400572135
266.1950427243137,2219.8976947302713,1474.2908008500142,2236.820681640771,2470.7560889329743,2531.479747847121,2532.4752176653856,2452.83763220421,2392.1139732900633,2369.2181674699755
267.2053089054607,2252.1190876522614,1423.1728799280122,2213.4943539590167,2504.665423338861,2510.607690060898,2531.4056235880303,2489.8097565337666,2456.1369117755535,2378.887444389064
268.2154649147269,2209.6352251950134,1478.3747784712825,2217.5621677069234,2601.0280117205875,2547.5211497651926,2543.557678509237,2479.1512705999658,2451.406971808279,2349.3475869674335
269.2255107701276,2246.5448496242043,1468.58938933031,2170.138509773911,2471.79470866338,2495.6096717336013,2552.1702090253766,2526.3706656993036,2374.5502761266434,2349.7430229284964
270.2354464896816,2223.2773744376263,1455.7055073361144,2256.045643020226,2630.3982871305366,2562.8757942936636,2552.9460159353002,2511.2409468301726,2420.879963769063,2372.2240498130814
271.24527209140433,2334.631067342324,1475.1299482825386,2178.988996186169,2548.762834028499,2636.9930527093766,2622.122791133948,2506.1347508456033,2416.9131813930303,2384.198605927087
272.25498759330003,2260.901023595454,1437.4864532736526,2198.098217384469,2571.9244448308073,2643.699080500504,2605.8180227859416,2552.983915973526,2457.2844017472635,2469.246841025546
273.26459301337667,2302.8259685165804,1471.4988246725056,2266.984319201147,2590.5547644099183,2639.339231533703,2664.229265780531,2502.941843861082,2478.051809614253,2454.157376737298
274.2740883696315,2303.32937871894,1472.8975863051598,2285.42785505014,2611.6333974593854,2598.704519254141,2630.5294502208967,2590.748286512452,2522.1257791153853,2420.6838116588515
275.2834736800687,2303.4856794769485,1575.807186954196,2306.4720481193126,2585.199788073308,2674.790847344235,2604.1134561416147,2590.177069143915,2522.486046583659,2483.663254232924
276.29274896267816,2343.0645974393447,1456.9311381011257,2291.1738993699896,2665.3856642932237,2669.377256452405,2719.2721584421697,2647.4234995769084,2554.6189818759462,2486.7619151698664
277.30191423544966,2385.5734570279656,1583.0348853860503,2324.4562874023018,2691.1593051562854,2675.128572139718,2665.109364004363,2592.971065429809,2601.9883527516286,2559.9076785831385
278.3109695163657,2414.9538666675458,1511.3586282227725,2362.6298662230824,2707.767023000986,2742.985100223221,2786.2530236676807,2651.4180994454096,2597.08163744539,2537.7140215564796
279.3199148234089,2345.2663026059004,1489.5064813452277,2317.0100820925763,2750.944897118625,2780.210268364568,2749.9357463860065,2656.0847282524655,2575.352669642968,2493.611460300852
280.3287501745617,2408.5851467534712,1570.1985764971007,2441.0650138820474,2793.2685730575445,2797.3285564486164,2754.69873084236,2710.038913540568,2633.9142249579677,2592.2993951994795
281.3374755877921,2488.8286855680694,1500.3648790077693,2385.842670992839,2706.9167164332634,2767.4967250069285,2732.158386672291,2639.269040192671,2635.2303729544265,2557.4860286182234
282.3460910810718,2447.623855025431,1501.8371505047571,2348.4364781742165,2732.161380538007,2806.3014400025513,2736.1689513198744,2700.1008142830688,2597.9077593454535,2582.8793689134513
283.35459667236864,2424.1218432088363,1522.539581325747,2311.6728414507907,2716.688272561627,2841.078761232031,2860.9812394192954,2751.51760938934,2620.161253353393,2561.4489427009626
284.3629923796398,2384.8125953706644,1535.2913379269319,2344.1229089744106,2721.246831671395,2774.838125949387,2780.7927142024973,2742.0878905572804,2664.678243266847,2555.5107919598254
285.3712782208495,2477.789423640725,1518.837266895156,2408.300136920032,2709.0894780110334,2799.4255507479347,2816.3015203801033,2721.0019271631522,2646.5491199624093,2627.687742138221
286.37945421394403,2443.9568347475224,1536.9110664042348,2355.537258205844,2786.706878645041,2838.367754826696,2801.609054466672,2796.6416625261286,2688.3525182222747,2565.16119809679
287.3875203768803,2494.1455574281395,1526.3573411326697,2377.6525313925736,2747.0449472831283,2867.5206408754657,2812.758961969858,2823.7112977509796,2734.101277723621,2636.52592258272
288.39547672760466,2476.850949723504,1585.9402909710916,2347.5893586098728,2745.3173312671997,2777.135569079786,2828.8402055252386,2795.033327849366,2640.9137384446512,2639.919418513008
289.403323284052,2497.7512651075835,1568.193255396624,2445.943101651024,2792.6592724756906,2864.3936526463112,2853.4342334535777,2813.581800025455,2734.873244004913,2645.205268791637
290.4110600641689,2448.585749761598,1614.386192857524,2402.5747430258816,2850.681939060684,2901.6941421807173,2980.7130450529257,2876.6881602591325,2767.662079081022,2674.639826332726
291.41868708588663,2556.6140244545386,1564.2111657649782,2366.345060629093,2870.057106966983,2945.16327689808,2964.1901732806245,2871.0585225660643,2759.901391068041,2749.887235077228
292.426204367137,2603.506094266247,1572.553854699605,2439.719334958876,2831.601765203506,2915.002384973517,2898.925157066045,2874.8093152048373,2850.693473343629,2661.786045430833
293.4336119258442,2528.753917643866,1623.1866363254544,2448.348387671088,2886.5585260227276,2976.009678117443,2878.51797302545,2941.8373278790123,2829.269585917123,2773.9907840608385
294.4409097799362,2583.4046115351625,1592.4002129880314,2462.5260508252804,2922.0643807967326,2980.0061702279154,2937.04932633928,2872.114562321575,2822.164743846417,2711.2761468315666
295.4480979473265,2528.6246382374275,1622.0805409280404,2443.5124194944065,2838.3935273835386,2876.9909289065367,2968.0412094223266,2896.7844681490997,2793.858064087772,2707.756168382623
296.455176445932,2572.539894464411,1565.4220906882747,2507.4372744357875,2920.740271284172,2938.4955312919788,2986.829294646563,2895.0937846062297,2812.235904569799,2680.057857845017
297.4621452936626,2561.821260429579,1558.5561319216079,2469.27275986064,2914.2932094049015,2976.320395956425,2966.4748107895166,2852.266022853378,2806.9763310855997,2743.9645860173855
298.469004508428,2617.490251187978,1601.1717302163133,2391.8616019362357,2918.3284501903017,2969.78761580912,2992.548400602059,2927.2348442397124,2836.1917050679567,2731.294175152673
299.4757541081308,2667.461249400339,1612.2127834742541,2450.6429972119445,2959.8675161131277,3033.4663723605645,3050.374217714705,2932.019300235719,2907.1548217737477,2747.027580478649
300.48239411066965,2665.177064590871,1644.7892887389019,2478.6545679297583,2975.382928021919,3116.0228853974104,3021.2654673075403,2983.362500071592,2880.6255099320488,2787.862984854597
301.48892453394,2633.349298780944,1676.7693899426781,2544.2020612033466,2939.855531351111,3055.0457821536247,3089.102030216977,2977.918396833681,2977.918396833681,2872.744689579212
302.49534539583334,2650.4617169333364,1614.937150521787,2492.07557802431,3031.390405448718,3058.4563912116528,3138.651904583312,3055.4490594602157,2940.1680089884553,2800.8283045051976
303.50165671424116,2670.994124956522,1639.6991566200604,2541.3342159780495,2969.211915607007,3115.827351144202,3107.84827982245,3057.9790840614996,2993.1491295722635,2842.544158374192
304.5078585070405,2658.901912967411,1640.8315129705504,2518.8551555044287,3052.2247211613203,3127.710916673283,3081.028664185622,3011.501905161446,2943.9616249665323,2847.617401747317
305.5139507921194,2722.798499382911,1649.3971180039703,2489.0178463485727,3119.7282038965322,3143.60367484472,3018.2574523667345,2984.4338685234684,2933.6984927585695,2903.854154073335
306.5199335873476,2705.353379916581,1633.514362315065,2571.621154984784,3059.0008191806673,3113.484318226955,3151.127463022572,3046.122901224272,3013.4328017964995,2834.132559480534
307.5258069105985,2732.7383040221803,1632.1071293252933,2510.6289498491146,3003.4340794206037,3122.421233441889,3076.809491067063,3110.52251803976,2934.0249062415205,2861.6410542119056
308.5315707797417,2707.262969750176,1705.0502775431355,2526.844858986891,3075.038349383027,3164.2560964637723,3117.6646063216053,3125.5950727287827,2954.098736673572,2851.002673380266
309.5372252126399,2746.7853881248984,1687.2683876348526,2593.578235002394,3061.1585075191283,3149.7003038042117,3133.7826775057697,3096.9731666906227,2987.539485888834,2825.378667973456
310.54277022715536,2819.354146841767,1655.8741961028406,2530.4696198238253,3076.471303191069,3099.3041008591536,3172.766145530383,3049.6675841894044,2984.147382185335,2884.8743488458363
311.5482058411435,2775.6727754067156,1630.5208835064225,2568.369386794652,3112.5407819013185,3256.058512478901,3150.413516359292,3108.5541782741634,3073.6713965365566,2938.1268732132844
312.55353207245935,2704.6821989562195,1653.1366463389425,2608.5465546547343,3132.8326972886075,3146.70794491975,3283.4782429981515,3085.26041969612,3089.2247761621607,2963.3564583653706
313.5587489389509,2807.5159468819293,1644.0765816721216,2628.1441197073336,3047.3390528280734,3286.1711542041926,3206.890788602161,3121.6643955799777,2983.9147603464485,2916.5264495847223
314.5638564584588,2812.156588038625,1676.0413781992227,2577.234416064882,3117.1605844247024,3215.8673793716534,3225.738058866348,3157.6303703529525,3121.1088562225805,2970.087459953746
315.5688546488309,2793.808434651721,1638.9813686238078,2580.502748057218,3093.4285153565575,3272.0100204124205,3193.632582082347,3160.8926394887726,3053.7437364552547,2922.7839660809555
316.5737435279007,2832.6330079227673,1664.7409920776013,2598.064865757255,3130.5444458629327,3223.579911531954,3237.4362574826596,3187.949307658712,3056.314021127011,2935.5658635565787
317.5785231135014,2805.7768245647244,1677.1298309148353,2591.9279205047455,3218.624014347184,3262.1858281371797,3267.136034249679,3183.9725715596874,2978.0439972797076,2971.1137087222082
318.5831934234629,2784.006922434482,1660.3056930734801,2592.9282111863117,3182.9951122428374,3328.5317472349675,3263.188768258909,3151.3136678908095,3130.522720034791,3015.6774842586883
319.5877544756113,2773.299483220928,1716.615984084306,2641.7087478415547,3143.3365887238274,3302.630636814648,3272.948516052383,3138.389568596783,3146.3048008000537,2934.5723393625663
320.5922062877653,2868.956015932906,1667.1493549630736,2575.1591455727666,3171.6259461361374,3345.1435608454813,3254.4411713383242,3171.6259461361374,3030.642884184795,2995.150644812429
321.5965488777474,2798.081088794175,1703.007598275294,2593.1261045831366,3190.1688846761613,3269.378540409896,3314.924092456793,3202.050333036221,3053.532228535469,3101.05802197571
322.6007822633728,2873.8703330070875,1726.3110374049495,2623.2767953192724,3243.7941267367196,3290.5318103530976,3352.185775974703,3200.039699521387,3158.2741099067507,2995.189426649601
323.60490646244216,2823.643284220538,1740.9304012721607,2617.887883955441,3240.148147863964,3397.9605422420486,3353.013974222974,3272.1101517886395,3214.1790196751654,3081.3369408632334
324.6089214927742,2879.5964035343763,1744.904300565489,2677.873363006574,3332.464629519292,3446.4381474175,3422.231382554164,3303.214788642761,3226.560033242196,3115.612360951905
325.6128273721588,2894.5290532555814,1743.9713857241252,2700.082792455607,3275.361626221335,3394.2458685757238,3347.9011639290975,3293.4965106482755,3227.0019344161597,3105.0952113239478
326.6166241184037,2859.4859873351634,1739.0261245524084,2666.3726178070765,3284.93887957673,3498.1682250973263,3407.646333131035,3343.275209955006,3165.248822421301,3166.2546212209263
327.62031174930235,2989.690418362225,1727.7359295030094,2669.4025296765794,3336.247976151425,3532.260122539486,3494.8763626613504,3316.04053837946,3271.584175281137,3144.2773173177575
328.6238902826408,2989.1176771658475,1748.5986277059046,2699.3614028394372,3303.020307686125,3451.9228375483076,3469.0265065189637,3325.154467530503,3222.5324537065662,3166.1909559208757
329.6273597362088,2979.9476743650007,1749.9692718586414,2700.9525733086803,3321.9416692082323,3486.938771983476,3440.93957969462,3298.9420730638044,3227.943319748397,3192.943934311224
330.6307201277887,2900.714752231453,1717.5680506645278,2767.360081631113,3346.901432059658,3549.4401047007755,3509.3334368510496,3398.037433568059,3238.613428865397,3144.36275941854
331.6339714751593,2940.584647184798,1740.7941699559701,2697.033169278114,3374.785027879091,3469.610398375546,3445.6545153027573,3417.7059850511705,3239.035023799956,3086.3162692109286
332.637113796096,3005.1673335803202,1770.3167565091342,2770.7146093737233,3327.043107491072,3476.0596694867904,3370.7546323431493,3353.866088650301,3246.5741640133842,3049.8723021790356
333.64014710837364,2963.160653455513,1743.2105650261697,2710.449627826364,3343.713727344114,3455.6993975248743,3466.6006574539747,3419.0315232178996,3276.3241205096742,3080.1014417858646
334.6430714297567,2963.5430577056554,1777.1330228787683,2717.3257450386527,3401.373037085285,3477.8195414214106,3470.869859209036,3495.690152824661,3264.3650163270336,3175.0119593107825
335.64588677800566,2928.672951942726,1693.2009725541673,2720.614318685631,3399.2817652623453,3490.4312617368823,3435.9397149314527,3401.26327605527,3284.354139272712,3074.3139952226925
336.64859317088485,2970.822907277052,1818.4856417033895,2767.9956405151647,3402.32797479989,3573.339199716775,3495.787597719583,3428.178508798954,3306.8798492648843,3240.2650116519117
337.6511906261512,2953.149363041563,1722.9182923686594,2775.7026574408783,3349.6783141045453,3569.751881944501,3487.4721245989317,3418.07955816291,3232.7022735409655,3199.9886350782695
338.6536791615508,3026.597786238275,1742.8274842619614,2690.7507567738835,3424.049892113295,3526.393809376112,3486.6485987886103,3367.4129670261045,3286.928915586413,3191.540410176408
339.6560587948407,2985.723083117417,1809.889964641465,2807.115520817272,3428.272931927775,3610.849551167923,3468.9557655628078,3425.2961392227726,3320.1161303126873,3201.0444221125913
340.6583295437558,3021.117938010352,1792.357379175555,2840.8864459932547,3449.2922008134015,3673.336873210346,3580.7317419529422,3418.4238237276004,3377.5979056463793,3215.2899874210375
341.66049142604237,3090.6891734397095,1789.8171065482047,2777.6450931717004,3522.9881414288648,3564.727352131266,3619.3858423367915,3457.3979531822342,3348.0809727711835,3284.478365986572
342.6625444594392,3053.1552879475635,1795.9736987926844,2827.9143876017406,3494.7068326783615,3649.49793599972,3548.2883684434473,3395.481766446722,3387.5437611481902,3188.101378022594
343.66448866167053,3115.6702930192464,1771.1692589297306,2838.832072715944,3467.9196414338426,3724.9128280236464,3591.951102143207,3468.9118931195176,3352.818445895552,3222.8334750721374
344.6663240504748,3090.0066259779214,1795.2503284730883,2739.8586280277987,3514.3385217988334,3642.9239447748673,3576.6529960102957,3510.3820472457246,3441.1437425663216,3269.0370995060916
345.66805064356964,3001.8642380015613,1812.1490150665593,2802.921791782298,3482.4776724322574,3702.1022541495636,3575.054850375875,3556.3424420681226,3395.809676059509,3202.7764114111146
346.66966845868234,3087.6176570922303,1828.4932945324074,2830.0694920231754,3574.097524444889,3654.026265328389,3573.1107498660804,3534.6265412925436,3406.3458460474203,3265.2370812777854
347.6711775135264,3150.5259901613585,1830.0412139200341,2830.318345472209,3502.4569928382884,3722.537788878509,3610.5146809841626,3464.7855052278,3406.2955639378315,3263.5404529928232
348.6725778258151,3069.895903672138,1843.9277502445614,2807.1884422233716,3622.178635126931,3758.507885954511,3658.997483890584,3598.2961386315887,3428.1333511022744,3309.7159726462014
349.67386941326185,3218.3174063283313,1809.3028204731415,2875.0702451434377,3655.632302648444,3703.6668908025977,3661.636626167713,3611.600596840469,3468.4975529645512,3298.3750532519216
350.675052293569,3163.682428973621,1822.5127629030487,2917.019057775236,3635.039154502519,3694.9573823239893,3711.9342135400725,3630.0459688507303,3451.2899225166775,3336.4466525255266
351.676126484439,3156.229007050772,1826.2897710423774,2880.033951265733,3549.5067495272947,3841.713112894075,3702.614878277697,3609.549152958825,3449.436077141411,3327.3498568306327
352.67709200357064,3095.7243730260866,1809.007649137416,2848.5867129945923,3593.0013650732635,3807.120633278688,3692.0565405514735,3622.0175275870824,3544.9746133262524,3418.9043899903486
353.6779488686625,3178.4977216630564,1842.0725735524522,2908.220695440688,3659.211842102841,3848.7049601185236,3802.8276789147267,3622.3105506997867,3519.585334091285,3379.9588260797295
354.67869709739534,3164.8207360496785,1904.458709256025,2946.145936448256,3671.7486805802487,3807.9234421502256,3704.5499005204624,3612.11009887077,3537.5618717339216,3330.814788474395
355.6793367074679,3243.9255663574613,1833.3501437586021,3002.197902259067,3693.55891686147,3867.6426255743054,3785.077209441932,3689.57986066232,3574.1872308869547,3411.0459267217834
356.67986771655336,3159.5660626546346,1863.3083234735927,2889.9683287190537,3747.507984263227,3777.352751857572,3779.342403030528,3637.0823441641514,3445.0810059738665,3433.143098936129
357.6802901423325,3252.519662597242,1835.0598889310454,2941.055443611108,3728.643309455027,3837.754978526603,3842.714599848038,3628.458958762035,3579.8546698119694,3423.130636054615
358.68060400248584,3260.6661514059388,1824.5031130468196,2990.516534231886,3671.8497598987983,3885.3871411209357,3880.4211555111183,3715.550433265189,3541.740936921589,3430.502859261685
359.68080931467557,3227.3749411471017,1908.8439553541418,2942.6357440646493,3719.4677695544065,3829.5933823632995,3938.726872534274,3712.522911088981,3568.6651285908774,3483.3425817299335
360.68090609657884,3262.663543296465,1881.0051098700046,2986.132913712191,3759.0260762552866,3950.011259277519,3874.412957664552,3774.941508173806,3622.750190452965,3469.5641582372164
361.68089436585433,3207.6287634585456,1898.2104703408884,2954.864444953623,3736.946983386501,3923.2987162450318,3885.6318766246904,3821.201756221475,3565.463739851789,3496.0774563406335
362.6807741401643,3251.531697021124,1925.5772246857223,3028.0450139487916,3799.2736122296533,3921.991746238122,3903.0352865132363,3809.2506962953826,3680.5463118474768,3534.8808844878313
363.6805454371606,3293.308512458864,1903.3987133769213,3007.1506126478757,3787.8531755468434,3980.2868851758353,3988.263411999835,3788.850241399843,3653.249285391849,3533.601383031854
364.680208274498,3284.9318597737797,1937.471946419972,3064.673989321715,3798.2024628634326,4000.5207782560533,3970.6215198236464,3771.2931302742663,3679.602071081552,3535.0889886582513
365.67976266982436,3246.011390690458,1912.0341068450643,3015.776792811957,3817.15129444056,3993.0386696438786,4012.801296071218,3744.0295766594054,3532.569473886876,3577.035383348389
366.67920864078417,3308.7620044569912,1911.027219757976,2969.199316648756,3867.4610780019366,4073.7651528621727,4010.5906993164544,3857.590069635418,3593.047045412723,3468.6723399945904
367.6785462050175,3327.545469338785,1966.63443814349,3063.0331374084853,3839.853740475164,4046.3503564802304,3913.6025319055448,3856.5701331993837,3679.5730337664695,3520.275644276847
368.67777538016156,3326.6821882430195,1923.2842075012081,3049.5405701973677,3894.724228067086,3990.053082501229,4042.139982346688,3861.3099904303763,3642.151902401368,3549.7713630528174
369.6768961838534,3419.1161515814188,1942.411675769099,3009.411716176404,3902.5084350808606,4038.0940755746064,4012.5489549018716,3879.910828331903,3670.63733974373,3540.9467270975383
370.6759086337152,3414.286173390974,1963.733663583688,3056.3447906028096,3870.11760285325,4053.0434476483065,4066.8864845517164,3872.095179553737,3724.7657153674486,3563.59321427775
371.6748127473766,3386.821744519578,1913.3858363567306,3052.895785507554,4068.5459575767663,4085.3908872598654,4030.8925853439564,3922.8868597287915,3751.4649282478417,3580.0429967668915
372.67360854246004,3404.248417878231,1951.650270982546,3137.889248474728,3949.839132901764,4178.5713564415755,4107.278195857738,3956.7704124029706,3756.7534896538714,3595.353695554351
373.6722960365805,3350.740026655902,1966.9535849690988,3081.8900894138947,3982.3396953972356,4168.162446138035,4032.7490586301124,3960.5944798850146,3879.5441311576446,3667.0340704700284
374.6708752473533,3372.8111840108536,2004.6793799888403,3108.490495390103,4013.3186204813624,4202.4019595321615,4134.094365843653,3901.4525612523553,3787.606571771508,3609.412849105833
375.66934619238236,3481.9331823559655,1939.3294795706113,3056.6589005414967,3989.8996856343592,4252.742818144691,4119.844605077669,3913.114051417858,3890.472133636069,3672.912836689315
376.66770888928664,3359.2683707936003,1954.6791772945278,3155.676348321261,3987.6629786168783,4160.911959278436,4147.208650073568,3987.6629786168783,3822.2444603581025,3592.224627276373
377.6659633556592,3416.643761451727,1888.3763720105947,3150.221668656434,4046.1025521219253,4199.319653106764,4090.018281703567,3959.246998060456,3706.4875766905625,3706.4875766905625
378.6641096091007,3460.8170926737266,1978.4467916921474,3096.5719528409672,4012.5557093104803,4196.143072014392,4131.692189363019,3966.6588686345026,3862.170316457277,3635.6156986524506
379.6621476672081,3438.03391812068,1942.0061019188627,3068.1744645391477,4060.646929690647,4161.162823408055,4154.331646165125,4000.142216967547,3786.423957510144,3637.1139406289453
380.6600775475708,3406.2296893927014,1976.4903605403144,3092.4082416146043,4179.088099603979,4265.827568089228,4200.529316532917,4070.9074141897895,3897.4284772192887,3683.0163079299055
381.6578992677751,3490.2416361610503,1998.8943413598172,3190.9942445484753,4049.619113293054,4337.131313077685,4256.940835586734,4008.5459418952496,3889.238158311151,3707.342684978017
382.65561284540314,3445.8710790750038,1975.776207701251,3227.7532106010535,4165.75785574239,4337.904693641113,4184.341889379184,4027.8447640167087,3904.6032777937594,3611.171167739118
383.6532182980408,3538.450668465402,2038.2102991991237,3152.3666021747986,4297.879986676614,4356.674514538127,4238.105550017409,4118.556676698999,3935.3137315306158,3785.387685483757
384.6507156432563,3474.5619367320123,2049.9817247517494,3217.332429124274,4199.124442894269,4193.233690811649,4124.5082498477495,4122.544665820209,3947.78568736915,3770.081332876781
385.64810489862435,3583.430953288949,2011.7159389315725,3271.268135178877,4261.270215470819,4340.549661340043,4278.117097718029,4181.990769601594,3961.990307314496,3763.7916926414346
386.64538608171637,3582.4534785279343,2033.2307948455882,3346.400342345861,4330.285683071141,4492.944146658788,4310.449285072647,4205.316375680632,4009.92785539547,3802.6374963112125
387.64255921009317,3538.1600217054092,2077.761855960749,3256.8171483863225,4294.703931938007,4414.00126338073,4301.662942938833,4249.967432646987,3999.4430366172696,3934.8236487524614
388.63962430131517,3558.322058234843,2094.874413623401,3298.4390531485437,4332.042183643864,4436.785904325033,4376.508857517945,4276.70587837834,3985.2021274260264,3810.2998768546386
389.636581372939,3594.270559762965,2059.737088125389,3287.1682588743743,4343.443688682266,4376.696804065107,4320.9489341585795,4171.309914935795,3988.417780330169,3912.13122151071
390.63343044251815,3502.4028853749046,2066.7200540544204,3225.4097304190504,4269.010701555544,4390.926702856536,4332.40702223206,4223.1702850663705,3894.4847455588956,3755.9881680809685
391.63017152760216,3442.870297798368,2062.4191992736837,3189.318055212201,4331.760343646422,4416.277757841812,4317.188375681701,4161.754050724664,3976.2043253072006,3837.284897376849
392.62680464574083,3492.502250866737,2073.037792931989,3207.8347538457165,4315.520524566966,4415.250974203582,4305.837956641081,4104.440543782672,4027.94825716818,3792.6618565691733
393.6233298144653,3584.4939043561867,2104.870743403091,3377.6961791048684,4362.169857061849,4446.6365335729515,4344.693992956104,4154.401250471323,4006.8272869116963,3850.5153912991977
394.61974705132167,3571.2354826918736,2134.3521540917286,3352.7277667336707,4330.159603296702,4417.952882029908,4342.840854669276,4183.8374720746915,4060.9268818482024,3862.9042642610816
395.61605637384133,3513.381416092047,2093.862771589792,3277.6035414412963,4384.692245048318,4473.957942446956,4407.978948717528,4184.814705220932,3983.966886073997,3925.7501269009726
396.61225779955566,3574.2058354867336,2088.834192128919,3388.8982039509124,4455.144733049697,4539.551874115751,4387.230941387354,4242.6715848489375,4106.844001524252,3909.8940057034574
397.60835134598534,3604.4838263416473,2163.274175474482,3379.690153586539,4377.151255638426,4593.186733351127,4541.610695879176,4229.2350727,4003.4682671624023,3907.1281216959273
398.6043370306616,3586.411480597207,2172.782296346535,3542.3884264163903,4492.308106629126,4596.006856477272,4403.283708174586,4301.541538512253,4041.3163737989807,3957.1834258089752
399.6002148710977,3703.802588727294,2157.5166820330132,3455.766911778243,4577.833069404901,4743.190187370935,4466.610722201557,4324.876049659242,4210.700896777933,3939.0427744051635
400.59598488480697,3725.7744722726957,2158.1204933631593,3524.9960762357014,4617.903108850867,4712.852498109741,4627.793670231999,4388.442084808587,4158.9810607663085,3996.7758541157323
401.5916470893062,3782.1893468821454,2162.8065226216927,3453.561536579902,4523.5816056664235,4776.9813630079125,4559.21594654257,4344.420058483574,4195.943638166295,3993.025863732681
402.5872015020977,3690.9879232587364,2183.498320904062,3410.5476251705622,4526.404811247717,4677.940972319923,4525.420810201794,4325.66859787934,4125.916385556887,4041.2922956074726
403.5826481406912,3639.8756859715886,2206.074358945085,3525.2107814862156,4512.112993595367,4618.937562731313,4545.434418830433,4387.64766992321,4129.89664531079,3884.886165641189
404.5779870225779,3679.7834014990744,2165.954627319455,3546.238944279108,4654.56046149883,4738.391288658809,4536.6124372388595,4395.269763538895,4227.608109218937,3974.1660736190006
405.5732181652602,3671.7386282393936,2232.853525052982,3547.0417472591225,4611.83620750472,4702.436285091948,4504.6748254122995,4412.126359059755,4207.545538701496,4017.577634083115
406.56834158622945,3758.753391042756,2189.121315197217,3506.873150866799,4601.920063755322,4644.710529267841,4575.662278099914,4407.417947789332,4137.060006596606,4013.551162958203
407.56335730296996,3743.5979436996195,2190.403052164671,3560.983409860614,4625.587287985882,4733.4075712631675,4487.655033703229,4343.894656000181,4136.024920672802,4068.030147434875
408.55826533296926,3693.374650952001,2236.1247886716196,3600.6054289500667,4637.494754034185,4687.744749285232,4548.590916282331,4424.898620279752,4139.826531836309,4032.5621188965724
409.5530656937117,3693.900330187788,2184.647828028927,3542.202095335713,4725.834819499992,4815.694283456954,4596.359892938349,4443.695427291037,4184.74557416775,3978.9384147824508
410.5477584026703,3597.5149602757638,2213.339206841657,3514.1193297018253,4656.73532561142,4733.420962920789,4604.9725204275965,4367.247044768553,4185.118656158802,4000.1145561499497
411.54234347731835,3710.6521141977573,2199.2963980835493,3524.2547785803663,4676.267177576511,4700.287452784938,4640.71717026804,4475.457676834064,4144.938689966112,3955.65892132371
412.5368209351254,3732.3663780256647,2189.603451981947,3655.1316883613986,4758.622316939602,4826.2026703958345,4717.108671245059,4527.883681567607,4196.739949632065,4040.3397030619262
413.5311907935575,3762.0948491600116,2234.3799606580333,3632.2003091477873,4742.120072685075,4851.658005680458,4633.5515019285895,4357.283263842889,4223.511274875076,4049.995434112478
414.5254530700768,3700.389936710639,2223.3394558101427,3614.0183908498348,4780.519493374405,4929.97138171782,4706.764016010123,4363.218766181755,4232.205747179411,4151.657002163156
415.51960778214203,3824.594057124395,2259.233284573354,3737.738004283346,4902.975387341914,5002.518279361992,4714.624621068628,4549.695711741242,4337.923088522056,4032.463037519265
416.5136549472045,3820.082276721598,2343.0750300157806,3759.47708195273,4872.853160045334,4837.663046953733,4792.697902447799,4612.837324424059,4201.308501880611,4165.140885647577
417.5075945827193,3816.7459643631973,2288.4940824228074,3774.995754119591,4910.989846794468,4989.635591671959,4788.652021429481,4560.4822677725615,4301.242590213423,4174.0500892387145
418.5014267061306,3831.465790680565,2305.463747184843,3738.511351482856,4868.488752980005,4925.617002070264,4701.945382750777,4579.9426813037835,4314.635219426989,4099.678078782287
419.49515133488603,3817.468431441439,2294.9278440724174,3829.0687406785364,4882.763496381542,4899.197267800763,4841.195721615277,4499.953291557331,4265.04702950611,4051.4080010562348
420.48876848641515,3712.6855175860137,2310.88830550761,3803.498017886062,4911.6037396323945,4991.78924521648,4760.893632751464,4465.269961561945,4258.526609815027,4170.612380801151
421.4822781781622,3740.4269565023465,2297.346104896925,3776.14200099024,4954.738469090721,4947.016297309555,4699.906800312238,4618.8239966099945,4359.165970468283,4140.049346177694
422.4756804275567,3744.8215052606506,2336.396655635978,3899.8063580391567,5032.164438652116,5042.8196472806385,4828.746819380327,4631.141132087731,4298.892353943809,4157.468675783423
423.4689752520244,3871.947013871991,2306.2150432398093,3796.92438677885,4986.5689021129465,5019.695776413814,4874.522121389424,4591.9693699996715,4309.416618609918,4196.395518054018
424.46216266899137,3806.91184222248,2349.1741196171547,3820.581184564392,5150.412918113255,5083.042587999546,4853.5929129745955,4627.072382737198,4345.874483132151,4011.9519773511593
425.4552426958799,3819.039551025125,2418.6925658699565,3933.0552763300343,5126.809665206221,5172.61085400392,4768.196101854028,4580.118879769861,4430.046899453998,4196.168488572132
426.4482153501012,3874.295063545753,2358.9418703122474,3906.3300765993763,5087.742527698144,5077.0641900136025,4810.1057479000765,4633.427797119489,4362.586323120675,4157.756391171752
427.4410806490741,3922.355807079227,2422.660132763291,3983.6274202322124,5032.052800849968,5109.858023901378,5002.875842205689,4719.859343356184,4443.650801523677,4205.372305928732
428.4338386102027,3810.4392326599755,2410.5275451451516,3939.557300925906,5157.927042833746,5089.970164799045,4781.251776012836,4644.367207400082,4417.197072255513,4198.76425000112
429.42648925089446,3867.6711804269353,2452.622315115579,3982.8495764406503,5029.1339973719605,5214.000162402377,4942.024286101084,4598.424869421514,4398.072533498497,4204.495397340993
430.4190325885539,3835.7314243264377,2401.4508513089727,3957.839094731979,5095.572468193131,5144.027892957234,4967.650146815897,4529.613106948401,4453.053535821117,4186.548699618547
431.4114686405737,3841.732575792288,2398.4082359250083,4003.182603028116,5237.3999799092335,5116.798754745121,4991.3345769534235,4670.379703532802,4469.053464750776,4223.960652320483
432.4037974243511,3942.6539430340063,2401.869072889626,4069.427381716772,5236.718197895774,5100.192956237412,4864.199324227956,4717.922279593995,4374.658814852969,4191.324918911739
433.3960189572754,3882.6294669488516,2498.3452424261327,4053.3480992895675,5212.283729122541,5114.730224927846,4925.476426790138,4759.635469659157,4412.344994726044,4232.846547007805
434.3881332567325,3833.572489729222,2471.5681748483958,4133.957062048485,5233.736408259726,5255.2623385236475,5002.821883610391,4703.415762666761,4437.276988494646,4243.543616119356
435.3801403401085,3883.3787090200835,2457.7106806960187,4159.503972747684,5293.380055714214,5264.984195259957,4958.504735874358,4725.462846629078,4427.795895660317,4246.649889314196
436.37204022477823,3884.8150578097566,2479.189841481718,4161.042452237984,5254.197672741183,5223.832249949428,4911.362254124589,4686.070407605112,4435.3107871312595,4294.258500614718
437.36383292812036,3930.0407551529456,2519.63178374761,4113.286703061863,5266.371577403612,5254.675027537086,5054.8589673172555,4705.911896299212,4385.231487458606,4184.4407147499
438.35551846750604,3914.371647032669,2495.740311866467,4193.622122473478,5384.5718853290555,5138.403347745346,4990.507625560666,4675.256217745955,4432.979672851315,4212.109087746563
439.3470968602996,3860.280551323024,2509.3282495372646,4212.3645925371675,5320.164932158464,5255.000206298388,4935.012224089954,4656.846379373807,4396.187475933502,4223.063278872404
440.3385681238688,3903.386565132405,2524.345802600597,4147.835174874978,5339.887359436371,5333.0700675312,4978.570888462289,4759.4436486532095,4539.342510000533,4226.7209812062465
441.32993227557023,3881.7093881589103,2569.992823950017,4140.166133403033,5461.599116606066,5280.873723315063,4962.175180307273,4706.633360761392,4424.857209931333,4248.0183842379865
442.3211893327643,3866.28704356694,2534.856867791317,4217.3269005449265,5378.085764640645,5210.323623046193,4928.134124757259,4703.158304815565,4445.211890572073,4231.872750972191
443.3123393128044,3861.6776817263362,2531.4688493566314,4309.605145687563,5310.170389860694,5247.1502921172305,4974.709561872415,4757.53260964879,4476.366019716418,4185.504030131206
444.3033822330326,3807.6193214644213,2586.5618354712788,4317.035260021497,5313.718618067951,5199.124106369856,5003.639351120165,4664.670711475381,4368.073151786195,4186.070103795104
445.2943181108022,3864.5070897447217,2508.8091988827227,4195.750554579984,5346.941610630647,5224.04548454684,4912.964665397203,4652.770523454142,4395.45675946617,4132.382239568021
446.2851469634516,3845.5846193068455,2590.9014858437986,4257.0976653738535,5355.425026088829,5141.514981163555,4909.379416715498,4711.776415573765,4336.71440855232,4194.747203848549
447.2758688083195,3871.4147306537607,2553.67063163213,4334.405900580279,5413.435217602374,5210.3351409818015,4897.503269409829,4761.782365127835,4370.983165564079,4168.845648548344
448.26648366273736,3857.4968116517143,2614.012310490533,4257.875722242312,5363.729972887975,5204.9258376777625,4969.125758123204,4671.728923093169,4370.482290845917,4159.7058932032705
449.25699154403634,3773.273090861955,2629.181814788022,4357.4280777142685,5379.457117729509,5223.488704987847,4981.301728680917,4657.73992833486,4540.521431802306,4148.178530185081
450.24739246954414,3830.013013637743,2623.2304066666175,4388.476061539513,5397.187864324024,5364.33709680039,4988.48566836823,4633.8906189219515,4482.197368886349,4218.425029652469
451.23768645658487,3885.2260401168955,2726.3385320132516,4420.618514620918,5412.014344443919,5321.007305378136,5012.164268548509,4696.544111788453,4488.389713925225,4156.310837334123
452.22787352247184,3811.805387235495,2613.975007060124,4511.183770499179,5482.005973786476,5254.031804656324,5037.649542431096,4634.830777485024,4474.476065300257,4167.290532319798
453.2179536845288,3743.830472416313,2680.242270025315,4492.209807553251,5473.6116488504,5252.19192307991,4959.221718239481,4726.199212079271,4376.182003656052,4185.703025591482
454.20792696006174,3782.488867101407,2641.170688244288,4483.128731344769,5420.53654971175,5337.426165815296,4960.530238843005,4696.703089962401,4354.59755624909,4186.443988830683
455.19779336637663,3762.2783404511742,2728.7497379770384,4569.387079116056,5469.210848220073,5316.963008762126,4979.285108425912,4694.30838328668,4349.798849128634,4181.9358466493595
456.18755292078635,3779.5876834830433,2737.9843749902943,4556.161899450041,5564.636571377071,5198.272825826769,4913.756300027066,4630.21414589106,4397.33931826733,4116.720279122417
457.1772056405825,3674.267581756579,2731.2023349999395,4559.118924392438,5602.118039889751,5270.298786401304,4893.848873086925,4621.213755454604,4330.1442348507035,4077.8839836606553
458.16675154306364,3699.928003674837,2697.6031472482073,4552.8679055378825,5378.822138189441,5204.379062215191,4922.957083295407,4495.041471513269,4310.960656534917,4023.756034212671
459.15619064552453,3663.8208964345868,2703.4484465172636,4628.995208601496,5515.418979875185,5165.843408105279,4865.246831281158,4466.692264565469,4279.419636831591,4064.29620805011
460.1455229652565,3617.794580624917,2685.0000337637653,4529.627452275706,5462.421999136858,5103.215110304729,4694.462443702651,4421.960665967933,4183.759811304717,3965.5678284332116
461.13474851954015,3597.79610051268,2747.3210594884345,4627.922049079126,5505.153608247955,5107.62819581415,4683.346265235762,4493.183868422476,4141.526772807956,3932.2525773199677
462.12386732565943,3661.8181097334123,2717.2977208937523,4512.174716165863,5465.342799308226,5147.299819953264,4683.206892374876,4376.694172090184,4252.743887084776,3965.4482652505358
463.112879400891,3662.683844163476,2840.5077075657273,4738.356257344118,5523.9055555002315,5079.564173353031,4790.40492249802,4473.293610727024,4154.254570616995,3931.6019474586365
464.10178476251167,3616.6807595122327,2805.6792010524687,4684.499478150922,5562.11902176988,5139.239637715861,4834.148575247664,4401.6144107357895,4247.1379234101205,3980.665982773341
465.090583427791,3587.9714137836404,2817.6724661916724,4710.600080512285,5436.495830624014,4997.290290330348,4788.788319553575,4361.166222080841,4204.789743998261,3930.648263902874
466.0792754139948,3523.5430892321597,2795.5303602189015,4739.7865769884365,5588.171781036956,4979.5685472586765,4681.04480917123,4364.224454878423,4066.6636965912576,3797.029352512273
467.06786073838515,3557.485309565811,2813.7868720057168,4686.450205758841,5415.77302919084,5069.799915841363,4660.57410032827,4280.099513071366,4022.29683304087,3834.4554751004334
468.05633941822816,3514.445360233232,2747.1870518258133,4779.798950003769,5427.322815775822,5051.835603671318,4658.1487562862385,4283.619419722817,4100.665191375979,3836.291542037093
469.04471147077135,3490.9173742418666,2838.935813780506,4822.563460396475,5508.9100811456965,5023.980897083659,4527.596692925669,4334.77052131045,3866.069282384348,3817.3854469765447
470.0329769132695,3468.3550137408392,2851.1862310427305,4745.617764950681,5402.850054408172,5035.601242447165,4578.686486786586,4241.962251404157,3951.9787739076723,3762.154063309645
471.0211357629705,3451.9749297050275,2840.7868698951465,4950.432883195296,5401.683880625021,4916.160655542405,4428.7334178124065,4214.531994981841,3880.377775366159,3724.2487382807685
472.0091880371183,3409.277792211699,2811.0749229999324,4883.249661949491,5385.740072087375,4939.720012803082,4464.029091205885,4229.533566474873,3923.2536974384484,3687.801048116697
472.99713375295687,3466.71581852022,2842.1339603074866,4867.727417905665,5310.855831071885,4923.118469551442,4504.820527812639,4132.3634564013755,3967.1453195958666,3732.2108591672236
473.98497292771935,3468.110744526229,2883.5546990350495,4930.935938562258,5371.983953245456,4864.9222443905865,4517.632809835271,4102.416240697509,3856.5391479131667,3643.1905421119673
474.9727055786425,3420.062515786566,2914.0964165051687,4879.506396857718,5329.8928867483555,4823.926787466958,4481.824708975559,4141.639168739013,3898.2388103725834,3624.173839928493
475.9603317229521,3471.7837058252103,2812.8142916892407,4972.397654706686,5385.568608127206,4852.8458742030625,4496.103361180251,4143.186505133557,3915.5599150546586,3737.666865665268
476.94785137787767,3444.786156126848,2945.044199922399,4841.965480248064,5441.84656889806,4830.521007968572,4519.612844375728,4132.40819891961,3890.166869003713,3646.971833064525
477.93526456064143,3558.717533377887,2882.2749781057896,4921.143441598697,5470.693387771797,4861.036416236014,4440.287238697235,4212.262174226104,3883.1046543828415,3756.2120452838444
478.9225712884581,3491.2512987913397,2942.7481047980277,4970.691574631432,5349.329592630274,4802.724333564275,4488.616103094057,4109.029117631558,3887.9196985996514,3664.912344640433
479.9097715785465,3569.6968343603257,2929.639461027296,5018.847504547572,5328.430150996485,4879.250421639626,4454.761332797098,4149.926886447093,3885.9269609477133,3743.4809579804214
480.89686544811053,3526.353945308051,2952.384578369291,4985.469459939147,5361.158500117244,4823.240101680422,4461.781706963617,4203.73266926553,3847.017823035821,3694.2755617512917
481.8838529143686,3655.294719004607,3022.2441990726666,5055.8236554203,5377.115862072505,4914.722033507759,4474.256159699692,4217.794427980277,3921.2903440964915,3787.815836881926
482.870733994514,3655.4590935243345,2914.2819373932944,5059.794757772621,5437.519187790623,4964.650065072873,4605.954573594821,4269.142361437712,3978.951048703479,3837.185456580854
483.8575087057543,3670.139790311984,2938.395559368267,5143.143781860585,5507.588567883267,4882.418269144618,4554.132495834368,4360.967243712684,4069.792036080984,3914.6889026039676
484.84417706528257,3727.9248444654213,2992.5871619862405,5172.033170572922,5452.884724139164,4917.748655857541,4571.428327980249,4357.943194357261,4099.863388377471,3851.2718105587032
485.8307390902883,3641.9505430457634,3086.4630317951605,5152.004477213359,5509.374428990624,5035.408975705127,4666.663853049009,4424.941471873406,4077.0508291618503,3986.997393037606
486.8171947979645,3755.8508188168726,3044.3651165353367,5229.845102428023,5545.4310580216925,4933.156509444753,4661.034487855002,4371.904839915892,4030.8074447981835,3873.0144670013487
487.80354420549696,3635.47657626886,3065.6674237707616,5161.246538329884,5511.608529617971,5028.44804163198,4652.6565509762095,4340.909725394605,4004.675233755231,3899.1899030448394
488.7897873300608,3599.789654109212,3043.2867390776305,5264.574265799614,5575.42224380537,4943.333194304304,4589.023188978594,4322.58206497366,4079.76160799044,3856.78251130546
489.77592418884166,3477.178386868633,3126.2531671412503,5222.371011856959,5637.443852394723,5026.15475996638,4663.909371860695,4348.831351997937,4070.5438793646636,3796.973143555683
490.7619547990071,3515.5485202807076,3072.5629598262067,5342.273624585621,5568.9613314280095,4991.852211091762,4501.640045045097,4299.510173110634,3994.4263009852534,3800.7972180573797
491.74787917773216,3461.6027434791763,3071.2458062909577,5236.9761212678995,5418.079219530703,5002.386615746134,4497.549999863294,4217.919309281349,3975.8229395828866,3759.062236480775
492.73369734218073,3362.1877737134546,3069.3307324515354,5343.2239528303735,5586.011887037836,4948.339297193334,4520.39013689769,4224.698995236462,3877.9940463876737,3662.6024160401976
493.71940930951683,3373.5681637145535,3138.6636690934897,5363.180931408623,5477.331308312835,4902.805857613124,4352.80858707465,4154.69636269544,3833.943237510052,3560.359689557809
494.7050150968971,3241.8713046825733,3122.3249470476467,5417.23848967718,5466.186604614315,4839.274209457929,4301.786255052079,3990.2126772791603,3734.1763837618373,3492.259738784073
495.69051472147834,3106.69622729315,3209.311345103742,5366.111665324532,5418.831358878598,4626.153109369255,4218.516907424426,3923.8514773811667,3704.4998952722863,3450.315658493756
496.6759082004173,3009.9712118943726,3125.7031465811524,5409.291809059315,5402.705438792588,4626.454657356871,4140.945077695259,3836.090225349596,3554.75812395653,3356.2261059166076
497.66119555085237,2976.269051506616,3115.723167441989,5325.462548136053,5359.156160039901,4491.545653515802,4008.603882893974,3645.461621263607,3403.054802288697,3236.458610097446
498.6463767899368,2836.6147588751446,3074.7895246022313,5367.8054064061425,5152.0470892180765,4297.419988667943,3910.7362513698486,3610.9162521604576,3350.3250378943508,3104.6781226542575
499.63145193480887,2773.226844869662,3104.2609840521536,5288.153812123689,5247.124228675719,4310.903733635658,3768.1942434829534,3453.9449338928134,3215.2273574682563,2964.3874041158892
500.6164210026,2639.3182356308816,3103.220947705489,5229.364239317968,5006.2446984404005,4163.968431627587,3649.8638228555274,3369.105067251256,3094.8539649225804,2905.202355176649
501.6012840104486,2643.6365570048897,3091.5215554148567,5251.033456462084,4943.460978300883,4031.8942076781077,3528.255889963995,3229.9756316868175,2988.377914702188,2735.6295338567293
502.58604097548965,2562.951919248999,3041.468913979833,5288.823048766278,4939.71045533425,4018.9841755895127,3488.333033572829,3094.534028181501,2866.4471338059093,2737.9736994229224
503.5706919148361,2368.870534692523,3067.8967710595502,5262.70884210276,4908.076357341326,3825.5630245918546,3322.0035121090823,3011.1183417407906,2767.2503338471006,2556.8909071907115
504.5552368456192,2390.9842039589353,3086.3737619134636,5333.805697876423,4765.189571398861,3793.881368465055,3219.6722964811547,2987.565057968182,2669.69932169138,2555.0439388114783
505.5396757849594,2310.12572581818,3119.641148361595,5310.421171884803,4637.829500811588,3629.4045744432196,3131.6682346393827,2859.6710526647953,2633.931894835546,2420.219823284084
506.52400874996596,2263.4716180619616,3038.9373645607043,5286.677577264099,4572.286698628027,3602.4918271116994,3064.8479145630486,2753.9213145349136,2539.233900229772,2383.7706002157047
507.5082357577485,2154.741235138389,3021.5911573205,5157.986362359797,4476.431344178518,3416.9481059559384,2902.3419616764,2623.482304170197,2400.5780384662257,2240.050275099168
508.4923568254235,2107.5010122199074,3017.868620090278,5119.907426662963,4348.826062796759,3273.681917901852,2840.3469365555557,2547.2085668212962,2272.2775492444443,2191.2548321439817
509.4763719700859,1987.774906732856,2968.943507862419,5132.965367020401,4296.246587723801,3268.7450248742302,2717.291931461596,2476.542228406657,2285.7594448536865,2077.715361836399
510.4602812088415,1979.2421206657773,3024.827958203698,5022.270006415827,4342.502712559582,3162.2374111786557,2720.8891681796204,2390.5604832133317,2191.271276580778,2026.5619322862924
511.4440845587815,1882.4326156012287,2980.7446707836675,5180.085134129211,4143.343746508524,3063.1407111971894,2622.1860773358144,2332.441759398155,2102.4572070351387,1930.4215182596536
512.4277820370044,1869.2363773346353,3012.907930861552,5125.208524171773,4105.789946721929,2982.9783818794835,2530.407323029419,2202.0892402564264,2079.650176238874,1848.3763886501633
513.4113736605941,1821.7342728008596,3035.3174525423274,5109.919318433455,4085.7602496449126,2923.8381910724243,2469.7641260608666,2145.2960317013108,2041.0674539042466,1881.5524131017833
514.3948594466418,1782.2023175493125,3012.020877917768,5001.142192456652,3986.339459394752,2804.202233115198,2360.6758613071156,2128.566725553596,1887.4611116700946,1807.3924563132605
515.3782394122245,1700.2589787392765,3048.8021159662594,5112.440981982268,4007.0483372293447,2768.86501761974,2318.453404254507,1996.346294298095,1818.6939049628038,1718.20366453072
516.3615135744221,1665.8824250466905,2952.0153080397267,4986.004010878993,3892.4328060499556,2710.1936656942394,2188.933681082856,2002.6414529055914,1806.4972318920295,1735.7420106131647
517.3446819503079,1641.3479942892393,2948.363833305005,5090.764284297423,3781.965340453532,2617.597887687782,2230.6641399846153,1910.5968233361432,1760.8160177736272,1644.022651531427
518.3277445569512,1572.7404540214475,3038.248604359614,4897.835470733837,3732.5777707088555,2582.511313705672,2119.625202806178,1857.7996613128348,1700.52561591069,1577.2084666749174
519.3107014114248,1577.728214652299,2914.177924619283,5050.703568338315,3752.8225412764177,2512.346065515116,2010.9531877489792,1826.182288250188,1619.8846820136737,1568.758753511581
520.2935525307877,1548.2070967531774,3008.6432476354853,5092.524570734589,3727.0982066197184,2490.1612684189035,2050.401683952484,1836.8558775037698,1619.6906506067724,1507.4886167099905
521.2762979321013,1541.390930080143,3045.43137071981,5098.797302398677,3759.645607825503,2490.639954396638,1988.6858158185298,1777.3367048382738,1621.5578342450679,1509.506365923639
522.2589376324177,1497.3601033848934,3017.657708353501,5049.0028486072715,3708.535256054987,2436.880168253846,1948.7701345523978,1755.1776211858462,1590.9451098464492,1479.0101021179216
523.2414716487947,1476.8089130440433,3053.724897930002,5088.010807378109,3640.591126434445,2382.3646271369703,1969.9969642285278,1769.782820544696,1563.1397823389063,1472.216845528359
524.2238999982801,1439.067891367552,3035.275380068342,5200.309832215183,3629.8328038964432,2321.255104466434,1931.6224186810946,1675.236759874232,1501.5561522953894,1417.9321560537246
525.2062226979142,1381.6129553702647,2968.588420364245,5035.048673452882,3584.6759492353917,2309.4114363488366,1855.596961957144,1619.0633571226858,1493.4621793617528,1358.6930324211894
526.1884397647445,1383.3572376016818,3059.435420008993,5012.732191889549,3463.4085619058587,2284.317653389725,1861.1945431410893,1555.706952767613,1434.4238198730689,1340.4977846239105
527.1705512158043,1362.2560474463503,2985.816742491397,5036.053208265783,3456.3478386918464,2266.772135287991,1820.909659665041,1528.5408231909753,1421.6434673551448,1348.5512582366284
528.1525570681297,1401.346059471847,3091.393236493486,4974.824336699271,3479.9941058303484,2245.4531364983814,1806.4441355258407,1540.655805083175,1389.4314101761413,1342.6893244776036
529.1344573387505,1371.0190617392575,3017.162082847668,5005.599795880243,3416.505890092526,2201.911821974526,1742.7584583450698,1532.0447904670227,1384.8212670587802,1284.5252417369152
530.116252044696,1392.5963584732358,2949.730504515256,4967.386614646446,3369.8074258500874,2115.091894948459,1764.874592916576,1466.1327998447598,1331.9287943417285,1246.4426812473318
531.0979412029847,1268.3452814956274,3069.265684848234,4931.422948902165,3342.9758955587017,2155.351930442094,1695.1476439594085,1484.5299563957599,1347.2109354291522,1260.9226317136486
532.0795248306387,1325.138147258411,3005.3238571788856,4982.780361034264,3294.2077008146857,2073.4404906117893,1700.6871439849508,1474.2394859091464,1314.887430226173,1257.110661499013
533.0610029446725,1355.670120564731,3061.9124318669715,4957.426431253559,3273.561068296266,2088.515178861759,1639.1114662673983,1461.9606252032313,1349.1435106307881,1211.152329170279
534.0423755621014,1258.6590304397319,3074.8573943631377,4866.814917700297,3289.295599549166,2145.314391882832,1652.1065199549666,1428.3449145434588,1285.6968910936225,1192.4628888388274
535.0236426999289,1271.2305596020128,3052.447809536648,4879.433095783185,3268.2114092927577,1989.5085172316587,1604.6833955887275,1416.007000996805,1308.592221897443,1193.7051103389952
536.0048043751631,1255.8476840330156,2984.3863671786808,4882.608998723758,3174.5815620879125,2016.6284636699427,1582.1629694165015,1370.5241986106405,1288.479212571364,1143.0358282290103
536.9858606048039,1233.0771138941993,2927.7487362904285,4801.877943154381,3134.0324545187905,1968.4831945737856,1558.6908754026451,1353.3321962694777,1222.9016838470604,1131.32281342281
537.9668114058513,1232.5213732278328,2985.461237630753,4859.708615101176,3126.214993251062,1954.8103823320473,1497.3606765660447,1351.9768631950683,1201.0369805232901,1112.1398717104637
538.9476567952952,1193.656104955857,2968.813160652855,4795.989470729252,3112.795025452978,1918.2100052403462,1552.2173940710015,1323.704240904355,1180.6512913610072,1111.9115623596583
539.9283967901283,1202.940253713409,2986.898790711888,4743.898079365939,3019.435814575852,1944.7843978117862,1507.8586487814136,1322.8624273834473,1194.5735904341038,1097.8921480954682
540.9090314073328,1157.013928528307,2915.6750998913335,4650.270381540971,3039.706993029568,1880.8418422156158,1512.4486073722028,1270.8640990954923,1158.8651508139521,1089.4443151022538
541.889560663898,1142.7089021883655,2920.8754377887976,4694.396815250253,3036.07535963543,1938.8890072090398,1469.7280351723532,1298.7862156579959,1151.0701868385243,1073.9605617315046
542.8699845768024,1134.5045540904175,2961.800823588508,4720.282882428655,2996.20792891748,1875.6522013117803,1500.8937297556836,1286.0818018910225,1173.5612682476285,1090.798231104967
543.8503031630171,1089.65921328636,2928.2282757042776,4583.032775881529,3019.6488368189807,1838.5690624179176,1490.4321781730382,1266.0362554369487,1127.5202537480047,1042.563772712119
544.8305164395169,1109.445185301902,2896.3718731092918,4593.767626661869,2913.9088602313686,1821.0776627293285,1370.6539934886227,1212.8211093899329,1103.9071893686148,1055.9112246134575
545.8106244232658,1120.1621224925007,2896.5248282933144,4533.329381869403,2915.933577940462,1796.6956816216348,1408.5206886786889,1230.1450371596686,1134.0255150976059,1004.6338507832907
546.7906271312349,1077.5197805056864,2864.738745764043,4487.967168331509,2863.8122455228518,1773.3214616404846,1378.632358892916,1249.8488253673008,1088.637783399984,1041.3862710992187
547.7705245803845,1074.0959788644084,2886.1134427783977,4513.4196463545695,2863.0245352361703,1759.374754717711,1384.4108962319417,1188.6169602738553,1118.4266813454847,973.4283419802979
548.7503167876674,1039.079857395263,2852.611932635437,4479.239171549838,2835.95704623017,1733.9587290816764,1330.5403694874337,1204.7034499809727,1070.539087271878,1008.545898985607
549.7300037700406,1115.0113103812582,2870.0873496835384,4488.801772824383,2781.9624957016586,1733.740548338246,1363.6161616143509,1191.0769738182494,1076.0508486208482,980.5049543036522
550.7095855444531,1064.1521527550108,2878.870209240452,4413.401735532333,2821.3484712536947,1708.95228018721,1354.5441525913825,1195.8954881440357,1078.9964722354644,985.2917055151015
551.6890621278508,1050.1255862795106,2876.713288915868,4455.612359452729,2711.5875341828705,1724.5436969024825,1310.8016372905904,1149.3865736751886,1038.9935129267242,983.3331461627926
552.6684335371792,1002.1219419602666,2779.4528168417373,4386.367391057137,2691.466139867407,1687.4918468129442,1337.3974900098196,1147.5315028546859,1024.3501550906237,959.5178667937487
553.6476997893733,1054.7744884012611,2834.531264667339,4422.7656581856245,2684.1161250459018,1738.6495331397225,1286.4698587498108,1144.4630188587641,1025.8125671076923,976.2970242509458
554.6268609013714,1023.1039908771914,2873.636345961073,4335.6128137992455,2661.188522718815,1683.7421780647403,1324.0717404703908,1147.0318877685088,1010.990737797589,976.5145559556436
555.6059168901047,986.9166644427139,2819.895157476677,4247.099785640526,2719.151301370993,1582.9844797346743,1276.0888440053238,1117.5105519871183,1001.8416801620745,927.2166015652718
556.5848677725007,987.6597805258995,2802.717565869722,4192.895294685422,2639.6605266319557,1626.8433743379437,1275.5719240942983,1153.512083293456,1011.8853977840819,938.2767914996044
557.5637135654833,1064.8060466894817,2811.650856324561,4326.771354477436,2620.267214452619,1646.4622131630313,1308.7263745654864,1090.1362345842977,1010.3930504709884,940.9695725370486
558.5424542859764,1005.9938734179368,2785.9011731769283,4257.927557257314,2712.9081293382314,1606.782772705672,1312.9389808422002,1108.932781395586,988.2135165854337,903.0549654402874
559.5210899508966,1021.5028568605505,2734.3258289701603,4170.433151149686,2553.2881325752237,1614.330961117546,1249.441510870756,1133.1271359848897,969.911803483755,912.6926351931273
560.4996205771569,993.5135634026126,2764.559480772487,4141.204928738678,2562.6640023872683,1579.4799750880854,1218.8852602047175,1069.576511073323,1019.8069280295248,917.4506157319022
561.4780461816663,1004.47201786585,2749.081312053905,4202.922390543951,2619.7460992271936,1586.9525019102387,1278.2472858931962,1086.6045982740538,980.870701656596,926.1156480511268
562.4563667813309,998.6746140635312,2742.5866052254146,4086.0866048995613,2565.463183108486,1558.3092562840384,1238.9218089561732,1137.1700558251719,988.3110095779663,889.3856940339372
563.4345823930563,955.3344122056608,2737.3102037043222,4073.0875234255113,2558.830814993333,1528.3471864883088,1213.6598432347234,1082.148714710837,994.7877507628267,887.7001175362335
564.4126930337408,942.1119085749707,2709.6305542331074,4061.1517337672312,2546.8080165872834,1560.4610833339675,1248.9335691098763,1058.8170800667754,954.3471281668534,884.7004935669056
565.390698720279,994.1643942892476,2620.549301676886,4012.5684583195302,2516.5967509432194,1547.0029595546564,1192.619263871702,1038.580484148178,952.583373995781,843.9057073196751
566.3685994695626,985.059076014017,2604.5150497863438,3909.129175339836,2532.874389712597,1520.4787460388607,1222.604422574335,1082.1510232192263,943.5829043923742,906.8199340913726
567.3463952984785,929.2728951699079,2620.832591656857,3948.2305241482886,2458.563619099269,1548.159209110476,1199.0922332598507,1061.352291437712,907.5741372116257,871.7240153675075
568.3240862239145,962.9829853573207,2665.4161769047873,3968.8858005716015,2458.8605708389177,1528.8887554008,1167.652238856379,1057.3006136979004,948.8353411062336,907.3355846363785
569.3016722627543,959.0493113947791,2551.184219309491,3940.769420004284,2440.9594949153957,1529.9568582565041,1183.2671268289218,1042.8954692672107,899.6975367210354,852.5929536466356
570.2791534318676,962.6181133086429,2604.2341738584064,3803.5154720975647,2451.154415351764,1466.9360907200978,1165.472271820513,1032.1144453914133,922.2351095308169,846.1648000888656
571.2565297481307,908.0100043969642,2599.0141430202957,3904.631012696676,2329.24305475743,1507.710193636367,1148.642055251646,983.2075202890522,941.8488865484038,877.9309980401289
572.2338012284199,953.7425071758678,2608.7110506316303,3788.685786379727,2391.8660514607395,1528.2409465377095,1225.0334368745152,1037.2888488477697,937.7842171935944,847.6668149407565
573.2109678895939,979.3156674820316,2598.663935305007,3765.008218745699,2408.815792472598,1493.4094007955357,1182.3216023919344,1021.6085705882613,898.4892304345702,843.9783775420963
574.1880297485186,912.7201114094324,2553.5547264791617,3741.777623057355,2308.038639015844,1478.719030599676,1171.3553791188815,1003.6172888290577,904.2863526797765,812.4520909568562
575.164986822052,946.3494145142212,2554.769368036415,3650.739243343399,2341.560211406729,1507.4261424870795,1149.272164464405,1025.835284310376,891.1768695968901,804.209976761097
576.1418391270563,945.3993914840007,2501.427667873098,3693.696930130369,2379.8629587801997,1482.1543377864898,1173.566999319902,980.9336910650018,941.6589388965269,854.6934162377613
577.1185866803752,906.289494865472,2507.7123754834297,3595.259769321996,2277.869885033011,1427.6395341798363,1148.2781331852218,974.4947867471003,896.0119851298841,839.9528411175869
578.0952294988601,936.8070352049051,2513.703339484078,3720.168973468084,2356.9467837924203,1449.9981401478312,1143.0165519183354,1051.5752277648685,921.8778394247472,808.9757963373034
579.0717675993582,905.0725093158034,2462.3570640045414,3630.5537461317435,2253.3506288635726,1491.0369792645915,1171.9289398975764,975.0523425103243,964.7886336417946,822.9628383675656
580.0482009987098,938.4490595269765,2469.848519849605,3668.822243663175,2327.913935722142,1468.8361896874967,1120.536190479972,1000.078550003375,919.7734563523103,838.5345825425123
581.024529713748,913.0913265134496,2430.5842214398626,3557.8116864554513,2320.271665241791,1403.4723536460535,1131.8624463684487,981.6890505357799,890.8434160197208,832.4426509736829
582.0007537613127,918.2129185209625,2419.226973015371,3543.134410115197,2247.8148741996515,1438.0085262810633,1125.7605408708066,1002.5291401005867,863.5463572770302,831.1170412848671
582.9768731582335,950.3282793239563,2481.0521711911288,3639.0619476551497,2267.8077768062412,1432.4460405419634,1152.4468792191976,986.4871114153068,920.6594940182327,838.1431848866893
583.9528879213358,926.9305556633306,2480.766192429633,3496.5931849997364,2226.114940873773,1445.4931042861729,1136.207584214692,980.6388196278392,891.7423827210663,829.7000777965477
584.9287980674418,915.4045690205811,2443.852803961006,3629.2554882886675,2305.1551419881907,1458.1747528741985,1135.471526017448,1003.2464216033642,896.9115474242058,850.6789934332674
585.9046036133733,919.5176087209774,2443.7129601356087,3534.5404959596885,2283.5150283040584,1470.4873742687935,1124.1635216387376,1014.8955681351371,938.0376008402317,838.0296433962583
586.8803045759452,931.0604065635517,2408.9340677755386,3502.5605770724087,2240.825938812675,1431.6901092991122,1151.8177847070922,1010.496115853696,922.7473672192342,815.6015267813652
587.855900971972,947.9469899138224,2455.960316641964,3543.6924583887817,2232.859511398574,1440.435074517488,1156.2361234398088,1013.6737831598003,925.7294823377173,850.7453942683621
588.8313928182579,944.3784482939802,2406.8212269082105,3434.608959153573,2214.979873820032,1435.5664537854518,1175.1441338928037,1005.5452565249936,939.7445991855701,889.6990288147409
589.8067801316101,955.3994054239351,2430.662114866132,3551.009235290514,2262.9343821971383,1491.0161428972956,1125.9071557614755,1026.753192249971,933.1592640755604,848.8320614629725
590.7820629288326,978.4216303833764,2428.3829628621634,3564.9145525280246,2283.2938237558833,1488.0937344233862,1155.1327613461535,1076.077781704911,929.1285254306017,865.8845417176078
591.7572412267217,1000.0546903487381,2458.584500175749,3536.1410946318124,2309.1832392459655,1509.8864932716242,1154.1247406825773,1071.9540471711964,956.1680699506142,905.7451443868123
592.7323150420708,1019.7758800347742,2441.140803073215,3553.8771097292083,2317.5034356669935,1509.6773283285993,1202.907920478576,1068.1153018778082,955.6331856661329,881.2648443691577
593.7072843916723,1034.2692394351886,2408.954433576563,3482.2877989616422,2315.9446098863486,1502.108652596969,1228.6597709477376,1052.8712041732315,958.9312822461146,926.3778439545393
594.6821492923118,1049.4196258310067,2450.1949811253617,3560.0329202238754,2290.31882909442,1513.246369223099,1177.692352460483,1049.4196258310067,975.9881373981904,903.486161477182
595.6569097607752,1054.8433095144906,2400.9977880593683,3498.517256094234,2311.9345007124984,1518.714597779438,1282.140240764315,1082.6755868103874,1035.360715407363,928.6703191064249
596.6315658138374,1072.1054519892168,2449.7283568476455,3548.846022657616,2374.2804492793343,1523.8614417500944,1229.5214566687803,1096.3232988629957,1009.6979235067863,947.2903950243557
597.6061174682836,1073.9000954468659,2430.749520389732,3501.8481373267364,2390.594995081719,1546.4161374434868,1265.3344602873942,1087.907487996173,999.1940018505621,934.7599961237502
598.5805647408779,1106.8837735095128,2534.5493651211927,3626.5130540678138,2362.0358873627597,1547.0262681148117,1252.3545979977048,1125.5338792131272,1022.958297843248,956.750422595417
599.5549076483949,1142.9176173861838,2509.5512958332174,3609.4105918436726,2362.591372876927,1536.0588125558784,1289.8775403424743,1149.469970639012,1023.1031579058958,963.1959281657519
600.5291462075984,1101.3160092086976,2486.1483742289797,3655.7703041447585,2354.2150205344797,1540.1581573130977,1238.8635481667932,1131.2583306145414,1005.8748597275699,961.8970751627367
601.5032804352522,1049.9124177732997,2552.9841917080767,3577.7210896946276,2334.7963535562544,1574.8686266599495,1267.1678292663537,1117.9795638633982,1026.6017513040879,971.588578436748
602.4773103481131,1104.0255988387823,2518.8208717378475,3585.516779998818,2359.2364445177022,1550.1154012436325,1280.4083868189427,1104.9588411032275,1017.2340682453699,991.1032848409018
603.4512359629333,1062.6807250005152,2488.0000791129037,3643.209732675469,2357.1510892271763,1561.7761578503614,1253.3463959768608,1096.327608113988,1053.334368580106,966.4132538703013
604.4250572964665,1053.854381024392,2521.9567574292682,3644.073223471212,2398.5239461646543,1580.3140230090705,1242.7439861414525,1134.272727757398,981.8519077867006,958.4744814108268
605.3987743654652,1060.347945154647,2485.687680786181,3671.4430616431428,2398.651176903231,1544.1960366329813,1203.5370321878872,1101.5265061315267,969.5679357283445,897.5054540188055
606.3723871866641,1057.21936582308,2474.982458534315,3726.5574271330406,2400.8080980547206,1590.5236285118094,1200.873507005079,1091.9592561742822,964.2666862347273,945.4883671259693
607.3458957768125,1008.9592072300651,2574.199346475966,3699.8282122663995,2392.1946791217915,1490.5715577672654,1257.232240646529,1045.3601407009,968.8248446852983,881.0892614479014
608.3193001526415,990.5514502347174,2536.072874941805,3699.1780147183517,2341.1338418918463,1543.6559794147433,1175.2305341767835,1040.9184731280081,984.0223917115131,874.8938421093833
609.2926003308858,1048.4139437650263,2577.623240191663,3751.1373339696133,2370.367767782192,1467.5928046292265,1150.1745135516585,1042.8124445107162,956.9227892779626,873.8338836723639
610.2657963282762,1003.6585513787363,2572.8633485760747,3686.282520031448,2321.7161670447877,1487.3494195130672,1137.6037148620894,1018.5413473213312,915.2919504695798,851.1098929671398
611.2388881615408,981.2740400844752,2489.288579044485,3815.859993611516,2320.8056778224336,1439.5105021993952,1148.8312110800318,1034.040662994678,900.7355103794287,854.4489990546894
612.2118758473989,962.541583362229,2544.457750801023,3764.607081594496,2365.8993121483195,1454.507281525146,1144.8199894868637,1006.251201157422,896.5121607354481,838.8526649205127
613.1847594025676,928.6792972870734,2530.9062167823536,3738.838729337568,2308.245845804434,1420.3876165299794,1167.1114445425956,1006.6104271293452,856.3146767192494,770.9615345110469
614.1575388437668,943.5509382268564,2448.0572334602766,3758.4933063355775,2291.87691165779,1413.016047550307,1098.8071161133519,940.7785064788832,858.5296979556803,755.0255793646833
615.1302141877095,958.806363180144,2605.915265338884,3740.734390841953,2335.411441137336,1397.911886027862,1081.088913846597,952.3216824629836,822.6280681197757,794.8365793319455
616.1027854510976,897.8676141363577,2539.4704494963166,3719.6046145090477,2229.3486468887227,1346.3371670090162,1019.5022133626895,900.6531393094798,816.1588757247761,780.8755568652294
617.075252650644,890.183580237883,2554.8823960881446,3764.31060749242,2310.5908522390787,1368.5878536089697,1096.535907049783,935.5255713310808,796.7235577804753,754.1576069582896
618.0476158030432,923.066040247754,2534.0338537192606,3750.592305961536,2301.647117408141,1356.3608314573316,1011.9470230599751,881.4030795545254,798.0771581680682,729.5647339169811
619.0198749249939,876.7881289178351,2533.2517775379224,3804.039635273266,2292.7824594802883,1377.14928687622,1034.0180676478267,901.759942716128,763.952525829253,738.9807120309603
619.9920300331905,821.9628698419943,2475.1345360708874,3719.6362490150095,2241.212594484808,1319.393717957847,989.3141403047626,875.5892438024395,791.4513122438101,702.6904174127286
620.9640811443278,845.0493829210269,2560.056809613373,3692.017063809989,2239.011847542939,1324.7717400377671,1005.5718639562438,893.9441616271562,785.0840882814343,666.9985849911599
621.936028275086,836.9735359621969,2492.444370889633,3737.7427444846016,2273.500962475681,1289.6413423876677,994.0215504363399,829.5830411634138,737.2018561786239,706.7160651336432
622.9078714421521,791.2721597164503,2552.520552472973,3714.0970290765167,2195.112405825729,1306.197814293279,970.8973880572045,843.7779956929785,713.8951382773563,670.6008524721489
623.8796106622032,811.7986803100115,2545.7197573934563,3694.9251372207655,2189.9257717989212,1247.5773603405273,966.2518833588018,784.217751194156,727.2171643547215,691.3619565041095
624.8512459519226,801.6128077069168,2548.9070844136986,3668.2097606127572,2233.0642500406966,1255.0596839558755,931.8287131063122,797.9187394686361,709.2611017498987,651.0795269969773
625.8227773279723,805.9360536454817,2519.4744062357604,3733.923918265764,2152.5516845645952,1251.419055775209,921.4658778492492,812.4057238008927,736.6181591232213,692.2547066289745
626.794204807029,784.1411293256957,2508.883472466956,3663.0066839392825,2160.069519398366,1191.8577024375304,944.2826275682673,783.22077588752,656.2120014192735,638.7252860939352
627.7655284057511,815.3200818199334,2551.4613684194737,3661.074056390076,2161.8475722262933,1254.9080941519067,913.4176172034896,781.0784892803903,687.6081961319076,631.155840864012
628.7367481408146,791.735317267229,2506.3865390339774,3641.424244164435,2118.4269299852886,1261.5664984892626,929.4284159223993,761.0334777022248,668.9279590072123,587.0563868338678
629.7078640288601,761.1195882659305,2533.0577791742207,3574.395150240366,2119.667188706577,1212.4274364722173,912.7886192205023,787.0143008679305,645.5181927212873,627.9467805985016
630.6788760865529,775.8496458871056,2522.900101482533,3539.466821272559,2087.7576986580225,1156.3677896336453,865.6556311508874,761.9621223927063,662.8977881326582,595.3118404599151
631.6497843305443,735.3727581641919,2551.5206305999986,3667.578781248179,2094.698159619213,1191.2667281876995,923.8584524916298,787.3688117717609,672.2346930692864,582.1701002133185
632.6205887774777,769.8391526811876,2523.2588574057677,3548.4773443898493,2148.5174429395643,1186.21850208808,827.2069741550262,731.902367513004,662.5058092785221,589.4081012715343
633.5912894440007,751.8604617957262,2462.642100080004,3555.002403815043,2021.8328452450555,1162.3008118090602,885.2995890422137,737.1361443064586,676.3983346632298,591.7335090999412
634.5618863467535,727.0310633176448,2495.7094242058747,3490.30268087646,1973.5018330411704,1146.8269184058788,803.6092083117621,719.6500372941154,613.5477882058805,572.9521450764688
635.5323795023688,732.8264722531039,2433.8665897791293,3488.511462645265,1990.676678077754,1157.6267610623058,812.8213318340576,730.068028819278,644.5562823706723,564.5614227897187
636.502768927483,746.3420461798471,2516.133333903346,3451.8319635817925,1976.6979935951395,1152.7659327134272,805.4582478574587,718.6313266434667,610.5595204515828,586.5435635200531
637.4730546387291,704.8735281147278,2479.561675115803,3412.291823356974,2014.5859706301353,1094.8232723148599,805.8343882520542,692.8323246121109,594.6502037446193,543.706650464317
638.4432366527291,706.8716661532602,2439.7276666444545,3417.4740395126128,1995.3818292594,1147.5068911175629,848.8025912470251,671.620848156116,632.6594177382198,548.2429851661113
639.4133149861045,730.9059499146209,2428.643188007443,3364.0177644171667,1948.4657348356857,1096.3589248719315,798.4453604763518,721.6539758650688,629.1342353695471,561.5948248078164
640.3832896554813,705.3701379786262,2371.5988103690815,3309.315279886599,1945.784816313743,1083.048637053796,822.006145045958,657.2346429984574,593.3625438901566,543.3756837184429
641.3531606774667,708.3034927005808,2400.6692597651195,3344.15164652644,1876.8198016219817,1143.615014256146,784.8519170419196,673.2572261346667,583.7970193743068,559.8179948818392
642.3229280686793,676.8815922191105,2341.844089860388,3213.5715428683557,1864.4255589227614,1090.582756358485,817.2444871949698,675.0347120220598,608.5470249282317,554.9874992137591
643.2925918457258,719.9244878486367,2375.750809900501,3199.0490703633004,1881.0334695327197,1074.348851097196,769.7654139304653,671.9295219920608,580.5544908420416,528.8676045349599
644.2621520252069,699.5152770880527,2356.9419758349427,3210.572096291999,1822.6156625974988,1066.8069397279537,833.3275662407805,689.3639999799148,559.2430843210553,511.2552289007668
645.2316086237332,699.2422908082071,2344.9523789372856,3203.7842690988173,1802.5322377826342,1051.6308859120793,780.4208153347536,710.3120896072817,566.4047052193129,523.9704764895273
646.2009616578944,669.3997877063829,2311.3762752797957,3193.0926161506686,1851.511601176796,1037.4769562928566,811.2532053228325,653.6382968601107,572.049403067643,539.5992748547297
647.1702111442863,675.3265276390031,2342.36543559172,3112.9777609660896,1861.3109227529783,1046.2935654242638,749.3349142295788,636.4721246789509,588.3666733950766,550.4373752674067
648.1393570995024,676.9237007031235,2289.48577676166,3096.2304611612726,1884.258849080475,1045.9862114974292,788.1988295858287,634.2682346314198,581.4125484121348,531.3387404149174
649.1083995401277,683.8947020563845,2254.6284689745034,3059.919114078837,1792.2118614865144,1000.8215152044652,773.7833011071559,655.1674178236638,577.325744418872,526.3579820704965
650.077338482748,694.2258140033247,2307.580583895924,3025.0401935486234,1741.6053218771492,1001.8412684010495,772.2913673852246,672.8507220058997,581.7742430603497,548.3175773252498
651.0461739439415,679.8625743256187,2205.385271756537,3019.5531230265897,1754.3047898810921,981.8178866282776,757.6670106244633,624.287976969301,574.2708393486151,552.9672436953601
652.0149059402867,677.3579757468415,2261.561328859673,3021.27567051016,1706.3498733294748,991.977800547287,750.4608173916508,643.1199359891459,559.8382176596162,518.1973584948514
652.9835344883542,672.86736733168,2219.1683364881374,2993.705223608945,1751.4885454581508,1002.8311724654848,768.9912769504915,634.0480961394678,532.3785763503403,526.8329661800243
653.9520596047188,705.896892379165,2223.4360723165028,2976.640115170487,1726.2471967380109,1014.7847572441611,741.1453574388343,620.5585032873344,563.0478497689267,525.944202337696
654.9204813059368,665.4451407829902,2222.4755537571177,2957.4309808335956,1746.0983916924142,1003.7285340779642,775.7347950353242,613.5441270171859,550.5214674444236,518.083333840796
655.8887996085797,658.7929215527164,2198.744442661237,2913.820793086104,1658.977132985692,960.5090074739185,770.4371001351795,660.6382798763934,541.612667999222,500.0921057164878
656.8570145292033,668.6161296370246,2221.650008683576,2896.721742330889,1706.1239170048216,992.3185592957773,765.4501897913524,632.6491930082744,565.3264654724085,486.93698820461935
657.8251260843645,652.4141294073365,2150.2099476241797,2817.3263672716816,1600.7118498980003,997.9179500512219,725.0066874681529,605.5505792668096,541.2280594660863,493.44561618554894
658.7931342906122,659.2977043470372,2181.4593027004194,2850.8436200485935,1671.6268637338649,980.2353907468466,731.7379249915656,588.6914133390791,548.3449613345316,477.7386703265735
659.7610391644957,674.454905395245,2160.6350497125823,2751.812619434873,1661.8861712317025,941.674487994175,714.7208698964536,620.4619075413515,532.608894084169,506.0699629356451
660.7288407225607,625.1463056758572,2115.950417889649,2773.226122535631,1621.1576737497267,925.3266903395948,739.8941591405887,605.8686662937823,542.5278511812505,474.5971219301295
661.6965389813487,656.2423647634423,2117.4141755374285,2707.5733930799365,1594.255926705034,987.5759223572921,711.3116541142207,603.9265398802029,531.4186422350114,508.4731050055203
662.664133957398,644.7443990619691,2151.915140216844,2754.2300080100713,1611.399807097654,974.0344569519877,734.2153671721422,593.0910566478486,540.5153331191901,478.7157984451531
663.6316256672399,632.5692540596401,2101.494650148571,2676.8929220628793,1575.8904594576165,928.5674035540198,722.0141777386272,582.7751728362865,532.9810916129329,480.4206725438375
664.5990141274087,638.2682022884974,2047.6234235266822,2702.4939778978287,1544.9410965798165,938.0328926696558,706.5223164060535,619.8211444188877,524.8187963903974,474.0893872489706
665.5662993544282,631.8030645909676,2023.989905307521,2600.2905044878617,1549.4438260466627,950.9422407020711,728.0073379693871,593.8763798937059,532.8236679420165,488.4216956135151
666.533481364826,638.7620735857803,2007.140623096102,2531.8711508893552,1526.9102107340784,921.5232237217207,698.0955608274202,611.8765871794121,513.6054989354459,499.6992128631866
667.5005601751183,640.1981212270601,2016.8091102239757,2628.3278358469333,1573.6661910509094,951.045763903783,697.556912435265,578.2136210504517,517.154262667524,479.2234491266144
668.4675358018212,652.2544115469578,2025.4215937510796,2597.883858224014,1556.8746836071057,927.8156636514336,714.4180610116039,602.1523657097804,532.5661909359229,495.45356438986556
669.4344082614516,653.811863025149,2019.01561110323,2542.808069549514,1527.7280038016622,924.0664825426467,696.5325245296332,603.6615212590154,530.2934286752273,486.64405713803706
670.4011775705185,647.5721353475379,2032.837635782515,2496.450972279533,1532.9899904210008,918.8649094099211,679.1610199986374,575.1035176185451,522.1456815858196,473.8332697664911
671.3678437455237,624.3751595988426,1992.9832103266629,2458.477190920443,1473.5997070294113,906.8305889411762,697.776406039778,594.6430091417549,522.1708924026035,485.0057043312438
672.3344068029727,633.1402994895282,2003.5496995593733,2513.03704775359,1457.8032152710427,897.1811879697426,689.8533072264756,578.286734629202,519.7142840156332,473.22821210010255
673.3008667593676,618.1524374265676,1935.3283830407727,2421.4843601446746,1487.2840599736967,897.9477512091194,695.3052980377032,575.3930207023238,546.5768920403335,462.91716366681305
674.2672236311993,611.0812257065063,1992.73680431454,2445.2521884492517,1466.038570321679,876.2849139493906,681.5549330717482,620.3540819387749,517.4253777605926,478.47938158506406
675.2334774349582,638.9005742826843,1920.38946065055,2359.2302591477473,1476.0170554496067,873.0719247412727,660.1050666470446,608.4767374120802,487.70332438028856,479.40591432466925
676.1996281871398,637.5361985054984,1905.2061432842106,2335.4736792857443,1421.2708285986146,866.0869111772809,665.2953943765651,570.9141284149383,525.574108492196,495.03899303402267
677.1656759042235,643.2074288032533,1898.1106832695427,2323.5173256624726,1384.6569144554185,918.4705503516195,640.4269932320576,584.8182818081452,515.3073925282548,462.479116675538
678.1316206026895,655.4753876284428,1844.2188872257884,2265.4636631734456,1433.158050916426,879.5220596709332,659.1786384060047,561.0424928006163,505.49373113718895,472.16447413913255
679.0974622990216,608.1556273949525,1874.4522762173194,2241.9374879004185,1367.1930923323362,883.0752945734927,659.06667687246,567.4267878129466,517.4413937804848,456.3481344074758
680.0632010096887,632.0410172022819,1859.9799435850143,2251.9936536679543,1404.0207346942186,901.7242078267159,695.0597696506032,555.1210693609485,519.9047076986512,437.42428170011294
681.0288367511639,619.2140797366433,1800.256180998163,2189.000446303679,1373.5630707461562,872.8234337692893,692.3350248774426,575.7117452857879,505.3675448971707,449.83264985352554
681.9943695399123,626.2043193195734,1854.5637521946007,2192.17760234474,1417.0532011781188,870.396254770633,681.7024864675416,542.0320991451551,480.0591458299241,449.53515389854164
682.9597993924035,629.7713392984987,1780.796717898553,2185.1859725880163,1345.8000196202086,892.2533555304209,653.8862948533749,573.1939435735968,538.8765068224267,473.95162648237533
683.9251263250918,644.6419096460718,1861.3686308828132,2188.8057913379607,1392.5381511402156,837.1972852546387,653.0138824986182,569.2941539731543,515.3414400345221,450.2260956258279
684.8903503544353,635.9186616345243,1792.898429277954,2099.1852442796044,1340.9386168974697,860.9647665595174,651.7932831437562,551.8765477621203,522.9287085394033,469.702036420214
685.8554714968886,619.6552103159574,1868.297787729739,2118.39958948377,1360.6284587961836,881.8888158864153,668.1824255816649,576.72728911937,498.3371721516886,459.142113667848
686.8204897689029,607.1770826109438,1808.4535875919803,2098.964468656601,1340.4601746872374,902.3585566187256,661.3559607516127,564.2076275338616,495.08285197507723,459.5863456070528
687.7854051869217,612.6684746557962,1799.7719270710604,2099.112232039874,1364.2830721787363,871.9102340991924,660.2272146975703,561.3796373558437,496.10293533772233,437.3539035214131
688.7502177673888,643.1785783384078,1794.1788498786932,2077.961560785625,1330.2314573762424,857.8826030377311,670.2499553657137,565.6984302947388,496.61974408713047,448.0779645898922
689.7149275267402,626.0865575641953,1758.8273636490435,2035.0145783122355,1279.2319976460683,852.8213317640455,677.4051278563425,554.2405591551893,516.9179625790823,451.603418570895
690.67953448142,661.1440679101347,1787.6067393282488,2044.0448474739287,1280.3255363055218,816.8719372204204,665.806578967329,574.421362246323,527.7962516743812,469.04861235373454
691.6440386478497,646.634871273661,1788.961027154797,1987.4238911047823,1349.1747746459093,868.3914985980578,653.1571250184962,556.2550693809447,504.0770394222631,466.8070180232048
692.6084400424661,628.8208589089668,1796.6310254541906,1998.7520158177872,1272.6136430300517,883.3435875149771,696.1945223634989,577.3548659923102,495.00927732565987,445.41477506051814
693.5727386816942,620.5307919441238,1763.6138297359312,1949.3065028139472,1267.189196180632,824.8860452309857,663.4547264244693,545.8804711087406,510.4215687119335,451.6344410540691
694.536934581949,609.7306087602299,1645.245532366807,1947.7764929155276,1276.4192070064842,856.2373173554836,692.8332491578722,529.4291809602609,501.41705498352746,475.27240407190965
695.5010277596558,607.5537375869461,1697.6040686185177,2013.9799780531946,1272.0364736267397,843.6690918258054,641.1511792968233,565.5569354495996,495.56226522068874,466.6311348594056
696.4650182312289,638.3892609316471,1751.8371970302653,1973.0334760372834,1264.645392635061,844.652457811609,655.1889783245852,533.8576860422545,492.79171019285036,463.8588635716792
697.4289060130759,636.058398996882,1680.3472616774352,1909.1051069306998,1295.3645464951119,799.7225484463721,658.3762375581761,539.3477652312741,475.18397936755366,471.46433960733793
698.392691121604,637.4981990884596,1693.7908355343016,1945.067497948731,1229.3943372202266,833.86625749381,645.8740878356073,546.2940771750742,514.6518307969609,440.1994863778707
699.3563735732205,656.1103901895203,1725.3273223502201,1922.5342914812584,1277.6394635171998,861.7290309896549,660.7835411167962,586.9477564658387,500.9617794039643,454.2302701312064
700.3199533843252,620.6569457377759,1707.7413250947538,1893.7514639529124,1278.7028641103575,849.6644031259613,656.1764697408413,549.6178977316449,491.66499014769596,454.2760175128902
701.283430571315,613.9859855932425,1706.451156306333,1894.2916176522108,1252.269742305852,850.4219891778548,612.1169262763681,557.9142060870103,475.6755961445364,447.6397063914203
702.2468051505858,646.6199946509462,1696.9102749799397,1885.6635104127304,1257.7319549135457,818.5536348471516,653.1609483540627,531.6860938676133,496.17805947926655,452.2602274726271
703.2100771385268,647.6882236627424,1711.8145940346212,1887.602254157891,1223.9333341203057,800.9149006685872,661.788838111133,589.4056839427278,497.2816695465758,462.5001539072123
704.1732465515233,607.4175738932356,1701.1447355402518,1870.1326231767007,1220.4680773743528,843.0617949862838,636.521043430624,595.212893119492,517.2907004871296,477.86019337195813
705.1363134059575,620.9781255066171,1652.1781642266963,1879.8701435791224,1241.0153750654968,830.7934618520346,631.3277609317273,530.6540345238363,497.7233763530309,493.9598725620817
706.0992777182146,622.7990381319132,1604.5790649601336,1843.899724091005,1240.8870396667621,798.0495995427088,661.4295382278414,545.5380379400572,533.2893427876897,452.2595133181821
707.0621395046655,610.8033378640527,1687.2499610750835,1895.5640624145212,1255.5401944983303,846.4527737683939,663.588811506625,566.5012439140364,491.09342442464725,441.13574401292686
708.0248987816849,661.5334958769372,1734.6460701545825,1859.623278892697,1214.06431345597,802.4852350552619,651.19703500386,580.7211654146977,501.7881914748359,466.0804175496603
708.9875555656436,654.8734553547749,1701.5435116893796,1832.142378682656,1199.8183679885906,774.1976000176967,663.329497102541,556.2196349641704,475.4174582632943,450.049333019996
709.9501098729053,657.7671245897213,1698.371605574031,1871.023746693159,1238.5914471589617,822.9126508775829,659.643778297538,541.4145947050916,500.1282131331262,445.7052556064446
710.9125617198332,655.2585410597521,1753.641563123941,1870.551000665537,1187.9507363097664,841.9365139084297,644.8875425681589,575.1190072610774,493.0938373730221,470.46620430045516
711.8749111227879,639.6964152531618,1698.3090670437925,1832.2867823328029,1250.1441743516807,823.6798975162394,655.7360008863533,564.2160122734377,511.37973018763086,461.3739632135636
712.8371580981219,653.9438666418962,1696.8471098247755,1823.661115801641,1208.5185494959499,862.1459660068992,629.3381639896685,563.0920414644403,518.6125020546441,456.1518722451432
713.799302662188,605.4633859844985,1715.164248109212,1822.0663771970999,1244.0380508900241,863.731361568511,632.898445661921,555.3234493326571,495.72314727480807,456.93564911017614
714.761344831335,652.7769003778484,1656.5396413936414,1807.9081980029976,1205.2721320019984,850.5020774488199,676.4282373480603,587.4992103400637,512.760985514194,471.134632446621
715.7232846219123,617.9651487221981,1654.8257570362373,1804.835617565748,1222.7218820518606,823.6390455488229,658.5338531421287,580.2268190292394,506.63707612797003,469.84220467733536
716.6851220502541,651.1476705322051,1728.5182719933282,1792.782483308553,1205.899024091573,821.2588181313298,630.3563080478676,587.8285211480865,508.44331893516164,469.6957797598054
717.6468571327022,631.2925455222352,1669.2922466798716,1758.9376754162129,1198.4178367910893,838.8924857537625,670.9252613846177,577.5052882804304,518.9998505788182,445.39623540582215
718.6084898855879,644.6095438712782,1685.0319655582537,1784.9275966260248,1238.328860594824,822.725338888342,660.6305413066755,572.0438496050671,502.3053901803966,467.4361604680614
719.5700203252492,683.8655679272323,1672.9273397228162,1745.458536321159,1219.8428518812202,820.4502887942415,665.0262960835068,557.6424465742721,515.2540849258899,470.0398325009489
720.5314484680057,603.4835045018011,1668.5656770237886,1729.1032072559442,1199.3998177245828,857.9303112588301,665.9128325537116,590.240919763517,473.895353848593,462.54456693006387
721.4927743301887,609.3937385205315,1685.2954166227744,1783.7068278124254,1211.217368488013,820.4105144368026,651.9755991314382,551.6716608035247,522.3374901604557,492.0570559482553
722.4539979281108,670.7815319451028,1673.6518110697784,1765.164903332331,1245.3328019233977,807.5794533685064,652.8562870689327,573.6078360374438,511.3411959412739,472.6604043663805
723.4151192780993,645.3459761147418,1644.0732041576143,1696.985904981078,1241.5587300362674,817.3122537909979,655.7395423479221,570.7012731673558,504.5603971380265,467.71048049311446
724.3761383964592,661.838443195516,1638.9284834368157,1751.9252908116598,1188.8403599437388,843.2030667971567,661.838443195516,583.97509693722,511.8090686978237,491.8684556316747
725.337055299504,662.6640493477851,1636.2777527529,1809.7649073031785,1212.5140473759902,814.3468074245313,669.3001700136427,573.5504289776967,525.2015498407338,473.06060175185235
726.2978700035419,678.952243898972,1654.2950768361286,1772.6619254935504,1213.970399830519,856.9759842797346,665.6951568493408,573.8424822911813,490.5122208363564,465.8919163156126
727.2585825248717,632.5027572787119,1652.6992227086826,1798.441574912964,1192.6106206520292,815.3951208291828,651.5540451485526,557.2501701928411,528.67323838808,481.0450187134782
728.2191928797985,642.0030758319449,1710.4182986131907,1758.1154067730677,1249.6642337887783,828.9757398186629,672.5292250542662,579.9968352241048,540.8852065330057,474.10925510917775
729.1797010846167,649.7742769527188,1743.2270249524483,1779.4846204358598,1230.8499519368681,832.0164016193404,679.3528416891862,589.6630002302206,541.9556377520474,476.1194775321684
730.1401071556212,624.0185233689253,1720.3446447005695,1743.2444070260347,1209.8707761954088,823.4372869531844,690.8094968181987,570.5857446095067,528.6028470128206,490.43657647037867
731.1004111090953,648.0954433730949,1716.4998434043293,1803.2302630321994,1265.6922776462795,871.1165224161894,634.7523018918841,565.1773498827137,513.7109470266149,514.6640285609872
732.0606129613298,658.7211490307451,1709.447823349239,1767.3469445176474,1237.7123607148294,859.9443242389841,660.6194808723322,572.3470502385292,498.3121084166299,481.22712184234547
733.0207127286048,664.9787689513597,1719.674824969519,1765.0787807442919,1233.4741318813271,855.1078337582206,685.7889153481306,584.5759306001995,530.6587331176569,470.1201254179598
733.980710427204,662.9510427357399,1671.0515614903713,1752.1522580412584,1257.0607965387499,854.3864078500432,682.7547011958402,600.7109732897102,524.3254335150375,481.8890225291082
734.9406060734,661.3252016741675,1713.048637622559,1725.2779799010286,1229.5192583046044,836.2988681199643,645.3329848484764,577.6012429984905,531.506029795028,476.9443488603171
735.9003996834617,683.6408195009244,1703.4365170989884,1754.4263019788916,1245.4727084554133,859.2723007539244,662.8672034387416,585.438270843333,525.950188483446,492.9012538390643
736.860091273662,647.8144001681019,1650.3617222437736,1789.78883326092,1221.647067959759,863.1202110585252,679.1143638658286,570.9872165464091,528.3054478676908,492.2630654278842
737.8196808602661,718.272238376485,1754.7181208083362,1708.0399514708722,1257.452725009231,845.9227422789373,663.9731434329046,603.9583542847367,543.943565136569,488.6918544922239
738.7791684595359,667.6646451334457,1716.3076897724238,1755.3579757217408,1301.9936803101573,855.2965068899204,700.047809091416,607.6605472113243,521.9404073225795,491.4621353621369
739.7385540877257,683.841216876121,1726.3404146313264,1790.4206405483897,1257.6939862826562,859.8227328274585,719.2288043228573,596.8068801827965,554.7243437596507,482.0363263014895
740.6978377610941,669.8222396541071,1692.2327909093062,1827.9171818235477,1266.069140573027,854.238348431914,691.7992888866955,586.6916621221424,530.3157532211548,482.5395592372669
741.6570194958913,659.4880194773064,1743.4084439861836,1752.9248656236628,1279.0070680772,868.849295501848,691.8438530447355,614.7608377811542,542.4360333363126,503.41870462264797
742.6160993083648,642.2728039383929,1716.2060595635937,1778.8205426654163,1279.8020864296782,878.5001720043603,714.3743299344312,601.4785194932662,565.427756495247,497.12104765689503
743.5750772147585,674.1274676812398,1690.0527104087262,1775.2654521100064,1259.254960696698,877.6912395231872,711.9997973262533,616.3721649725943,528.3189985479379,509.38283372543117
744.5339532313154,707.7130197435957,1709.8346557005273,1764.5644625606988,1232.3642717135147,887.00031807864,711.4874891822283,593.5353192249623,546.3544512420559,502.0044353381239
745.4927273742724,691.2287061110053,1683.9308017079245,1749.6726623434822,1237.8253188237838,865.9142215140582,678.0803339838938,611.3993039106854,555.9883070892869,517.4823601456031
746.4513996598653,646.916355471829,1671.2788283597322,1809.3001698029236,1252.5202005797094,898.5471004158785,688.2288658357774,629.076862360124,542.6961588718681,512.6506967889965
747.4099701043233,690.4219658757702,1699.7172920129656,1742.045614171562,1263.265259088773,858.7946251288531,737.4534349408772,623.6372798033183,538.9806354861258,463.73028498195464
748.3684387238718,683.2208447877939,1693.4453214947114,1807.4725245558466,1270.319584515788,897.1396472247998,687.9327126828822,593.6953547811175,554.1156644623763,515.4783477226529
749.3268055347362,705.3006700189446,1707.2231171486603,1812.6886378991567,1253.344715347417,907.7568036024867,714.7172343716675,614.9016522328048,548.9857017637446,494.3696285179518
750.2850705531309,710.2857595957345,1720.5328359928549,1817.6901178499074,1289.4563524135046,914.0330691212041,731.9810749618724,630.1074201991377,556.5320028704958,498.99225342117336
751.2432337952887,697.9841409816955,1721.3798071508031,1807.212992055309,1262.0307846398766,935.676037640327,725.3375735336809,614.980621513602,562.1602000339061,520.6584402998594
752.2012952774057,684.6600432823225,1741.6626032537984,1753.8551793670451,1232.3880779081805,937.8904702497568,712.7967573898152,634.0139578888356,552.4174869771067,521.4671014588648
753.1592550157076,712.9734540431268,1684.189261519197,1763.720421090937,1313.6676239849737,911.3335226220545,700.8098649321548,628.7639909671669,549.2328313954271,499.64281425069515
754.1171130263829,688.6932343426618,1736.2171362397091,1805.3667961330023,1267.120794801424,942.8649571936849,688.6932343426618,622.3469390396374,551.3283694194986,521.4258137899665
755.0748693256463,712.7433462091141,1697.5403618209227,1766.4854698202357,1289.4598577168808,933.5540299366435,736.0356124250982,632.6179504261287,610.2573748587839,497.5228063734208
756.0325239296982,725.8337417527708,1733.4726654887374,1789.0921093012105,1314.4728554347753,894.5460546506052,725.8337417527708,620.1567985090724,569.1723083476389,533.9466605997395
756.9900768547342,690.3585801130272,1703.1933828828778,1771.7659129880644,1310.2913184964032,914.609286673232,710.7450079821367,644.9524453136469,597.6929988898021,515.2206316011317
757.9475281169433,753.6188733356352,1752.8822748803027,1775.129326491687,1307.9412426526214,942.7188120323998,763.8154386575196,660.9228249548682,583.9851047988317,535.7831596408329
758.9048777325153,713.0194448204454,1746.0190814798975,1785.7854058991961,1303.9655216560675,964.5645667285663,775.9057252974757,666.7795327049821,560.4277348394163,540.0821735086124
759.8621257176383,708.0356707119064,1713.7051351173295,1822.7759042348296,1341.200728724512,926.1772089469063,775.5116549964614,638.7110293236649,586.9486304204446,546.2781741393429
760.8192720884946,749.6778620654892,1736.8774230032125,1821.308964399202,1345.337747518514,964.9319016684515,750.6056812017089,653.1846718986441,570.6087687750938,525.1456311003303
761.7763168612619,735.5951413358894,1740.7849755291388,1870.4868896185903,1374.8402893481864,989.440316053816,772.6528310757327,653.1417816647381,578.0999599415554,556.7917883411455
762.7332600521148,752.7438824506041,1726.3916416253066,1866.5449415637054,1362.549962315027,976.4322618224853,796.3677572658673,648.7891169333814,594.9553990762482,589.3863937806826
763.6901016772317,735.6761938089377,1763.404745964137,1810.5397784820464,1388.1729184686235,985.2146012566928,774.4932794119218,664.5115368701333,617.3765043522241,574.8625534537176
764.6468417527722,747.2796521809785,1769.824244225902,1807.6962661534917,1373.5535757640482,969.8932444870549,810.0917861096639,689.0860575117551,596.7152723225119,596.7152723225119
765.6034802949107,784.3435608723483,1768.925419049755,1828.9046325282286,1401.6680811354083,993.8094294817872,826.790388872499,697.604390611171,633.934148610945,564.7273638280908
766.5600173198036,787.5094859428867,1804.2470851649234,1864.327034209862,1389.2332833006558,1049.0883410154652,816.1630001027804,725.5809230811808,635.9231529679648,610.9668664416057
767.5164528436072,809.4045005918197,1830.8397929104258,1829.917919902918,1445.496875772179,1041.716498483777,873.9356111173634,737.4984060062138,663.7485654055924,627.7955181127895
768.4727868824813,861.1450233091755,1839.8872702315393,1877.8517282483956,1463.9465396255982,1072.2644483785218,889.8498574194813,750.9554988212273,687.9900562566853,608.357290660353
769.4290194525785,860.2611541312964,1760.5128267789667,1852.5840205724783,1488.949305691033,1120.6645305169861,865.8412264824183,782.1401412155894,731.9194900554921,704.9491403584029
770.3851505700441,864.2096392775296,1809.4389322373277,1926.777741018544,1525.404514155812,1112.85616264725,892.1474508921049,833.4780465014968,739.4207473990932,717.070498107433
771.3411802510201,931.1513333760138,1823.0766326479227,1879.1138242252155,1524.2116109023616,1163.7056784217784,985.3206185673968,852.699265167804,806.0016055200601,721.9458181541211
772.2971085116515,927.7370020083683,1838.6570190860714,1893.7793585810298,1556.5053830271315,1204.282976423753,944.5539869390336,865.1404469886699,796.9382303254162,753.0272141175678
773.2529353680803,897.8236069399542,1802.1938443471788,1951.8311121705046,1588.025504775044,1214.8675681406255,988.5412005578454,909.9816349505994,822.0697401043956,814.5878767132292
774.2086608364298,964.3420978359549,1836.1746339609026,1914.6675954126663,1558.6459488278806,1258.690703280069,1064.3271796852255,919.4889770063756,843.7993356064605,817.6350151225392
775.1642849328418,1016.1226090901365,1848.5182519610232,1999.436831355407,1601.0492770534624,1256.0925241520138,1049.868378395713,954.2553653632463,895.2002690784874,852.0806749658063
776.1198076734399,991.952404481124,1849.7050040040635,1936.9818002356099,1592.5669161820883,1249.0904923030992,1109.2599262977185,985.3831832593946,923.4448117402327,864.321820744669
777.0752290743477,984.4088030717754,1831.1512409630152,2015.963621616337,1651.9963821664278,1283.3145411692399,1109.8172042293866,991.9521655474213,926.8906641949762,886.3450908883801
778.0305491516847,1008.1052721580049,1887.5967384872213,1971.7631261251786,1644.5544730607603,1284.246678790404,1141.447526730499,980.6802694445132,962.7121642184325,934.3414717561997
778.9857679215712,1028.4458241336088,1830.8804699257598,2040.7479926713993,1622.9122007796284,1368.4122184455496,1123.4085041090113,1086.3730589186043,951.5260533535328,929.6846369591902
779.9408854001193,1007.7878036223229,1918.5997997262714,2002.2652022911434,1645.7364981794726,1344.3509003037402,1148.4977988450623,1087.6502333433373,982.1177369262826,912.7134825258773
780.8959016034387,1037.264256959381,1896.2487197538685,1981.098461361759,1694.1347285081067,1379.5233270406475,1200.290164992519,1084.9326511211173,1014.3834277617476,922.860110971214
781.8508165476414,1050.2082147859564,1877.4139592816098,1983.1971823680356,1712.5446115883517,1403.771960417163,1228.419590616241,1053.0672208153192,993.0280941986991,962.5320298854954
782.8056302488257,1048.7014364593927,1908.3871519832862,2012.9694544298313,1709.7767244013153,1419.057113013213,1229.0819214130668,1151.3647975766432,1035.2688471543318,992.0926672452076
783.7603427230932,1062.9225433178087,1846.8880390680476,1998.871533949689,1711.2571986989878,1422.6809425946053,1257.230555761426,1136.0285281975855,1043.684126244183,983.0831124622629
784.7149539865422,1090.0571360014253,1864.5204653097203,2068.785168414783,1709.6277994480613,1434.6933175436166,1236.2370894083658,1139.4291732448291,1044.557415404563,983.5684282215346
785.6694640552669,1097.5652745194163,1875.8564771406118,2027.2447908674278,1735.1429804073532,1438.1889804047526,1233.4265817101489,1149.9689215786989,1023.8119934730189,1002.4623594859038
786.6238729453543,1146.8941874987029,1931.9184532420898,2086.5886617342812,1800.5946913147575,1390.0863392159852,1248.0621226130922,1154.6763363536559,1016.5431941782396,996.1150534339879
787.5781806728955,1083.0850479336452,1922.8895370322398,2093.185928216775,1735.0769456115809,1448.0058861862212,1295.2256952378093,1187.2091271150468,1120.063692876573,1024.6977138132331
788.5323872539667,1125.390119021905,1935.2049242542337,2113.869101907409,1737.1207272909303,1470.0954617766731,1272.0112648133697,1141.8971354355137,1100.144093918739,1000.1309944715808
789.4864927046547,1056.4760360966081,1908.783503685941,2099.469242197453,1711.3563501765475,1475.406825250687,1258.7184860330601,1172.0431503460093,1041.0670875300214,1032.3995539613163
790.4404970410324,1078.159384335788,1887.7381391217357,2061.3563317950257,1789.8980526428652,1478.152679058229,1253.696010077291,1168.325738541806,1075.2817347334683,968.8086994476388
791.3944002791723,1110.2452294036698,1964.501273789395,2077.6350709134304,1798.6356220736482,1456.3579477238122,1309.6675158595967,1154.348235062192,1090.1112485595618,998.070193272211
792.348202435147,1110.0663646882103,1901.3346504375882,2077.9144247001154,1770.5701689566897,1420.2740762304875,1272.3288599564785,1166.3809953989623,1054.7062192437425,957.3487220827816
793.3019035250181,1082.178079454031,1937.4324735247494,2127.171185252813,1813.4825613405874,1469.2831898137988,1247.126808745262,1146.059957272022,1056.4346361542432,1000.1804452398928
794.2555035648547,1069.5875206320534,1989.3755401586366,2048.5320310410516,1852.9339563491953,1448.3798896694534,1243.2404454804332,1127.7898745647522,1067.6792467326206,971.3114148112671
795.2090025707112,1119.3184245947969,1938.0526175209145,2118.403156522122,1826.407045758262,1467.6144390680288,1249.0944738231792,1126.9523098435254,1065.8812278536984,1013.3982667686909
796.1624005586455,1106.3239438860865,1926.3164113235814,2130.8388945011466,1713.2325218734666,1513.466375513984,1263.2830588828226,1132.9594300673507,1045.442832614625,991.2205928884799
797.1156975447084,1050.0523580642273,1880.5915082435347,2128.612924944678,1807.4204389485615,1463.4213858994663,1252.4606406594132,1131.7758900040676,1052.9031789458497,987.3342986685359
798.0688935449507,1063.1774243240618,1987.6382231330983,2125.404734774733,1807.1165871888877,1477.4270731223555,1249.3997435086158,1160.089039409901,1028.9733248820007,999.5197948068927
799.0219885754194,1062.7126706954962,1953.529904933544,2142.519915182341,1784.483564107987,1495.7752067429906,1317.2318804777956,1129.1915687729625,1063.66236923946,973.4410075628987
799.9749826521547,1105.6264310664387,1952.8316158305336,2145.937602078439,1754.9926397236109,1384.872832748459,1287.3732416527027,1090.4808635175834,1037.4713770965898,974.0493129857581
800.9278757911961,1081.7271458474506,1978.7460662656079,2140.7209716420653,1737.2045407042244,1435.040828335278,1261.699262932403,1152.7687710125633,1059.9410474634826,980.3744272785564
801.8806680085762,1056.929639194671,1960.175486071116,2108.2022062794686,1765.0064982804854,1432.1820891496031,1251.155781633656,1181.3852256118846,1054.1011031397343,978.6734750080896
802.8333593203353,1050.2638874435527,1930.6459485892653,2101.4663485130604,1747.6240915280564,1394.7204081690074,1243.6100543902658,1123.4726302680363,1008.9666479015364,957.3450984740159
803.7859497424942,1013.0724746232477,1913.685470102379,2148.913213978822,1768.425309541229,1435.7326837398848,1214.562374756456,1118.9718174839572,1050.5589676712864,966.2143583131992
804.7384392910826,1045.145075601765,1933.7527273241626,2134.3455938522143,1688.1670683038376,1439.7693597527455,1182.935502609352,1133.2559608991337,1007.651081858204,960.7835896787526
805.6908279821218,1007.659640191202,1934.9308489756847,2120.01119105162,1751.720005304557,1446.057016118543,1192.739982267137,1122.6337920868586,1038.5063638705244,961.8569292734201
806.64311583163,1019.4985635414895,1886.400005083656,2127.93410002737,1739.4199550597682,1369.6293833436173,1226.3940479700195,1087.8396059092845,1032.605064817505,965.2002011122826
807.5953028556213,970.7029294436137,1916.0831737713072,2128.9813041903412,1764.147063075785,1438.7036654748827,1278.3266597407203,1121.7011629126202,1019.4725452224233,945.3802443276934
808.5473890701068,1017.3317612275854,1956.3355041755033,2168.0076488122236,1704.5668739908579,1392.1872772802794,1215.0167597429365,1073.2803457130622,964.1806059663825,935.2738373155528
809.4993744910971,984.4829927337782,1865.5813003271123,2108.6750194411293,1764.9907958661397,1365.4229587017207,1163.3105562199516,1096.2502199126366,987.2771734132497,935.1191340631157
810.4512591345994,984.2128418736285,1887.2631081614695,2105.562449392208,1724.937956989895,1387.2270102996072,1200.6463767690614,1100.8257378302196,992.608970382503,950.6283278381302
811.4030430166132,1015.3054831335609,1908.6998587597923,2098.5461635803663,1764.453891861807,1368.0101376776668,1168.8576414443194,1120.4654460978986,964.121430363308,951.0927623854255
812.3547261531313,985.0184098188304,1932.6547167982364,2111.1542578564877,1713.0348626166187,1399.0251987654547,1204.6382640004483,1030.8114857971252,1006.5131189514995,947.6363069794062
813.3063085601572,984.1808266048005,1923.1119600323689,2145.5896181537605,1712.8894271464774,1347.1210739638504,1221.7417157852697,1057.7115780178028,993.6078460167239,984.1808266048005
814.2577902536797,984.6920986417591,1943.820075491857,2072.5875037757796,1723.2111726230785,1360.5793709117384,1210.9819174642403,1086.9485858084033,968.5961701062688,902.3188173130735
815.209171249684,1004.8381764203198,1889.3988331371704,2109.1183966899644,1706.6148858712688,1394.0827480591051,1165.839580747798,1071.1328723198696,993.4733714089683,930.0198767622563
816.1604515641558,951.3435961215328,1916.9430902868448,2162.144536639847,1781.036862269483,1382.8221102465836,1147.1245959227674,1056.837241645499,979.8553922090912,891.4688243376601
817.1116312130797,992.5980704593513,1922.8636265035577,2054.139679589999,1721.6996027092268,1381.7040695357098,1187.1510699975306,1053.986152837903,995.4313665691307,899.0992988366341
818.0627102124307,1020.3762223085704,1904.0107142707982,2099.2213224204047,1652.2173211502914,1342.8980966427025,1183.5232523079999,1039.2371506322038,961.9073445053066,892.1219097078629
819.0136885781868,975.0181876184291,1935.9056768655767,2094.1694986239304,1683.4371992986792,1324.517460668127,1152.1229405384915,1011.7580033837613,948.6408839920368,904.3646957620213
819.9645663263145,988.431612461789,1917.3873972396307,2070.325239855495,1720.0786990500283,1333.0137887259275,1176.299703082511,1029.970285764863,909.1305088831928,865.7037140663424
820.9153434727814,951.1360477839453,1822.1466604225632,2087.9745746694143,1678.8635293391542,1321.5983538088121,1113.2722224309607,977.5303087729943,1000.1539610493221,871.9532648167982
821.866020033558,968.3195735154037,1835.4573165951158,2068.0809641388555,1695.5048782354677,1291.7231810762123,1130.021377295808,1036.4045435282055,931.4402147584694,845.388377658956
822.8165960245971,959.5027841746692,1887.8099113269107,2133.5938757460376,1697.8000003721238,1323.452116102992,1147.6220492493087,1006.7689311783474,920.744543631653,881.0409801485632
823.7670714618653,948.1396181104749,1895.3339325139602,2054.1449552881973,1609.8522130031295,1296.0113822826133,1153.2705225271977,993.5141960459712,923.5617217287478,874.4059289652934
824.717446361312,884.9357667815345,1891.4441788397655,2082.756171019373,1654.8958535339452,1238.3446193300706,1071.5356409271617,979.1781274611442,933.9417943349315,819.9085379126038
825.6677207388858,907.4949594418779,1952.2023997169908,2050.6168687284144,1674.9385591367297,1302.0991284588363,1099.5924326084069,994.5539127981373,898.9783227005047,867.750654648803
826.6178946105392,891.0895319148129,1894.9872066996925,2053.2977937526434,1588.7936760523685,1285.4440481664749,1074.995243820636,986.8342582162982,880.6618884562354,855.066763603363
827.567967992214,888.5867728155454,1907.0949841324032,2047.4480709805362,1626.388810436137,1241.3661532716637,1062.1314680399262,954.0216579001479,857.2918277750832,846.8601794282625
828.5179408998482,885.8212219768437,1877.978967920897,2064.0678848635134,1611.188224753166,1317.8133505936323,1085.2022044153616,989.3094461949315,884.8717887271365,778.5352647599269
829.467813349387,882.5801517620265,1883.7866680081963,2036.577425463773,1570.613065770058,1288.7568237557334,1042.9629965445883,949.95992678902,849.3647697064664,791.4751038382044
830.4175853567576,870.1913160378675,1863.7467226808853,2063.9761312784753,1573.366632487224,1279.1907241210963,1064.7269973767584,927.12858862486,875.8850432965668,800.91763439036
831.3672569378941,847.3016212170603,1792.1139318032347,2009.8562478701888,1653.8948963868204,1208.94320703261,1035.696059901077,945.7590163082048,866.235735657665,775.3519863427624
832.3168281087237,838.4004122833844,1863.4278089959516,1986.5826718172398,1605.749942169872,1223.0225223252535,1028.8167771070684,927.450851554162,845.0318279737614,758.8234239988598
833.2662988851663,872.2493625220568,1804.0992780147096,1995.1994637299542,1510.8267157784433,1179.7125326084652,1066.1876698073297,882.6558082788275,853.3285520552008,775.7532291410917
834.2156692831486,847.7790607397942,1799.9877930152852,2005.049693485381,1510.4327946663075,1187.6501735559714,993.9806008897699,896.1964539063446,815.5007986287605,750.9442744066934
835.1649393185835,822.0860211806337,1836.6558512420847,2029.1396601229021,1528.4921178122047,1199.468070119379,966.2118288155314,872.3404146322756,796.4847264033821,779.417196551881
836.1141090073834,815.7170486902039,1788.1201428214831,1939.108513882883,1530.7751833394748,1161.3759610571822,973.3527065278918,857.4999941411573,777.7325528257009,731.2015453916846
837.0631783654643,810.7608054621884,1831.8245898060009,1996.4509035911635,1588.2157092915404,1160.9485712017251,998.2254517955818,842.1635127160056,806.9544167041499,733.6814331119099
838.0121474087317,869.3289212718223,1853.294623370698,1902.9705617290879,1517.0267329446744,1212.2839572460907,1005.9377517573944,892.2562774372329,785.2619486653164,688.7759914692131
838.9610161530873,790.570894975403,1819.5527956731833,1997.8842279535213,1505.8039121425347,1169.167572062538,984.1606316219733,843.9749602572155,781.0344547465079,696.1601367093416
839.9097846144322,782.762070156226,1819.1352373423617,2003.146296465567,1508.3186297042014,1187.9677702979993,939.1237991521102,829.4799038196304,743.6716379072548,738.9045120232339
840.8584528086649,779.0669722759798,1804.1047208110833,1925.6544818418565,1483.4813354149492,1136.0595775080933,936.0288684102067,856.5908356105674,744.6119219050519,710.1568715341241
841.8070207516757,753.7753945760442,1782.6931385030398,1923.130379317588,1501.8186568739436,1134.006835692984,947.7125366532773,816.8288496356372,764.284303752643,691.6772948961419
842.7554884593593,741.9585294590652,1736.9659782317112,1967.0972595697224,1490.6013699943383,1123.9191623852248,903.3368968703677,781.1094943339966,686.574237684772,653.1526823037331
843.7038559476023,766.0416903263412,1824.1367750895997,1885.420110315707,1462.1820764104036,1113.6331073119184,903.9291945850825,779.4474199070521,699.9705945356942,637.729707196679
844.6521232322847,741.6236360408525,1765.3137002783553,1886.199312362634,1473.65317588454,1110.996339631704,891.2915367166261,785.7564785478114,704.2066608719091,655.2767702663677
845.6002903292865,710.3218858021773,1756.658572030991,1939.5042326620098,1440.7472212025295,1074.0985928167695,848.1741116182333,745.7422493799139,674.9015222244407,648.0969227602076
846.5483572544908,704.9489037362603,1724.5900589368755,1895.8056000071476,1470.1580258380352,1088.509976189775,849.3821255329702,731.7312230098224,663.8189134232898,598.776138044639
847.4963240237668,695.7294979043905,1753.6983211639597,1962.6088315539832,1395.29221618291,1042.6359417630536,838.5169568406911,745.5613627680659,660.2722094436984,601.8155987382331
848.4441906529828,678.7422827754065,1702.5915572154915,1871.7991403862618,1374.6921163817387,970.3146718549825,833.6102402537387,716.9812846219082,624.2517051441415,587.9246533899648
849.3919571580083,654.9171101191736,1707.9398105002938,1804.363466654866,1424.3969800259576,1010.0616654607662,819.1237324814153,706.4703520235983,628.1857995020645,568.0403506135689
850.3396235547079,641.9404705562283,1710.2515062515859,1833.2980451843548,1391.665893821006,977.695367489055,783.1101431302577,676.2790395607219,604.7403541346935,557.0478971840079
851.2871898589401,629.7937734841149,1686.1296935551984,1757.697167814757,1355.0108459809744,985.7226788016525,755.7525281809378,663.1919281385755,600.2125507901641,534.3704744713702
852.2346560865626,603.1706631364822,1654.90178778269,1786.6067743536307,1376.2216712702648,952.4751927376728,758.7352487238977,636.5741017595468,568.8128405527585,516.321722716514
853.1820222534261,606.5034280421969,1674.8309513708691,1795.5567522133917,1345.2303522452519,954.3087114218454,755.0153259040303,615.1266995309485,592.1313088942776,475.2380731578668
854.1292883753848,596.9809052473341,1647.9360358676408,1804.3795849919422,1309.1349754941539,940.5808474957997,733.2691504967255,625.7741964972055,543.2334282475741,500.043491372767
855.0764544682825,620.9990340496219,1736.1056586588497,1791.8609898893112,1320.824570873344,910.3499771594301,736.3548917678178,620.0377352353034,546.9790253471127,486.4172000450598
856.0235205479657,592.9264763951072,1641.8760801640124,1788.4205101023153,1347.8231121957072,907.2257142890991,713.4399878575274,586.1777197532117,536.0440989848449,480.12582966628196
856.9704866302709,559.196314219341,1684.3146715232042,1729.4731367608485,1255.7896609702384,909.8950336180687,680.2594337926005,602.4331426383623,508.27293852582716,457.3495628323133
857.9173527310339,569.5779766477825,1657.9129993670304,1756.6782040719488,1259.97552409964,866.8324762451101,664.5076394224129,562.8657782697784,516.8392751063212,456.42948970428364
858.8641188660948,570.250564787104,1656.0306805686105,1795.2332595149574,1272.02356623386,806.4149401029755,668.1723789424655,561.6104047145723,503.04931977852283,453.1283949150053
859.8107850512752,552.2316644286815,1632.68492091958,1739.289642226682,1249.484165950808,844.1941444048887,681.8860552075893,549.3504557447058,492.6866849598497,409.13163312455356
860.7573513024072,573.0108380335784,1609.7963342749358,1763.1102708725487,1235.1354017145193,825.0206213159046,636.2528368800937,531.8077175729699,491.56280921609647,436.94471930319685
861.7038176353163,532.7073159636499,1553.09093377172,1729.3825635150863,1186.13607403417,820.1393209800077,660.1355048542351,526.0005691799348,481.9276617440933,431.14800752453675
862.6501840658128,528.0888878968227,1599.5735879773324,1646.451043605855,1186.286632231993,824.6605459548209,609.4069231707899,503.215135930668,441.9874387832103,420.9404178887717
863.5964506097263,536.1515843171006,1601.7648044838872,1645.7273229840416,1182.2094648845873,805.6609368615256,580.1141028172551,498.879014284361,450.1379611646246,408.086856512303
864.5426172828592,532.3540242786411,1555.0089721747738,1689.7700447480026,1175.5753139366761,764.6018302027161,561.0265929112429,529.4867674153809,444.42481380532877,401.41596085642595
865.4886841010266,525.4589924705997,1523.639304809823,1698.1530577836352,1175.5706656367797,775.7232206363416,599.2917341133665,491.8986553602512,431.49004856162384,396.97084467669396
866.4346510800351,538.5687202320531,1539.8649327133924,1683.867264326241,1142.4184974619309,742.0920155782122,570.2492331868798,494.4080052041129,445.4472124557445,394.5663886192047
867.3805182356847,536.3803963052015,1560.9921407733063,1666.9200466863624,1140.1694600096205,748.2362081313134,590.3073302245755,495.93519586567106,426.6005665407617,372.67363262138775
868.326285583782,508.60213953831993,1556.5725215737996,1630.6034568185078,1112.3869101055504,700.8902830310685,549.9440903892609,484.56612160172637,420.1495935316556,376.88476124578716
869.2719531401162,504.34685457070833,1520.7258491151072,1620.634559353876,1121.0910081600316,732.0234346340567,557.1831917162111,471.6843916080339,427.49400054088613,369.85436001851946
870.217520920487,498.95814117588316,1471.9265164688554,1595.7065168759495,1135.1297711751342,755.1539559719616,537.3395366509511,473.05069923021233,430.8311642076376,381.894884976926
871.1629889406759,503.39983717312776,1500.5926443977587,1592.8185687653547,1077.8904910462775,743.5715152137421,516.8494511434022,456.3261882771674,402.5277323960697,376.5891911676834
872.1083572164789,498.6236295558847,1477.6168444257237,1566.0048481234915,1084.674523638909,686.9285069989548,513.0347171153034,465.95849775453576,410.2356258581171,386.21714659241934
873.0536257636742,493.7741342257542,1457.3061510125858,1581.230009602318,1102.826276441957,699.3532484753873,513.9477856240827,463.99398216155504,404.43367803315664,357.3618247703902
873.9987945980465,504.00883336215355,1447.4594028871027,1559.2472129636033,1107.2775325680964,683.2548046917149,528.1010338096752,462.57024859241625,399.9305274288599,347.8913744622131
874.9438637353633,482.9126300225583,1406.3264016026199,1549.947123904738,1027.5146978124694,686.2949951617994,533.9991956736473,441.46503902261816,404.8369353482525,374.95611392969096
875.888833191406,466.3931752482519,1429.9518589570114,1533.8084835483749,1060.6838604099419,678.9146014953935,516.3982167181675,426.9661233200492,411.57995671392126,371.1912693728355
876.8337029819451,478.1428646739208,1484.3551582045816,1501.637430421711,1025.4148182163603,687.4503837480468,526.1491763881698,418.615038148252,379.2498625425677,374.4492313711428
877.7784731227404,470.13361932060394,1384.3359550425996,1515.625836413446,1054.1805180659128,665.137707827302,524.1941587085995,417.03844670739403,381.3198760403256,349.46277247239965
878.7231436295624,453.04357473821807,1388.9488788152587,1523.6115124954085,994.5797373233917,667.5419126715994,535.7649068560244,436.6916835056284,382.82663003356856,348.1990956586729
879.6677145181676,484.6445854429232,1382.7756227518323,1481.8200519197314,1015.4457980708867,640.4232021924342,506.761302635755,440.4111510572596,398.1009094709726,362.52184268250403
880.6121858043117,479.58430719844233,1422.3815697431714,1465.7175011165245,1011.1717320449086,674.114488029939,527.7353420577238,412.17285839544843,383.28223747987965,366.910885627724
881.5565575037508,482.4392085951909,1369.0058504424655,1469.55430273485,1034.4888841620325,666.1334964370471,472.7710881824616,431.19817040772574,368.3553877249854,341.28465056934346
882.5008296322338,455.8468060660895,1375.2503007532976,1412.835978209064,1017.7044972638278,649.5576052611931,505.961042673778,414.40618733280866,383.56665711269267,311.2865081592958
883.4450022055063,439.6487042262642,1371.0097750213768,1440.4279914781553,982.4605912424632,647.9033535965999,499.4255017307124,418.4375825311375,376.9794810361169,354.8042174457571
884.3890752393128,478.59831760118885,1390.3522842636557,1477.3701601911446,992.0037855733733,661.3358570489155,495.0350274986034,415.75207387578024,375.1437317762854,336.469120252957
885.333048749395,438.6128271139113,1379.883717159252,1444.8993353376416,967.4712137888707,608.4297402664213,494.89500404445744,420.1755622573531,360.011855883321,349.33764991373465
886.2769227514873,480.1718383242877,1305.9512296360163,1437.611249821708,926.4605832184341,658.300100928459,484.044191859161,421.11844691747007,365.9374090455257,345.60755298744095
887.220697261324,456.38959144682593,1342.037333659987,1405.990015264001,941.8485836227491,625.9610956998929,493.21083237034907,406.9716102073607,358.52260899219874,364.3364891380182
888.1643722946354,447.74435168245145,1328.6643668147365,1384.0253820986838,966.3896527636424,617.7123810629915,472.9967446189888,405.9807787489473,360.3322222867451,328.28110817498606
889.1079478671454,439.6902334102679,1294.858682972529,1398.4861168379446,893.9076771755007,614.0167576698456,456.1544051458947,429.03694581662705,379.64443060974673,332.1888767835284
890.0514239945842,434.6378197951386,1287.4572390368248,1380.3864833582797,925.420391367823,589.5198936642303,481.1024419558661,398.82134021291114,366.876912477411,356.2287698989109
890.9948006926642,456.47937583211603,1293.1973860782991,1329.870147773057,923.5745511021883,626.3321668394151,474.81575667949494,398.57501526144597,375.4132710331779,362.86732624286606
891.9380779771091,414.1117055198707,1273.2245677872017,1323.4199260320345,891.9329041966447,590.7607547276477,487.4741521853956,411.21581946728423,351.3675077138297,349.43691701210537
892.8812558636273,437.4661983332941,1300.7586961528766,1277.4788984588654,923.4319751957781,596.5448159090373,488.8757515742355,386.05664509235265,363.7468389689252,345.316999127833
893.8243343679352,444.233848713519,1260.9257714575867,1315.2425739203752,903.0168409438564,583.9056264749748,446.1737345157615,418.04539038324606,363.72858792045776,353.0592160081243
894.7673135057303,442.6826675221798,1273.8024240517866,1311.5805948031325,882.4593219096408,618.0121266502205,475.6174830489941,404.9044967708341,349.6902472111749,334.19151049267407
895.7101932927252,428.28562128112577,1208.7605575565258,1255.5890537330497,861.4492109139728,582.4294211955173,455.6022440507648,395.11543648942126,372.6767820715035,343.408971961176
896.6529737446181,437.224644371577,1220.9107814929528,1317.529620316136,853.9543835382364,591.42440734191,468.4549761124039,385.49940742583243,358.17286715260883,320.11090034347603
897.5956548771028,430.2412855143177,1242.1638920379512,1241.1926927478512,881.8489554108363,578.8347768996239,475.88765214901963,396.2493103608163,367.11333165781514,326.3229614736135
898.5382367058737,424.9734878448703,1197.2997351611186,1207.9725853124737,840.244384643054,570.5123535451684,465.72437024095376,382.28208723944954,353.1743140993899,323.09628185466164
899.4807192466251,407.44259624212214,1197.9592123960958,1197.9592123960958,827.5568521759849,571.1994291815396,450.33129058339813,385.9982490714841,356.75595747515956,330.43789503846745
900.4231025150402,426.2195662867885,1233.8959133599267,1193.0255439899606,808.6494511057563,578.0237953752337,475.8478719503187,392.16092514515014,341.55951544900176,338.640203351147
901.3653865268024,441.58236224059505,1160.9814424471274,1206.7968310239662,825.6517898847329,567.330981951493,458.1538857683878,369.4474951196148,353.85076709345697,309.01017401825305
902.3075712975952,398.88436256813395,1181.0105636821222,1217.183900483644,823.1878266724725,574.8627578187813,453.63319664611316,397.90670481674147,356.8450792582571,327.51534671648255
903.249656843098,400.8411467674686,1180.962302823471,1181.942354527059,775.2208975380628,567.4499363774189,436.1230080966345,407.7015086925842,340.07794114501615,321.4569587768452
904.1916431789759,404.99721097619,1145.5355895002863,1174.8832134840682,779.6685438358054,563.4743804886122,454.8881717486192,395.2146696482627,330.6498968839426,330.6498968839426
905.1335303209088,414.4857919976517,1124.4755721724528,1134.2281790429856,800.6890240707577,556.8738523074331,455.44674085389016,374.5001038284664,349.1433259650807,327.68759084990813
906.0753182845584,413.0580310895943,1095.3327083246418,1107.9674245697354,760.9986784544761,555.9275147841128,449.99027857525215,393.62000609714283,334.33402987016575,320.7274123754497
907.0170070855893,408.9657052264137,1123.2020198042974,1186.1943677657118,784.0124538582196,534.9504011492426,434.16264441097945,382.7996529962877,326.59109635379485,326.59109635379485
907.9585967396632,400.51837646017765,1092.9399764421796,1105.5470924082385,785.5203025005906,547.9246554479428,442.2188369632954,370.45525377188346,327.7850151175304,316.1476773027068
908.9000872624383,408.9957492954882,1105.1587268197234,1058.747861651441,744.5076287411961,528.8904843135509,441.87011212302156,377.0882794922941,328.7436282753333,310.3726608128882
909.8414786695683,377.0850979313269,1086.6642539357777,1049.828177531175,727.9971942067519,549.6330347739392,433.3085829699309,353.82020757052527,333.4634285048238,328.6165763463235
910.7827709767045,384.1052990708453,1069.869052715006,1085.3884587380705,746.871414859977,541.2392850543729,424.8437398813895,355.97637565404096,345.30678401318414,291.9588258089001
911.7239641994928,385.8667385599891,1063.557317086201,1060.6487738307237,756.2212464240991,524.5073004044073,421.73877204420916,367.4459646086328,334.48247437989,307.33607066210186
912.6650583535776,383.7058833249473,1066.0644566937453,1010.9731837730351,721.985629329309,519.017781726692,416.567344365371,355.67699008458595,352.7774494045486,301.5522307238881
913.6060534546015,390.3907096141523,1057.1471195987192,1003.0335558898269,717.971032780483,530.5061870746772,400.0538459907402,370.0981232233176,308.2540504131549,297.62460039890817
914.5469495182007,379.2350783644615,1049.8925324695524,1007.4336432887985,709.2564442694128,523.9812914806682,414.93914426645915,380.20005311856954,321.33659311797885,299.1421737734938
915.4877465600113,373.025540368656,1006.0092941030334,1015.6731682058484,742.185531096186,519.9164267314428,410.7146493696342,371.092765548093,323.7397824442999,309.2439712900775
916.4284445956582,367.13046652654873,1017.5584584042925,974.1965922791096,698.607843127947,499.1432589521056,447.1090196018861,364.2396754515365,318.95061527634545,290.04270452622353
917.3690436407777,384.8566755970708,1026.9291193067568,975.6793609986041,711.6947568830254,491.2240985007839,385.82365216892276,365.5171441600321,322.9701749985469,301.6966904178043
918.3095437109914,365.1006814137077,1006.2058567343298,953.910268415125,704.0535686678131,499.71339949462384,409.6487751671044,350.5741291028175,341.85819771628337,307.96290899087285
919.2499448219168,365.8709866502187,1013.40455826132,995.9821303255952,701.736680744467,508.1541481253037,372.6463752918894,368.77472463950613,338.7694320835358,288.43797360255337
920.1902469891755,369.5068021215151,980.2060338262646,990.8185007279269,679.197881706388,513.2574901531228,390.7317359248397,348.28186831819045,325.1273950782,301.0081521198765
921.130450228382,366.48128368673594,983.7129193696595,967.3177040468319,700.1721367278165,486.06991310030236,399.27171433239124,346.22837064089,326.9398820257986,280.64750934957937
922.0705545551464,361.5379361008746,977.3124422405996,954.1121468758377,679.5753183928205,498.8063503423832,403.1051319627399,344.13771457730314,317.07070331841413,303.5371976889696
923.0105599850797,376.2525433534215,923.2658563826266,936.7723579389033,640.5940738119791,462.1153032468946,407.1245469106253,351.16904046319337,309.68478568320074,307.75528546087554
923.9504665337809,353.63712646339957,965.2554353468201,904.3834709555792,709.2066962408069,470.5499469608623,400.01576599958315,336.24513663733075,316.9207034972543,302.4273786421969
924.890274216854,352.33968275997427,982.8929401582888,936.6844571733742,670.9856800101148,466.8982134934085,389.8840751852174,349.45165257341705,325.3847343521074,281.1016048248975
925.8299830499018,370.55330841631337,953.4027831128062,940.8580096507956,681.2776972445761,483.4562695744088,389.85295989632965,322.30417971627253,302.0395456622554,298.17961536625216
926.7695930485132,330.17767068984443,929.2826615647505,922.5834044782898,678.5390391857962,469.90503277888,388.55691101471547,316.7791565169232,326.34952378329547,283.2828710846201
927.7091042282808,354.318979680588,907.2857970257644,940.7121158635557,669.4814144369061,462.2382376425999,405.8910144588946,341.9034898265512,312.2973217130789,292.2415304104041
928.6485166047933,336.02670581123226,907.4619512868305,911.258863216901,653.0688519721124,487.9031830140491,392.98038476228857,333.17902186367945,292.3622186154224,281.92071080772877
929.5878301936392,339.88354745139816,937.7739334443339,895.8835242346378,654.0616165241192,476.02737738291063,362.7328615657779,323.6986166203792,300.8493025059995,277.047933636854
930.5270450103965,364.23246289738205,878.7227042224048,923.4196383116397,665.6990183503067,461.2343198569982,398.4684124125407,328.09451618693686,314.7805358199307,275.7895933165556
931.4661610706462,341.3513649532718,946.0852594108787,889.985731465912,632.308238701743,467.8130126936204,371.778227567491,344.20388332335483,303.31778668549777,283.3501580949164
932.4051783899632,349.7351086905687,909.5013560241148,900.9480517354867,679.5125073743386,440.01998729275357,383.94832584508083,320.273727251961,310.7700558201521,293.663447242896
933.344096983914,345.81680297623603,886.8069248924847,873.5427187509305,664.1577503735382,448.1406789253689,372.3452152593445,330.65771024303115,289.91764852254306,283.2855454517659
934.2829168680763,327.0190088870451,915.8422532125627,902.6102701940117,645.5317429764502,444.2165727656393,361.9892497217869,329.85443381959175,294.8841929848499,288.2682014755744
935.2216380580104,345.2114966455679,900.7567740342002,888.495163497609,644.206153576292,448.9635858013396,387.6555331183836,318.8018739513714,298.05145612021704,277.3010382890627
936.1602605692752,331.2031424193803,914.347136764614,915.2907354609655,651.0831004825425,448.2093807669676,355.7367085245196,327.42874763397424,292.5155958689684,284.02320760180476
937.0987844174381,317.5767877318859,889.5919513913955,910.3239672077203,674.7328783858466,450.4501618274227,359.04081936453565,313.8073303107359,294.0176788496985,271.4009343227986
938.0372096180472,331.61213380964324,896.5809543742207,872.0170926105434,649.9975728234602,451.5971508860669,383.5741490789606,314.60638335786666,301.3796885620404,266.4234237444997
938.9755361866593,333.82785592320835,901.2406421949506,855.8476192932112,654.4160801667427,472.8439885597852,346.1217996257628,318.69684828929525,295.05464886130596,278.0322652731537
939.9137641388223,342.97339143361654,852.696277044903,901.0157327441142,655.6286930167477,476.562474837318,378.02868282324033,320.2348240457525,292.75905511875004,273.8102489621966
940.8518934900823,327.5047578182431,878.3942637437272,867.982262772627,664.4749710647591,448.6625873001365,358.74076073154373,303.8411192475608,291.536027190806,274.49820741991476
941.7899242559796,344.20615897328867,906.5043745963194,867.6270949326697,667.5513386148629,457.0450926311987,369.80826997130185,327.1380849746132,283.51967364466475,281.62322097814524
942.7278564520531,296.74865575620254,876.972864455231,869.3882342761588,637.1089350420706,460.7662833786403,357.42569718878065,327.0871764724916,301.4890496181227,269.25437135706557
943.6656900938432,332.2622986349835,836.8087521177363,864.260622945128,674.9373758596673,451.5359442988237,375.8066454646395,324.6893687515651,285.87810309904563,268.83901086135415
944.6034251968813,332.7026768683438,857.6754559495548,841.6529474318158,656.9228492272964,437.3202324841686,358.1501903965174,311.02516534434403,288.40515331930084,278.9801483088662
945.5410617766937,331.66608962987556,858.3744535591381,876.276884533478,643.5452818670597,432.4850430116843,356.1641530684459,302.4568601454263,297.74569409954734,270.4209310334497
946.4785998488113,323.6231150009566,854.8179072620019,892.5582122183816,634.0371232671803,443.44858323746234,386.8381258028927,308.52699301840465,298.1484091554002,262.29511944683946
947.41603942875,331.06827916868224,809.2780157456676,856.43873927397,640.4426255143454,439.53794328377757,363.1375711679278,309.3743463456632,296.16934375773855,254.66790705283248
948.3533805320368,344.3416920882736,852.8353141035599,843.4012951422372,631.1358685124795,445.28569497442504,360.37952432252195,308.49242003524785,282.0771669435447,278.30355935901565
949.2906231741873,329.4983791916541,867.6475944903443,882.7535373759216,634.4496011942452,888.4182659580131,354.0455363807172,293.6217648384081,287.95703625631666,274.73933623143654
950.2277673707068,329.0785630744656,848.6266669542093,860.8846076991034,624.2120594707628,692.1021928270997,339.4506667816837,305.50560010351535,280.0468000948891,264.0171852746429
951.1648131371147,327.7762253217002,804.8831664776421,821.7885305343486,620.802535637948,449.87052128680347,357.8302058669564,294.9046841003263,284.57362828789445,273.3033855834234
952.1017604889166,331.3679379031216,857.602816561772,826.5370723833544,635.4356763767246,439.62734943397095,343.60595833704366,306.89189703527734,289.0055594780066,269.2364495462863
953.03860944161,318.6103733301461,843.9885405618619,845.8682477791489,609.9649920096307,440.7913424538009,347.74583519809454,328.00890941658105,273.49740011525813,267.85827846339714
953.9753600106959,317.8582518079443,844.1636064335613,856.4252007169539,633.8301044953668,449.9061902444791,343.32463993499033,303.7102584040299,288.6190654398545,268.8118746743743
954.9120122116764,338.358475158293,875.4661979024028,900.6734195474331,622.4244729272897,455.66900666016534,367.44373090255885,326.72437286058664,283.0964892441878,260.797793173584
955.8485660600418,334.3576833808139,856.7309916192448,854.7926862083416,646.4248545362402,439.0261755695904,357.61734831165313,319.8203927990394,280.08513187552234,268.4552994101027
956.785021571286,115.99357657921846,166.25745976354645,194.28924077019093,134.35922620426138,117.92680285553877,115.99357657921846,116.96018971737861,114.06035030289814,115.0269634410583
957.7213787608888,311.162627661164,855.2140542861184,890.0024225960623,638.7530959131348,463.84491079925067,364.3115236902448,322.75875043114524,277.3406029153853,273.47522865872486
958.6576376443409,308.5010497897912,814.6355846011674,819.4559135041328,615.0739680183962,448.2905879757903,372.1293913089356,325.8542338404669,292.11193151970855,259.3336949795432
959.5937982371181,323.90246382349716,831.8190810075898,826.1859946802247,617.7618005677134,445.0138198618483,337.98517964191007,307.9420525626292,273.20468687721063,264.7550573861629
960.5298605547032,303.7784612493817,787.190625590503,853.9654576298408,635.7716402618638,430.74469118333377,326.35023545986206,315.06434835462187,275.5637434862812,248.2895163152841
961.4658246125656,322.67076529747555,838.3762406262855,818.505020476001,621.6853161303268,424.8656117846526,324.5632624546455,316.99327382596573,283.8745735754917,259.2721105322824
962.4016904261772,282.6661852528664,803.4169762052948,865.072352183269,626.039202237892,437.27889732070946,339.5788400017657,300.68852592335116,281.71764100705144,261.7982118449367
963.3374580110068,309.208780592639,804.8942411734541,835.3394134164217,615.5633262874998,412.9126485452472,351.07089242671935,309.208780592639,269.2494920237441,251.17267100448214
964.2731273825156,314.9541975076812,789.7643019074786,806.8917205030625,623.247732228191,411.05804629401297,339.6938021457468,301.6328719333382,278.7963138058931,264.52346497623984
965.2086985561692,301.86158286272075,803.6945613127328,803.6945613127328,616.1023473570358,422.79666495598747,339.9513724983953,291.38689071291026,277.10321959953234,261.8673037452625
966.1441715474248,297.7087442993511,823.6925640998022,810.3765180289047,619.1961422967335,445.1363972271448,340.51032095580734,301.5133288910361,292.9530135597449,241.5911215719974
967.0795463717333,310.7160805411217,808.2430561315067,857.80513032825,622.3852778937191,439.3868500903592,354.55945386901004,307.85673010669416,269.73205764766084,259.24777272142666
968.014823044552,309.56417685366443,829.6319939678208,800.1043340217789,601.0307556758839,413.38723924458577,353.37941419295237,299.08662009861735,277.17900142897344,264.79643435482683
968.9500015813246,307.3168016494885,835.7868157009455,838.6589353425295,622.2925890098677,431.7753194514621,354.22808912869397,297.74306951087516,274.76611237820316,267.10712666731246
969.885081997494,300.9252069616329,801.1894045220546,837.6071047276025,630.6012298750143,414.0117497051765,348.84323354788023,301.8835674933579,274.09111207333444,269.29930941470974
970.8200643085074,306.02802060954104,832.9700185965945,840.6207191118331,617.794066605511,428.43922885335746,324.19843433323257,297.4209825298977,272.55620585537247,257.2548048248954
971.7549485298005,296.26834574553146,791.9665164589288,809.2248666965326,612.6714334349341,425.7059725275598,348.04339645834284,300.1035346872212,263.6692397411688,260.7928480349015
972.6897346768093,287.0220589593767,808.269477069549,826.5083370034225,608.6019577934609,436.7726984164428,332.13923879580045,317.74013884800564,278.38259899069976,255.34403907422808
973.624422764966,301.55585252992245,787.5025448233644,808.6306618796009,627.1209289873865,415.8397584250204,334.208397071379,300.5954835728208,273.7051527739742,256.41851154614426
974.5590128096956,294.2844155078203,777.0647311448326,813.6098546392678,589.5305447918099,425.07748906685157,332.7529665545942,285.6289915222962,267.3564297750786,266.39471599890925
975.4935048264307,292.5854954378159,808.2312200707983,822.7156505380169,636.3493118598042,431.6360279231145,337.00441553728626,306.10429720721993,288.7229806465576,255.89160492086208
976.427898830585,287.11356220106495,791.7373987968762,804.3046590952392,617.7291792810792,437.9206857814223,334.4824664025875,288.0802745317083,284.21342520913504,254.24534295919221
977.3621948375841,293.5322988625228,787.5965642746899,813.7529077376869,627.7522431119299,405.90770040725096,339.0637115573696,281.907257323413,284.81351770819043,248.9696396292685
978.2963928628417,308.83232636282065,784.6271291655413,816.4754628217071,636.0015721034338,414.99343855004025,331.0296498201484,308.83232636282065,252.8564672095594,247.06586109025653
979.230492921768,300.3158463548376,811.142478900526,799.5547292019471,632.4980043807674,423.9185098063464,324.45699156021044,290.6593882726885,272.3121179166052,249.1366185194473
980.1644950297776,288.14506260019607,809.5045236928585,812.3956112774758,602.3099134619483,408.6070452925857,331.51137636945634,285.2539750155787,268.8711453694137,249.59722813863135
981.0983992022702,282.42316601397766,771.121272393113,799.0744185173635,587.9799701997488,426.04450299719497,325.7987375860903,292.06218191889155,269.89244533758955,250.61441352776174
982.032205454656,295.5515668673283,774.0177842388663,814.4515490871653,623.8352290880415,428.4053656545964,347.5378359579984,304.21594504910667,251.26696727157227,246.45342383725097
982.9659138023272,301.79438123552916,792.2102507432639,819.2943618797858,626.8037148737913,419.80372261608863,329.8457820554982,281.48129788313776,274.7102700990073,246.65886927903824
983.8995242606834,278.5386702188834,744.7040835713201,872.367640754975,625.7448598320053,410.0708200444672,329.79752272444176,284.3415591817768,249.52422540441637,247.5899290834519
984.8330368451207,304.8286570013085,754.3053072930469,821.2899484812325,597.0370192860023,416.46972564828457,330.0692464345379,299.0039055936402,278.6172756668011,255.31827003612784
985.766451571024,297.8987862585933,809.2755300966346,840.3268693809179,659.840959791021,426.95591515889595,317.3058733112704,283.3434709690855,264.90673826904225,253.262486037436
986.6997684537855,297.911452088989,767.5829270436166,831.6290372647022,613.290025147365,435.707628625264,321.2009467148383,291.1186828231163,257.1548364937527,244.53969357141767
987.6329875087796,275.10369502333424,795.2821606132303,841.7785597721037,655.7929631366101,432.99771716700843,338.0675688843086,289.63381976048214,242.16874561913224,233.45067077684348
988.566108751398,287.29712633952244,779.3905150359342,832.7734270246968,624.0947710686248,418.3279103119398,341.65063672808077,297.0031103374793,271.7675519427915,247.50259194789942
989.4991321970084,279.9117575365047,784.5277633376082,812.6157943706831,659.5844528801373,415.5091487306592,344.80479475085,287.66017989045633,270.22622959406505,238.26398738401434
990.4320578609912,295.00640221333924,787.9776269645772,801.5634481191388,614.2731993455386,419.2196241979031,321.20762872570816,301.7993127906201,250.3672755626366,244.54478078211017
991.3648857587103,278.56037363649625,757.7621352769024,870.7446644441527,633.0917582647643,414.91859849352244,336.99961286093605,283.4303102385329,274.6644243548669,239.6008808202031
992.2976159055361,295.0460478920638,766.3407250529843,837.4244263603132,625.1470717713036,427.4759571769506,317.44228255053736,282.38730656336145,270.70231456763617,244.4110825772542
993.2302483168423,305.886475821448,747.1812960351931,853.3648178967785,630.2820059123467,398.4317471687014,341.93042360932566,288.3515823030211,263.99756352742804,260.1009205233332
994.1627830079706,300.7528548045415,753.8350776269677,806.5644742485432,651.3056953072377,413.0469402023411,336.8822561933988,290.988151726472,255.83522064542169,241.1881660283174
995.0952199942984,284.8979481085374,762.0044433998894,854.6938443256122,614.6770798232143,430.27395587624994,342.46294447293366,297.5817608667942,274.1654911592432,232.2113412665476
996.0275592911639,299.1582199494692,785.4121344601699,841.9306255255419,624.6267719466115,433.6332504153543,329.36637896716803,299.1582199494692,259.2054935067062,253.3587530516677
996.9598009139264,304.208130917979,750.2496347719933,840.240464496926,647.5427095424506,432.3472471567419,352.13802935843233,289.53571302804437,256.27823247752576,256.27823247752576
997.8919448779344,290.669403506025,748.6939181215795,846.5624041505441,680.1859779013042,426.70659908628585,351.3478648439831,299.47756724863183,277.94650032225957,232.92699674893584
998.8239911985327,307.0175415671975,768.0342972751298,799.42267213184,635.6145908483833,425.70483399413325,352.1383304237185,287.39980728175357,265.82029956776523,235.41281142532713
999.7559398910597,302.2000139904186,800.6338032992908,833.0123762268356,626.9669121424594,414.05326592193717,351.258457820032,299.25650736064176,272.76494769265054,248.23572577784384
1000.687790970856,281.6953983081569,766.5648295424061,836.2525413189884,664.487054545722,439.719646139562,365.12434902660056,300.3442225863972,281.6953983081569,256.1759545589859
1001.6195444532569,301.9487756098695,786.243240386738,847.0251367757377,639.1902652520613,431.3553937283849,346.06466815027244,308.811247782821,271.5578274153696,248.02935139382134
1002.5512003535949,296.6100185379582,764.114551067985,856.4368747188727,648.220570314743,427.23628498017155,351.61055177678486,295.6278661586934,267.1454471600153,238.6630281613372
1003.482758687198,299.57560256715874,790.0572263780952,803.7632996981612,665.7235612603528,437.6153410049672,351.46288013598036,295.65958161856844,276.0794768756169,244.7513092868944
1004.4142194693891,302.4649977131825,786.0174536041604,836.9177121190003,639.1897848113534,458.10232663355805,362.17491635559077,292.67648646032876,268.20520832819426,253.52244144891353
1005.345582715494,280.93605711863813,729.2591029734683,851.6180128683455,661.716984711496,461.0483724838974,340.6472051473382,315.19655188920376,282.8937996769562,251.5699187438676
1006.2768484408299,280.24623192379835,742.750502791046,847.5978692800195,658.4806568279458,448.78592384999877,371.375251395523,318.4616271861345,254.7693017489076,249.86989209989014
1007.208016660716,306.0131253886331,760.6332637455481,841.7805142479652,661.8878143389924,444.8433611879491,372.49521013760136,306.0131253886331,272.772083014149,269.83904986345925
1008.139087390464,295.22628930140763,745.4218600301323,847.4269566658346,653.2249457632474,427.6367512804443,349.1712923299041,293.2646528276441,277.57156103753607,262.8592874843098
1009.070060645379,302.64676794066105,750.7212035930683,826.3828955782335,709.4511897829781,468.7094425574523,382.2389374315492,306.57724544638387,293.8031935527846,250.567940989833
1010.000936440771,314.6839169402335,778.8426944270778,834.8957671320569,662.8030000553667,475.9594243721031,342.2187596725039,325.501176585054,288.1324614484013,274.36504008226603
1010.931714791943,318.52462732319816,738.3086269127217,838.5848984774323,667.5253763964555,452.2263227428123,364.73036029909423,311.6429224118945,282.1499013634502,273.301995048917
1011.862395714194,309.6235459229626,805.0212193997027,846.3043588560977,677.240073463242,482.61955888309404,377.4458464584687,312.57234159841937,272.27213403384326,279.1526572765758
1012.792979222824,324.69491761575034,760.5732464150758,881.5958975264009,669.0683150870007,490.9780723947255,367.98757329785036,328.6306135868503,294.1932738397253,274.51479398422526
1013.7234653331219,311.7849693041866,736.6780505010591,843.884869599344,651.1093049822445,490.79085073435044,376.69919004259765,326.5382012901891,289.16334692564936,274.41011493964686
1014.6538540603799,305.8505798134894,765.1181707231342,872.3133900146787,669.7242599774478,503.5224979566127,381.5756429827456,337.32073593577763,296.99959840409576,267.4963270394505
1015.584145419885,296.7659329593375,781.2215784856731,881.4537810083633,678.0413700064332,476.5942963088698,357.69138939469815,341.9686909597663,291.8525896984213,288.9045837418716
1016.514339426922,310.1849412613905,731.0090972402196,862.393164717178,671.7380893558775,493.9250657028511,375.3830499341668,328.95409375809885,322.0391428382589,282.5251375820308
1017.4444360967681,310.17514806806804,786.3038785419814,852.4877477157411,687.5219842527878,493.9094714459682,375.37119829893584,330.9193458687987,312.1507859538519,294.37004498179704
1018.374435444704,313.85747323902916,795.0395930944493,830.6827130837397,687.120146460209,521.7756731765563,394.0544932149325,331.6790332336744,303.9566065753374,282.1746999152155
1019.304337486006,336.60858064162363,812.2295544685786,841.0249787712544,676.1959982800759,518.3176374481639,385.26291825648957,350.5098199601568,297.88369968285275,297.88369968285275
1020.2341422359419,301.4531041121529,773.596542009664,853.4516689267905,679.7667678820402,521.054703134251,409.2575254502738,357.3516929541415,338.38610031132396,297.4603477662966
1021.1638497097811,338.47066511039304,757.5769886735562,890.9742508052993,692.8693615200988,533.5890485269725,390.23676683315904,344.4436768476353,336.479661197979,294.6685790372834
1022.0934599227879,320.6420291766943,801.1087230513693,847.7656127458109,679.0066500212349,495.357190585667,419.91200724997424,349.43032281794547,338.5106252298847,320.6420291766943
1023.02297289022,317.5350840019589,783.914738629836,865.2831039053381,686.6696191542361,510.0407286781465,402.8726378274854,352.2654838146732,322.4965696894895,296.69684411433036
1023.9523886273421,344.56320402805375,766.5786556474279,894.6727574330732,741.7542173168764,491.5238789449181,420.02949655293,373.3595524914934,320.73174323072436,313.78090049816996
1024.881707149409,336.6456940472044,758.4429460004665,849.5353102720629,710.9164950761552,531.7021697157318,436.6492678671093,390.11295133705454,317.8331405563313,321.79367813335716
1025.810928471667,348.9658392350585,769.5144147234624,848.0565836681052,700.9142924806731,533.8879078895341,430.4906221902574,355.925271926356,333.0585645120929,336.041178522649
1026.740052609366,352.8170128295204,785.8197103930228,847.9636160618588,703.6293835406914,526.2185560667564,424.98412909010415,390.90521307816186,349.8100496519961,322.74738105427724
1027.669079577758,350.64105702478366,758.7147009760405,856.4508576754773,704.3048817825396,544.0981919350091,412.1040009285532,396.99016226369184,366.7624849339691,345.60311080316325
1028.598009392081,338.4735125026063,747.4623401099223,867.3383757879286,734.3666387333333,524.8354167079103,427.1213372056698,388.841594720256,363.6575536114312,346.5324056574303
1029.526842067571,366.0459612105047,786.5450406176134,858.1408071353706,737.1338778095839,564.6990035203379,439.6585098836916,391.2557381533769,382.1802184539429,351.9284861224963
1030.455577619472,357.19650048624067,761.6838052622089,855.2592265163509,713.386813647168,536.2978443920176,452.78429639100926,390.40068222158135,369.2707483900009,349.1470018837338
1031.384216063008,377.88221422451915,816.9071739866926,888.073320432159,733.7129464518515,546.2753494757637,460.07410166857903,397.9290160401435,379.8868944060816,365.85413313514454
1032.312757413412,351.20643302039235,798.4693263540544,856.5034377933215,725.4263929908388,570.3352331100389,453.26642210324144,383.2252531248156,391.2299581509214,336.19761109644395
1033.241201685916,367.8314291376012,793.6362900414548,840.6147606106593,745.6582775452459,527.7581374582974,452.7924929329711,410.81173199878833,388.8218096046926,332.8474616924489
1034.169548895734,376.28514034017786,767.5418379883204,891.3067117341614,708.6537125769928,547.9589974715057,443.15809631575326,404.2320473150452,396.2472167507974,365.30599831433716
1035.097799058094,376.5760916017772,774.1843585323771,871.3329779083675,726.1108149236396,561.8595409271197,487.7461611969827,407.6235885157535,370.566898650685,359.550044907016
1036.025952188207,366.13886434962166,786.2982168819743,837.3175668323315,711.2697610726257,551.2090553460151,488.1851524661622,417.15821429997874,392.14872903019585,378.14341727911744
1036.954008301291,397.76575010878213,768.5473915418429,892.4744091636745,736.5662257039509,569.6645164874518,477.7186647035122,428.74750451424006,398.7651615412163,379.7763443249679
1037.881967412555,382.8778152080433,757.7581825788428,866.7234093612885,703.7754096774477,579.8149682001699,450.8561218246149,420.865692434951,417.8666494959846,373.8806863911441
1038.809829537204,392.7808390005973,768.4404619421942,855.053672593608,726.1409869728991,587.1569977880723,507.59369963154114,437.094574682716,421.9876193365391,394.7950997134209
1039.737594690447,380.3578655725369,773.7968217600023,871.4018825021614,741.5972140924861,559.4681832230966,478.96916405430574,459.8506470017179,437.7134167303004,389.4140052290259
1040.66526288748,374.815665583029,770.790280029616,876.5850243474065,739.5556412310303,556.1780844135269,485.64825486833325,476.58013392680834,408.06544236862027,410.0805803556258
1041.592834143507,380.86854979151724,799.0178835573365,890.7084603589981,687.1755316344306,560.2193483705915,508.8323218114186,440.31628639918796,409.08103496125926,387.9216710839528
1042.520308473715,403.85322702527935,752.0374628565979,864.3876087207733,724.7090489977444,540.4952963195468,513.1668824606933,470.65601645803235,414.9870252640715,389.6829383577257
1043.447685893301,394.08312801770256,768.9673344140298,841.7211426634518,736.6323085253978,584.0514051134155,488.0567970065393,462.7950580310455,414.2925191980975,415.3029887571173
1044.37496641745,392.761061657347,733.8963136638571,833.0988498556612,726.8104182215855,610.3992788128356,508.15993028862937,459.5709329701947,442.36232975324907,397.8224155446839
1045.30215006135,399.28324879730366,770.1910382892152,848.2235513790436,751.9496715928917,587.7773713259801,514.811904540686,447.9268933208331,420.5648432763478,418.53802475453404
1046.229236840183,389.88723376525684,764.5047325266524,847.9792838810939,717.677545181478,592.4657181498159,513.0630961297375,465.2179264509723,435.6964387768406,416.35477443861635
1047.156226769126,380.3563892721489,793.3438896882891,877.9808342180166,730.1211118468059,572.0641672430979,521.0780560806115,454.7961115693791,439.50027822063316,438.4805559973834
1048.083119863353,394.22689699830556,807.8086028931688,837.3501533142304,735.4827380691902,559.2521096952706,541.9346491036139,459.42204275513126,413.5817058948632,421.7310991144664
1049.009916138042,388.6429012802866,795.5988188512674,845.4509187537125,716.2424149249262,607.3817069746888,518.8687949030004,454.773237885571,446.63411953415135,419.16459509811017
1049.936615608356,391.45450996711133,795.1419733706949,843.0543743302112,778.831368788732,585.1429393779217,500.53167810898873,456.69692829496324,456.69692829496324,455.67751550859055
1050.863218289465,399.8673779857942,760.1539749019286,807.8538905499802,712.454059253877,598.7861751563923,527.7437475954644,467.8651300798252,428.28434901016533,425.23967354326845
1051.7897241965331,374.8830678079755,759.898110421572,825.7559466581082,731.5285809658333,603.8656984150092,533.9550722562246,489.37438311149236,454.92566877238113,430.6089292388908
1052.716133344715,400.47298959035186,763.4333193962909,854.6803296827003,729.9760822912742,566.7453194455866,516.052535953137,479.55373183857324,461.30432978129136,400.47298959035186
1053.64244574917,401.0015941247199,747.3211526869779,803.0158185376334,739.2201103814281,586.3129368641737,496.18884121493113,477.9614960274439,439.4815450760819,410.1152667184635
1054.5686614250549,398.3123477347142,726.8694873636028,826.9530468197873,753.1540585339139,578.260565746844,526.7023684512337,479.1879513356714,445.82676485027656,418.5312486349535
1055.494780387515,371.6018946283081,759.4044168153436,826.2320054950939,738.141093144514,574.1097391123998,513.3573857671722,445.51725786500157,441.46710097531974,417.16615963722876
1056.420802651697,368.90864157789537,757.0735034579336,811.8017085271819,703.3587836677456,599.98328520361,530.0528009484595,487.48641922793314,430.73124360056465,416.5424496937225
1057.346728232751,381.53729304341283,762.0625508267635,815.700419610055,726.64131672459,593.0526623963923,516.1379826316726,471.60843118894,448.3316202075116,428.09091500626954
1058.27255714581,403.608413747942,741.300880526999,800.118187053081,707.8358612966421,612.511261064716,529.3557587347381,474.594818175972,455.327079831221,416.791603141719
1059.19828940602,417.5452981245552,723.3388132960664,820.8676420550865,713.1795603003351,567.9022424613779,515.0741268835753,500.85117268955156,433.8001029177252,426.6886258207133
1060.123925028511,400.5359009003492,730.0907560715226,811.2119511905806,727.0487112545579,560.7502612604889,537.4279176637597,476.58702132446615,435.01240882594885,433.9983938869606
1061.049464028412,387.76633262477407,750.1552874599686,827.3025159402902,684.1741052070621,571.4985478213292,513.6381264610882,469.98903666301146,465.92865621667875,428.37013708810116
1061.974906420852,379.8592219574074,699.6334731494339,788.2333452949955,711.8541451695114,605.9416543288402,522.4337288583109,475.5878194480141,455.220032747885,444.017750062814
1062.900252220959,406.71421742221236,724.9680925550934,808.344507126647,686.3302418999833,576.517403195986,492.12420308087695,463.65420786132205,439.2513548159893,434.1674270982117
1063.825501443855,392.5981829982862,745.5297102014086,775.025428613197,703.82886692957,581.7776183290665,508.5468691687645,503.46140047707684,462.7776509435757,428.1964638400997
1064.750654104657,377.1802937339101,752.3217750692585,805.3308974318621,707.4679023009016,590.2361893836053,504.60606864401484,501.54785004617236,441.4028842886029,421.01476030298613
1065.675710218478,415.9231534220467,732.9626159569892,799.2248830462859,686.0693192476408,567.8166579805883,502.5738103849731,471.9912255745285,439.3698017767209,408.78721696627633
1066.600669800435,400.3819060539451,751.8622052616068,818.0831311992822,696.8478975595381,568.4811795880441,494.1099858426549,483.9221510830125,459.47134765987084,430.9454103328722
1067.5255328656351,410.53274974893907,746.701006367177,773.1869902219472,685.579505163861,587.7851032385554,495.0841597468595,481.8411678194744,446.1869587842067,406.4579830020513
1068.4502994291831,370.04759227754676,686.0661972528621,793.1047570025657,713.5903983313574,557.6199255532179,486.2608857200821,456.6978549320687,451.6007806582733,427.13482414405536
1069.374969506182,385.05211681073774,779.2964592217319,820.1507952228711,697.5877872194533,568.8966288158646,497.4015408138708,487.18795681358597,439.1841120122473,413.6501520115352
1070.299543111734,377.51961062860914,736.772143323576,742.8611693014567,688.0599355005296,542.9381496943707,483.0627275785429,466.8253249708608,423.1873054627151,412.0240911699336
1071.224020260936,373.88311176516044,725.4750894955416,803.4940586172689,704.1971888259797,554.2386507738286,480.2726151129703,476.2196816521014,431.63741358254293,408.33304618254647
1072.1484009688788,372.9697116696495,744.9231570949676,797.769001800204,675.8170524804276,578.2554930246065,498.9867259667518,444.1083487728524,420.7342251532286,404.4739652439251
1073.072685250652,378.07138521368785,736.8844424942388,737.8980387012459,683.1638435228568,560.5187024749849,520.9884504017039,446.99592729017786,432.80558039207693,395.3025207328103
1073.996873121349,358.7603601094012,710.4465722729832,755.9232376389637,638.694500251103,554.8153174649613,464.87257929668885,455.7772462234928,440.618357768166,403.22643291169317
1074.920964596047,373.51612662816206,696.2827795296716,764.2870743233859,633.3534321086225,540.9893899261151,463.8501898616034,445.5803793200085,432.3855161510789,393.815916118823
1075.844959689828,396.69553056197077,714.2548683264129,746.7209987048861,618.8856103396474,548.8805167110644,462.64235789324465,441.33645983237153,426.1179612174622,386.5498648186978
1076.76885841777,357.1976973619915,720.4839918381078,783.3994953507314,663.6570854396092,559.1361683137992,480.99917201586356,448.52665407386434,421.1279670603025,410.98030520342775
1077.692660794954,347.015929050128,692.0025251818342,771.1465090002845,644.313201598922,519.5092271159812,485.01056750281055,472.83456999227974,399.7785849290949,392.6759197146186
1078.616366836443,359.8540283041912,732.9230350489318,761.3860655362689,621.1039867058215,531.6487480313333,489.97073910344676,462.5242454192288,418.81316288510385,390.35013239776674
1079.539976557306,367.7166247605121,686.6752440279176,736.4490413021306,652.1383234703005,535.322268643066,468.2800110900444,425.61675628357614,390.06404394485264,386.00087682042704
1080.463489972612,366.8125150441944,708.1519387658753,750.9467321876981,642.9408249802408,535.9538414256841,474.81842225165167,445.269636317536,416.7397740363209,389.2288354080063
1081.386907097422,361.67083291802163,709.1186555527503,757.8832622383262,599.3982905102043,500.853147833103,441.929248088032,430.7540257225875,394.1805707084056,386.0531362608096
1082.310227946797,361.17963766223187,690.8196449933956,752.8814982254975,629.7751991913283,504.63408529709017,436.46778748478164,430.3633429045749,394.7540828533689,378.4755639728176
1083.2334525357871,360.8027173447693,679.9352617004243,739.8996569774424,652.4939282685687,505.12380428267704,432.96326081372314,425.8488410350939,428.8978780830779,380.1132853153344
1084.156580879448,365.37778195351666,696.15153998943,728.7200330883508,607.6059493767394,529.2380128574614,467.15432288764384,425.4259411046517,416.26605242058025,375.5554360469294
1085.079612992828,337.58878879862783,667.0673364249162,748.1697481483103,618.4058893908798,503.84873283158566,438.9668034528704,401.45693803080064,375.0986542206976,359.8919520225612
1086.002548890974,338.0807218521689,677.173661434434,727.7845479392497,618.4650330888478,506.108865048157,425.1314466404519,409.9481806890072,398.81378565794773,351.23955234342094
1086.92538858893,337.32249111576965,694.9045913075614,711.1122785683792,599.6844286502571,519.6589727999694,443.6854387648862,395.0623769824329,365.6859438222007,353.5301783765874
1087.848132101739,355.4852234551623,682.6126513070639,686.6637649646725,603.6159349836944,509.42754244429244,453.724729652173,414.2263714904883,353.459666626358,353.459666626358
1088.770779444432,342.3190961500388,672.4848516083601,716.0343224203474,607.6670345858677,496.2614115784586,444.6097136386598,384.8557885710495,375.74078305226146,357.5107720146855
1089.6933306320461,341.7922093417638,666.2913604727836,714.1015802318994,615.4294245588306,473.0160039997624,421.1368293675304,366.20593858046124,379.430041918089,348.91288036971724
1090.615785679609,336.40350699167556,698.2921281493872,719.6996240488575,595.3322669186016,486.2559782879674,419.9946814562737,397.567780990162,374.12147595740885,346.59755265808997
1091.5381446021531,335.0481284000667,647.6918226821957,718.9786585119971,585.5704371733688,490.8607838566326,393.0959804329049,399.20628064688793,367.63639620797585,333.0113616620723
1092.460407414699,316.15866533206713,664.8481258108421,705.511619744227,610.9689963491072,474.74629167226806,430.0164483455447,368.00462009713283,347.6728731304404,331.40747555708646
1093.382574132269,346.36547542309853,677.4949328657088,715.0771105509132,625.692471732049,468.2536192670042,420.5140962614745,361.60149340358674,353.4756171473264,325.03505025041505
1094.30464476988,326.8192202710157,682.0575031742935,707.4316662388135,574.4710517807295,463.8397008194229,412.07640816780236,375.5376133548938,331.89405288391964,337.9838520194044
1095.226619342549,331.32472397840473,673.8291165573078,718.5477909593011,593.5387693355472,474.62774876661047,417.7130722549827,379.0923989078067,345.5533931063117,336.4063915240858
1096.148497865284,325.436774533512,651.8905389874412,686.4681962816269,578.667264717401,490.1891416411025,406.79596816689,357.9804519868632,319.33483501100864,312.2159055680881
1097.070280353102,325.87568367562943,672.1185975809857,687.3940202532808,577.4109770127559,456.22595714588124,398.1793509911597,374.75703622697387,344.2061908823836,316.7104300722524
1097.991966820999,333.5956828562335,660.0719456515109,697.7031659737079,566.5024248503722,457.6770039186131,384.44868329163495,358.0051230652262,334.61274286494154,295.96446253403644
1098.9135572839841,306.71613961137786,650.1159371164754,710.2363764422936,589.995497790657,438.16591373053984,388.2353793751992,342.3808070080497,334.2288830316676,305.6971491143301
1099.835051757054,306.431418121872,698.3785808358944,726.8838290332778,586.3936772033165,439.79525790248744,379.7306277722866,342.0629783686013,320.68404222056375,285.05248197383446
1100.756450255205,320.8644873814905,663.1199405884137,672.287497370742,597.9284256918569,450.2288997543454,383.00015001727115,357.53471451080367,325.95757448278397,290.3059647737295
1101.677752793432,317.3596670807125,677.5781959536756,709.2121177527176,563.2878978410074,420.4250252001722,379.60706158850496,335.72775070596276,320.42101435158753,297.9711343651706
1102.59895938672,327.45337847824965,656.9533405719883,712.211098190193,554.6241597975353,442.06206094563703,375.54809344224253,326.4300866705051,317.2204604008043,311.08070955433715
1103.5200700500611,315.1692135807235,689.4964025261137,691.5363327111021,583.4200329067115,413.08586246017165,365.1475031129418,333.52858524562004,312.1093183032408,290.6900513608615
1104.441084798436,306.9470091683078,689.3560737467643,679.1584986913388,563.9259005650306,444.6142724165521,349.7768244010949,347.7373093900098,278.39379901311634,277.3740415075738
1105.362003646831,287.7656486580916,669.0805541237607,708.7373042921904,581.632335803634,444.3589698359931,360.9781105075001,333.52343731397195,298.9508858850846,281.6646101706409
1106.282826610215,310.3540592952205,671.4195661876993,678.5191688513154,599.4093105995926,424.96193086502416,380.33585697943687,330.6386383341238,299.1975408238237,290.0694802563172
1107.203553703566,290.94447954556557,665.015953247007,697.4557558444219,559.5865948054084,422.7311775975639,343.6591587663649,323.3842821429805,305.1368931819346,275.7383220780273
1108.1241849418582,294.5101137294324,673.0213939177752,682.1299541362113,556.6342355710923,420.00583229455145,345.1132260540772,322.8478566312335,299.57042496189695,280.3412422785319
1109.044720340055,307.071222026825,653.6664627303701,676.9754993858717,578.6721708822346,412.46860516474516,352.675858961502,318.2190221664127,297.9502946398896,259.4397123394957
1109.965159913121,296.9706124580889,663.0987648036779,689.5413535841927,557.3284096816188,417.99630726121416,357.9919711823537,319.345110656986,297.9876351034933,269.5110010321697
1110.885503676029,293.6107028948153,646.351339011503,709.5591986624702,572.9486632877993,434.2991646985809,365.9938970112454,309.9224086111939,275.2600339638893,277.29899717843665
1111.805751643722,295.4121385753049,652.9626925061049,700.8398322062405,556.1897505590223,425.8009445671636,331.06532771370377,308.654751683853,286.24417565400233,265.8709247177744
1112.7259038311709,318.03639157247443,659.5931593705659,700.4981615020738,571.6474047878238,425.4120221676828,354.85089349083154,315.991141465899,272.0182641745279,273.0408892278156
1113.6459602533141,282.44799353252216,664.1621297195902,689.7461871047824,561.8259001788213,433.9056132528602,360.22352798350653,297.79842796363755,285.5180804187452,275.2844574646684
1114.56592092511,312.7545607153521,679.6790290055856,673.5465866386178,583.6040985897583,414.96193349814695,341.37262509453467,296.40138107010495,291.2910124309652,248.3639158621914
1115.4857858614998,296.3079016814467,666.1819030907009,676.3994169417853,595.6810575182187,398.48304019229045,336.1562057006758,318.7864321538323,272.8076198239527,270.7641170537358
1116.405555077432,305.12740973485404,696.9967252471749,686.7917951557083,555.148196975788,414.32016171354763,367.3774832928009,307.16839575314737,282.67656353362736,250.0207872409339
1117.3252285878439,295.75608318645027,653.5091460099227,690.0975274350506,515.2863717372175,402.4721956764065,321.1646813983446,301.8541467573049,278.4782364023621,266.2821092606528
1118.2448064076739,284.3694029604434,670.299306978188,670.299306978188,565.6919908891678,394.0547441023287,334.134048478521,295.54105807674654,270.1509328124212,256.94806767497204
1119.1642885518559,275.49422984939224,656.7131825930161,688.227282686489,548.9552919508184,399.51746247531787,344.621933280236,272.4444782274432,280.5771492193072,261.26205561363025
1120.0836750353192,306.3968849707318,669.6090863598774,701.0604222343565,605.6918553891618,415.9692809205299,313.4987995230335,302.3386480837022,260.74171999164923,249.58156855231795
1121.002965872987,282.1959832455955,676.0522476315346,667.9314999122369,564.391966491191,412.1279467543589,330.92046956138176,312.64878719296195,278.1356093859467,248.69789890349244
1121.922161079794,297.40092916316996,687.4850246066429,694.6144989358969,534.7105746940556,390.0840954434729,355.45522012995315,303.51190715967346,268.88303184615364,253.60558685489494
1122.841260670655,299.11995544278574,678.6156812256397,681.6679256689335,573.8219553392216,423.2445628033975,327.6075702468606,315.39859247368565,259.44077767996725,249.2666295356548
1123.76026466049,283.0272113624157,676.6277777015458,671.5556054549075,564.0255538261762,400.7016074844237,330.7056304808155,314.474679291573,273.8973013184668,246.50757118662014
1124.679173064214,297.9103348558966,675.1278578304278,678.1781342965292,534.8151403897666,387.385111194869,357.89910535588945,285.70922899149133,263.3405349067482,247.07239375420778
1125.59798589674,309.7983835997253,685.6193735403757,683.5879087298856,597.2506542840606,447.93799071304545,328.08156689413534,304.7197215735003,266.12189017419024,252.91736890600524
1126.5167031729761,304.0089903994066,665.9728719451883,700.542456137763,578.5321589874995,434.1533073596877,354.8466142120164,312.1430102094242,271.4729111593363,271.4729111593363
1127.435324907827,291.5452509252724,681.6267016406194,666.3891449720512,555.662899847122,418.5248898300078,354.52715182202115,302.71945914888914,283.41855403536937,262.0859746993738
1128.3538511161971,294.29183277366303,662.9203568707773,686.3415061918646,579.4188679869005,435.8370395402345,365.57359157697243,305.49325201418304,269.85237261252837,264.760818412292
1129.272281812988,306.2171624764407,663.470518698955,690.0093394469131,590.9991235795306,414.41389321811647,339.9010503488492,303.1549908516763,261.3053119798961,264.3674836046605
1130.190617013093,309.4666065807848,678.3671972068859,708.0841892295441,605.611802944516,442.68070875132133,374.0242099403525,310.4913304436351,276.67544296957584,287.9474054609289
1131.108856731407,308.56158442340177,665.1443425815714,694.774428503024,584.4279016231319,428.1036552099515,368.84348336704653,333.0830348411556,291.19222371082617,264.62731909159294
1132.027000982824,301.87053684945784,697.8837495977297,692.7672998206202,567.9259252591495,457.4106100735853,349.9651647542867,304.94040671572355,275.2649980084887,273.2184180976449
1132.945049782225,327.21722207270943,705.5621350942797,695.3365969045076,584.9007844549681,432.5402654273628,349.7134060902082,309.83380715009673,278.134638761803,258.7061162012359
1133.863003144499,313.4855489696812,672.9217484398043,687.2175063732751,587.1472008389794,430.9149891374771,351.2671949367112,307.3587955696223,270.5982751692688,280.8095308360337
1134.7808610845238,325.75369391912193,675.938914882178,699.3524616326148,610.7881760983536,439.7674867908146,348.14926037606153,311.5019698101603,297.2502457011987,278.92660041824814
1135.69862361718,324.59987305989574,690.9194790209066,696.0072513259207,567.7953892395668,428.39042808218215,340.8807444359407,320.52965521588453,274.73970447075817,276.7748133927638
1136.616290757342,320.4171703314669,673.3846563791462,735.4336957131763,578.7853013289036,411.96493328331456,343.81270975249464,326.52035452825675,279.7292756862013,257.35093363130517
1137.533862519882,310.54629891642577,669.9654579901907,707.6382876948062,571.2015530889012,433.7466338963848,377.7464816327671,328.87362147542797,292.21897635742357,277.96439214486634
1138.451338919665,323.44130769215,686.5499455729599,698.7552779387015,591.9586197384632,449.56307547147895,368.1941930332022,313.27019738736544,292.92797677779623,280.72264441205476
1139.3687199715641,322.9040788948204,696.7394005175304,756.8382669364402,596.9141647708667,442.08318687808213,365.6863227862477,320.8668291857048,293.36395811264435,266.87971189414174
1140.286005690436,307.25133136969447,686.9772292750977,729.849508070869,610.4195885683631,451.17969589835536,372.58051810610795,338.89515619514475,287.85672905732173,287.85672905732173
1141.203196091145,315.89980281074565,696.2063615343618,710.5189739594442,562.2812024139487,463.11524489730675,380.30655872361615,322.0337795643524,294.4308841731222,277.0512833712365
1142.120291188541,308.36047915885683,690.2373639449909,669.8161401596361,598.3418569108944,458.45647398121434,364.51884456858244,353.2871714866373,307.33941796958914,292.02350013057304
1143.037290997483,334.1577905626117,690.7971450162859,735.760272798411,599.8490001842601,437.36860660794434,381.1646968802879,331.09212275928496,311.6762266715491,291.2384413160377
1143.95419553282,356.8115637634669,701.3545350766141,712.6007448227405,598.0938819530892,473.3631920415048,389.527810297653,353.74441565088694,305.69242855380116,280.1328609489683
1144.871004809396,306.47222860628256,710.3185766694107,718.5185025184082,562.7199113874552,449.9709309637393,389.49647782738253,344.3968856578961,306.47222860628256,299.2972934884097
1145.787718842061,324.91489635528626,709.2779440941895,750.2766691863392,612.9309401276378,465.33552979589894,415.11209155801555,342.33935451944984,313.6402469549451,286.9910756450478
1146.7043376456531,333.43877555691995,683.3436634870211,740.9750567931554,597.9257055511436,460.0220144257507,402.39062111961636,337.55530365021525,287.12783450734776,286.09870248402393
1147.620861235006,342.1899555848148,706.0244565530065,732.8224651229017,609.1393486464625,494.7324659057564,381.3562758023539,349.40480404594047,310.2384838284014,285.5018605331136
1148.537289624961,333.8101802585716,714.1264227822694,733.762315738656,632.4824468057146,481.59611145663894,396.85173132907585,363.78075371831954,321.408563654538,297.6387984968069
1149.453622830348,346.6932040172882,716.0865582976131,725.3729834052191,607.7449320422106,469.4803804400778,393.1253295553179,338.4386039216385,316.77027867055796,304.3883785270834
1150.369860865994,343.4901147871021,726.2953631944147,737.6760597686861,602.1423096569079,472.816212222005,395.22055376106323,359.0092464792904,316.5902865206423,303.14037238741236
1151.286003746725,340.2648143493661,695.0089825008328,722.9334505477412,611.2355783601074,486.0925919276658,386.80559442754685,353.70992859417385,309.23762763057886,312.3403463024576
1152.2020514873661,328.0158103836829,741.9158865776045,773.9931424826334,604.2941112431255,501.85384238512995,412.8653260034368,349.7455643838637,332.1548111456221,292.8343039071995
1153.118004102733,332.3053864285479,687.3148675820275,713.1149752239955,646.0346953548787,467.49795047246016,375.64956726705407,363.2655155989095,314.7613132320096,298.2492443411501
1154.033861607644,347.478955093749,729.0853075627768,764.2468684948824,621.532297652807,479.8518903675581,410.56293206017364,362.9914084461485,337.1373195254826,297.83910436607056
1154.949624016914,356.8716807587317,710.6401295108657,745.8100922523059,607.1990626242768,482.0353716915042,400.316928851099,343.42434206347514,314.46084333523027,304.1167366465713
1155.865291345352,336.7583067504029,703.5658162569956,740.8682748508863,624.8161814476706,477.67870588287917,404.10996810048346,363.6989712904351,309.81764221037065,307.745283399599
1156.7808636077639,347.1716340864355,720.2515990748437,731.6512646717118,629.0542742998996,477.7496218323784,393.8066297099865,366.86196557193483,340.953634669962,301.5729716989634
1157.696340818955,386.72298183931593,738.1003148008449,734.9815810763344,638.3008356165053,479.2454156664641,421.02905280893265,350.33775505335876,336.82324224714614,309.79421663472084
1158.611722993726,350.8611954977148,745.4498990396552,745.4498990396552,618.431899482619,507.0308670842347,412.28793298841265,362.31363808072626,336.2853594829729,323.79178575605135
1159.5270101468739,379.63910127476163,749.9172384085018,722.8744531122175,626.1444903216617,496.13109947414057,431.6444576137701,358.83695873915826,332.8342805696541,304.7513881465895
1160.4422022931979,366.51617222523316,746.5684530837847,733.0323444504663,637.2383448915986,483.1349542968983,398.79458512006903,361.3099765970338,317.57793332015945,310.2892594406804
1161.357299447482,383.1175599499809,752.7010756625983,718.3454249062141,620.4838742668169,493.4720745007906,421.6375320101692,360.2137927790581,335.2278649562333,310.24193713340844
1162.272301624522,357.128879582103,706.9694146829386,791.3059722518901,655.9510033140667,502.89576920745117,377.95272095715274,371.70556854463786,338.3874223445583,323.81073338202344
1163.187208839099,360.3859767534641,748.8945586293083,752.019292531795,649.94465171723,505.16531423534707,411.4232971607466,363.5107106559508,340.59599537104845,318.72285805364163
1164.102021105999,358.7944676292405,731.1875593960324,768.8452877769439,643.3195265072387,508.37933314230577,397.4982440207329,385.99171590434327,332.64326736471855,320.09069123774805
1165.016738440001,370.95843630378255,711.613225698242,753.4113593662738,641.6013518042887,489.03816391597246,422.16115004712157,374.09329632888495,349.0144161280658,320.80067590214435
1165.931360855877,358.3330072365329,756.3647149832357,738.6047700181597,631.0003975826994,489.965540507096,421.0151659368011,377.1376548466134,346.84127814148377,316.54490143635417
1166.845888368407,369.1136145308113,708.9490953311332,764.3684198924165,625.2972846725925,518.6412260829529,419.3047009259357,364.9310239978842,338.7898331670902,314.7399376027597
1167.760320992358,375.90977820976735,743.4891458220884,759.1086656923003,635.1938080552856,514.4028543923132,397.7771060280641,377.99238085912896,350.9185464174283,334.25772522253556
1168.674658742497,350.0019345548573,717.6597530486837,758.164427967495,643.9204730682834,492.28758747478446,426.85695875978143,356.2334230039052,335.4617948404122,316.76732949326845
1169.58890163359,362.5661074392369,719.93785803837,787.4644969597178,622.2839494444208,493.4638998098496,415.5485472082944,356.33287923111243,336.59432323871846,309.58366767017935
1170.503049680392,359.2083777705346,726.7462251705308,743.4051644294542,644.4927125795969,499.7681777677003,400.85572591784296,368.579031103679,343.59062221529393,321.7257644379571
1171.4171028976712,370.5114739534372,727.4930345321702,764.9604869544279,655.6804173895096,506.8513702677638,422.549602317684,388.20443759728107,343.45164720402886,337.2070718003192
1172.331061300174,389.1346066748619,741.6570863776266,779.3152741203552,646.4655562501738,516.7540206918865,427.8388551882218,396.45703206928135,338.92368968455713,331.6012642901377
1173.2449249026579,393.52454640068026,739.9517401736194,750.4178185353397,664.5959759692339,481.4396046391301,425.96938932201294,392.47793856450824,357.9398799708315,312.9357430154345
1174.158693719866,382.0897060290669,734.9485055859648,763.1354511126992,630.5524110425039,515.7167070446968,424.89210479188586,392.52931548341303,329.8916587573365,313.1882836303827
1175.072367766552,372.42556165853705,756.3586547166357,762.6354900254873,661.1599858657174,499.00840705371394,436.24005396519647,381.8408146218147,345.2259419868461,342.0875243324203
1175.985947057452,418.8695317891243,742.2074159772203,797.8467272173797,633.0283901474736,512.3015827395807,431.46711169255667,377.92739710296934,344.3338506938165,329.63667413981216
1176.899431607308,384.1041668457021,773.4556583750885,755.6147544505615,656.9650503972937,490.10012545612807,433.4290188723359,383.05470190896517,344.2244992497002,327.43306026191
1177.812821430856,399.28373770812414,746.0301415072846,758.6391016454359,663.021153931122,532.7285658368919,436.0598714443987,384.5732842136143,355.1523772245946,340.4419237300848
1178.726116542832,379.1038729232227,723.3597575275976,740.2557518640086,646.2717833677223,522.7198247827165,403.3918647818136,386.49587044540255,356.9278803566832,330.527889206041
1179.639316957964,399.07963237525945,752.8811006551729,763.4109062587418,649.6890057401981,514.9074940145168,459.0995243156019,381.17896284919243,349.5895460384859,335.90079875384635
1180.5524226909802,391.95908548942424,790.2231428633969,793.3756288056711,660.9712192301552,492.8386356421983,444.50051786066075,388.8065995471501,359.3833974192576,328.9093666439405
1181.465433756606,374.84496407281574,781.2779869158126,786.5426633775094,651.76694595807,523.3088402926669,419.06824635106926,391.69192875024567,350.6274523490102,324.30407004052597
1182.378350169562,381.92666888238796,764.9083838114124,833.4863768427804,657.2936870544964,537.0184377379433,437.8441093541188,378.76153074247867,349.2202414366586,334.4495967837486
1183.291171944566,404.12269027086495,734.3848366279948,780.811464230914,689.0133596524146,536.0165186882491,447.3838659917669,384.0748283514225,352.4203095312504,332.37244761180796
1184.20389909633,364.6267458126127,770.59198897026,801.3308716114395,661.4159575205533,510.90142872581197,425.0445496245863,387.94589816109374,355.0870925791432,338.12770905297515
1185.116531639575,399.61161617445686,770.5277173576628,805.6000134580805,695.0691408991883,513.3308792879326,433.6211154233468,379.4184759954284,363.4765232225113,325.2158365675101
1186.0290695890042,354.98774243432706,763.1173624785833,769.4943877917748,681.2788709592924,552.6755271432637,440.01474661021376,404.9411073876605,365.6161179563129,337.9823415991497
1186.9415129593222,380.42772774953556,769.3329536104814,824.4366913346481,665.4836017457056,513.9483230042472,453.54614896044905,384.6664768052407,381.4874150134618,334.8611754007054
1187.8538617652341,394.8029192779724,759.9691582884295,785.372027089157,657.2992302188227,527.1095276150945,450.90092121291224,379.98457914421476,348.23099314330545,336.58801160963867
1188.766116021445,406.0292077727494,776.0140472314687,798.2767453077813,679.5423555674473,545.9661671095715,461.1558887236187,395.42792297450524,343.48162746310913,335.0005996245138
1189.678275742645,405.2147869200771,799.8218569050736,800.8826285985816,648.1315047334217,503.86655441632615,459.31414328898785,385.060124743424,347.93311547064206,342.6292570031018
1190.590340943527,384.78037145559665,756.8055924762011,834.3994242890701,690.9039818954084,503.8284421821901,424.10875196348917,417.7311767459931,360.33299978852835,338.0114865272921
1191.502311638789,404.6797652577764,833.8533057811551,791.2554357540207,680.5009736834714,500.5249728188287,449.4075287862675,375.9262029894607,358.88705497860695,347.172640721145
1192.414187843111,410.53957387464055,792.2880607502804,823.2118208603182,669.6593568656474,541.6989702034218,454.25937265090096,392.41185243082526,346.55938054352777,342.2940343214536
1193.325969571186,372.52502247409615,805.8922405958241,818.7011238900623,685.2752562417471,513.422738710717,435.50203200410095,402.41241682731874,367.1879877681635,322.3568962383296
1194.237656837689,421.5135068026776,771.7103344240941,764.2593380917235,643.978968726313,504.5388945062353,450.25306408467833,375.7431007609727,357.64782395378705,335.29483495667534
1195.149249657301,399.33836364460143,787.0249447955938,834.6913277239944,716.054996879975,556.1078008313415,441.7084818031798,404.63462841442373,358.0274984399875,329.42766868294706
1196.0607480447,406.18275066387224,792.2154432008161,828.2734419542669,689.3440938159712,542.991040051965,465.57239566955593,375.4273987859289,360.579987534508,331.94569440676764
1196.9721520145579,425.9139250869263,782.9611707443745,813.6863046436802,652.6442235162851,504.3159908989476,432.27084934195506,405.7836649460019,358.1067330332863,358.1067330332863
1197.883461581539,397.07941821355377,780.4300267548305,750.8602828453105,645.254054597025,507.96595787425366,468.891653422388,403.4157919084509,355.8929891967224,341.1081172419624
1198.7946767603169,394.91981590447085,771.8406053468077,816.3087883709036,676.551641723745,528.3243649767586,419.27143994147576,408.683777316691,350.451632880375,350.451632880375
1199.705797565548,400.98096688601055,771.1172440115587,834.9338435159635,681.7740047053919,521.1688959526397,456.28868645649476,379.7087670512089,361.62739719162755,357.37295722466723
1200.616824011901,436.32659933341046,792.8373573253434,830.0847499513662,694.9299252797977,538.4908762505017,435.2623881155241,404.40026279681945,360.7676028634784,358.6391804277057
1201.527756114028,415.3611171565591,794.4181778007197,792.2826450646962,643.8631199110672,543.4930813179654,428.1743135726997,367.31163059603165,347.024069603809,355.5662005479028
1202.4385938865848,406.9508599394446,794.6756949998603,843.808869690712,713.4991455106273,525.5113466934561,435.78989725798795,410.1551974192828,374.90748514106315,332.18298540988786
1203.349337344222,416.03138789110733,783.9357514760454,816.0204343468249,685.542724005655,519.7718625066277,456.6719861940947,387.1551733074058,356.1399798656523,320.8468287077949
1204.259986501587,406.0748221051415,811.0810262573748,845.2768007504393,655.0628051327677,512.9366173959683,426.37856321039857,396.4572605289671,353.7125424126364,334.4774192602876
1205.1705413733291,431.54071052865356,818.2182778835362,842.7861896215536,713.5376104780707,545.8349086142128,468.92666317346266,374.92769652365695,361.04148554129927,363.1778256924312
1206.081001974089,403.50766880571524,799.5429733742876,819.825104875104,715.2120055551037,541.2126668902054,428.05972272775614,400.3052269897969,359.74096398816414,335.18891006612324
1206.991368318504,410.6566586564612,802.1137852198931,873.5787102328356,695.4497180363966,533.3203359174821,435.1893941086654,417.056502687471,364.7911097675577,356.25798439287803
1207.9016404212089,444.4518632346995,807.900509189214,791.9130320944405,703.448992170028,538.2450621907032,448.71519045997235,392.2261047251065,381.56778666192423,336.80285079655886
1208.811818296843,430.5362870469685,822.7079544560883,855.7441546997912,679.9063146929849,531.7762555357358,452.9156485023802,406.02555783389846,360.2011510442459,339.95315734649245
1209.721901960031,440.4971535684031,788.2019285400725,807.4003516980174,661.2790198847698,525.823478714825,427.6982047964398,410.63293976715545,375.43583064425644,327.4397727493941
1210.631891425401,447.90146234383616,796.6247437401086,835.0162976552946,685.7158102073491,542.8139150786014,454.3000546630338,378.5833788858615,365.7861942474662,338.05896086427634
1211.541786707578,477.0743945338905,810.8125360015448,838.624047790516,688.8697535422097,530.5580710511429,469.5866798214752,398.9882268187022,366.89802090835076,341.2258561800697
1212.451587821186,432.37253810530046,823.97545723293,832.5585349124397,726.3429486285073,549.31697148862,451.6844628841973,429.15388397548435,383.0198414481198,364.7808013791617
1213.361294780836,438.9907541245775,825.3884839163816,849.0016785147697,707.3225109244414,583.889902796504,436.84410007017857,411.0842514173916,358.4912270846183,342.39132167662643
1214.270907601149,443.62096540914075,843.2020771093837,864.6849325771387,703.5635165689763,543.5162433342015,467.25210642367125,396.35868338007975,358.7636863115085,332.9842597502025
1215.180426296738,461.23227760197545,875.1586805781074,849.355476236738,699.9119177596411,574.121296595466,463.3825446304229,374.14646294985425,361.2448607791696,330.0659888666818
1216.089850882207,449.2930134229902,815.8215243733243,852.3668891015101,747.0302495908569,537.4318342380266,448.2181497545141,405.223603015472,370.8279656242383,340.73178290690885
1216.999181372161,457.7966745013726,814.8137532108739,835.1840970411457,691.5195668697548,538.205926462972,462.08516793932455,402.046259807997,348.4400918335974,347.3679684741094
1217.908417781207,423.0274570644553,874.9707149915442,867.4740258790096,726.1078883283562,564.3935946151087,441.23370205203946,385.54401150178205,376.9763668017424,352.3443882891286
1218.817560123945,457.04983340665785,867.0031968604048,870.2143198117396,698.9544290738819,548.0316503611448,483.80919133444814,421.7274809419747,379.9828825746219,336.09753557304583
1219.726608414974,455.042545308497,853.2047724534318,855.3511995539436,730.8584277242604,548.4121241807593,458.2621859592646,388.50330519263184,371.3318883885376,331.6229870290697
1220.635562668878,479.4175454203109,866.5981581646782,906.2814896647934,726.0977142048108,566.291865731374,459.0396184337652,383.9630453254391,374.31034306865433,331.40944414961086
1221.544422900261,475.36663470767036,847.951294343412,883.2825982743874,704.4847874721781,568.5127996166058,460.37759667634737,397.2095078300579,356.5249760307527,340.4652924257639
1222.453189123698,449.5763740848642,918.5124963360622,876.5663753090055,716.310682154353,559.2816136940894,479.6915378991613,395.7992958450479,360.3064242067691,352.77763325319484
1223.361861353784,470.888900607947,862.2212289670628,895.548982206438,713.8589726111343,596.6742918662342,463.3632789087332,390.25723954494237,376.28108496068825,333.27753239375244
1224.2704396050979,469.59919338763837,833.2978853051715,877.1556687422858,722.0488736598085,538.0601236309387,489.92353205361815,398.9988590742349,346.58345935670803,335.88643900619235
1225.178923892214,487.44964447152375,889.3818074568153,888.3128389382374,702.3123167056823,558.0015666976653,462.863368544232,411.55287965249266,367.7251703907986,330.311272240572
1226.087314229713,480.3259932125142,894.178299864368,886.6732062204225,764.4473954475951,563.9541795307645,454.59424357612954,392.40918195486654,360.24449490938565,334.512745273001
1226.995610632166,462.35012792454097,894.8023260987652,898.0056757148706,719.6858804183386,542.4338683271751,452.74007907622484,392.9442195755914,373.7241218789592,334.2161432803264
1227.903813114142,461.41445303834496,887.5001892547285,903.5586969010747,721.562276909152,581.3179767977293,435.7208408041912,411.0977957464605,356.4988697488837,342.58149645538373
1228.8119216902119,460.47832583451117,886.6884971883145,938.0907289093763,726.0565230599966,575.0624673793778,445.4860082492015,412.2887335960158,361.9573817024762,338.3980254969896
1229.719936374931,478.2211459295377,881.3851613320179,966.0924943554114,724.8374319470123,567.2174578401916,467.4986987113866,410.669728455186,343.1183109808342,344.19055570264936
1230.627857182873,461.4053269864006,916.3724401078747,950.7095807208161,698.5462043445274,571.9279983343058,481.7930042253346,414.19175864360614,360.53997643588514,335.86015662033344
1231.5356841285789,479.25995456385505,915.6331122987298,913.4887724572807,750.5189445071555,572.5387376668872,494.27033345399815,419.2184390032826,373.11513241212873,344.166544552567
1232.443417226619,479.0674689893873,936.7479973988911,927.1238741379436,747.4735732669234,577.4473956568507,457.6805284095039,387.1036244958888,353.95386659706963,337.9136611621571
1233.3510564915312,483.2651853524585,941.8849177933726,946.1710835171194,710.431968711042,566.8454169655223,466.12052245747105,413.614992341572,349.3225064853691,347.17942362349567
1234.258601937876,450.4920037609387,966.412608068109,965.3400080591543,777.6350064920965,577.0588048175833,431.1852035997556,430.112603590801,362.53880302666016,331.4334027669763
1235.166053580193,468.2408534421683,912.9627599077894,976.0362995267116,747.26108802757,556.9714261264148,446.8599925543981,400.8911416456921,341.02473115993536,304.677267650726
1236.073411433026,494.7859676380222,983.1461434885376,941.3784968697436,751.8176391382935,585.818017961035,436.9538415504612,398.3990908254205,330.9282770565993,333.0702076524349
1236.980675510917,479.10686714370155,912.1251542265995,935.7053579786385,784.5776884769341,568.0685449354851,468.3885927109565,413.725393103957,345.128436734389,330.12285252854605
1237.887845828398,463.22812514077367,965.0585940432785,983.2874785974293,748.4565540468982,553.300260584813,464.30041246748846,422.48120672561305,337.7705079151475,314.1801867274229
1238.794922400004,478.38939477861743,955.7085671975511,955.7085671975511,783.4027672884743,589.6925201857231,454.84450286557586,405.61427432012533,348.8924892568888,340.33071037941914
1239.701905240268,484.1369436793618,950.0651969991015,948.9940975661826,751.9118019090973,571.9670971787151,452.00396069179357,408.0888839421169,362.0316083266024,339.53852023530465
1240.608794363714,477.6217516904288,958.4634253023661,986.3694152887732,757.7549588616691,593.5389408647351,445.4225324753437,399.2703182670551,341.31172367990195,321.9921921508509
1241.515589784871,500.6899506519862,976.6145919168848,970.1540764246012,776.3386116560904,572.8323736491541,452.2360844598585,397.3217027754471,345.63757883717756,323.0257746141846
1242.4222915182581,507.0317275966151,986.0148915389493,984.9361006291693,761.6263823047027,590.0986276496776,458.4861366565136,416.4132911750924,359.2373729567507,309.61299110686923
1243.3288995783948,525.4305684370605,1005.5467962696927,997.9944061689547,775.7383546329496,602.0333823159748,479.0373149610982,407.82906543985393,353.88342186315367,326.91060007480354
1244.2354139797972,498.73163928034705,979.1116814443177,982.3501985825018,775.0851017387212,601.2846819895093,473.9030078876025,422.08673367665733,352.99836806206383,306.5796224147588
1245.141834736973,506.4116805207973,1010.6638229583502,1063.5725059978365,815.2256264247376,583.0752824759712,463.2209188559105,430.8278476072454,370.360781276404,323.9307124866507
1246.048161864437,517.0706258578044,980.1672824193871,992.0415556645559,761.0329670767268,578.6009508554972,485.76572366599584,418.8380017386808,338.95652718027264,319.5258982336328
1246.954395376695,509.08474640250085,1022.5021289445974,994.339994037225,798.2882087205172,617.4006498923947,472.25733921593695,407.2677971220007,360.6919586213463,315.19927915559094
1247.860535288251,521.2395878578363,1007.7298698584834,1026.1904385951152,812.2650244117949,569.0198834114713,484.3184503845729,412.6480070541204,348.578974379928,302.97051044236736
1248.766581613607,511.4579614323245,1057.8128413419079,1030.5496237815494,802.6291249769528,579.0707409820135,482.0136864671374,408.94826340537674,357.6934143919029,320.61543850981536
1249.672534367255,526.8484198748031,1034.0220024928708,1016.5332582646616,811.0405135832032,626.3156526727431,479.8474197614908,427.3811870768631,343.2166054786062,308.2391170221877
1250.578393563694,529.8387958386552,1048.7755588411242,1011.7086471980906,810.0210397286437,598.5216027066291,464.4265988215373,415.36745105869886,361.9474901613859,305.256919413217
1251.484159217413,523.9024802379478,1025.0265917698978,1019.6031706494222,839.5455894496306,610.6772181655582,485.9385323946182,395.90974179472244,359.03047817548804,305.88095119482665
1252.389831342902,530.3679227095823,1048.780830767924,1069.4304015291577,817.2882743393563,605.3584691582732,467.332390912132,409.73095668342734,385.82092738094616,328.2194931522415
1253.295409954651,525.1901074389917,1037.332013450928,1073.214567375331,816.5999393099023,584.9943639796637,479.5214024442968,399.05749364412003,351.21408841158245,326.2050356763924
1254.200895067133,493.60341192468763,1024.0914744107804,1043.618642355054,833.1591656223299,570.6272410382103,470.821715989702,373.1858762683352,368.84650561405226,313.51952977194446
1255.106286694838,515.8142071721603,1056.60468121792,1033.800263637677,805.7560878352483,628.7503704266965,463.6898241316051,392.0187974508418,352.92551017042547,339.8944144102867
1256.011584852236,517.2797201718978,1011.7382762185647,1083.4619348978615,848.7299610383449,603.1307661668135,478.15772452864496,368.3987923072969,326.01663036043976,310.80252094361924
1256.9167895538048,541.711705718398,1060.7169327539887,998.0038011538549,826.0833196983154,609.8311417668192,474.6735305596341,382.76635493874824,335.1908757938191,299.5092664351222
1257.8219008140109,528.5555597605415,1071.134022126975,1089.4716639962182,833.8233626426503,600.8274424216769,463.83447081027117,412.05759965005484,349.49388033146016,300.9530636187573
1258.726918647328,522.7858016526712,1089.7658669502075,1033.714605742086,807.3537431708263,600.3952402485316,497.99389765677137,402.0600082813327,336.3075672487287,313.6714809916027
1259.631843068211,553.7180242000476,1112.8224105032084,1084.8133275670193,793.9497739989009,604.3498279693126,485.84986170082,400.7453404716298,342.5726297580061,308.09991229808094
1260.53667409113,515.8810592094594,1048.9940535908424,1074.8419563487275,795.9000057532162,594.5017634313604,468.49323748666984,407.1044684366924,305.86684930164193,297.2508817156802
1261.441411730542,548.8191946324206,1093.3254682854117,1050.1962584911153,844.2542817233505,611.3565488341503,443.15263063639463,375.22412521037796,321.31261296750756,300.8262383152168
1262.346056000904,500.98785250524554,1097.6579343516216,1104.1084217229338,821.3620586137502,597.7451630749281,445.08362862054,385.9541610501784,358.00204910782566,293.4971753947039
1263.250606916667,562.8118819743031,1086.8833667190174,1076.1221452663538,795.2542653518356,576.8014698627657,479.9504767887938,375.56662869795747,330.36949859677065,300.2380785293127
1264.155064492279,533.5736719023914,1059.6322216653125,1090.766299100261,838.4729129894722,609.7984821741617,499.2188278362415,383.2712291129854,333.88614076789486,295.2369411934761
1265.059428742188,544.5126369874681,1082.5813374425402,1100.8391576176623,835.5637703673574,601.4340763569667,452.14954668979107,398.45007558649047,323.27081604186964,307.16097471087943
1265.96369968084,542.2521833247852,1114.5698342398555,1116.7173676391615,823.5790586338817,631.3748193959875,485.34254824317406,380.11341167717615,347.90041068758495,285.6219421077086
1266.867877322675,536.9071410265303,1083.459320514615,1100.6060555573783,841.2616880355814,581.9173205137844,486.53860683841265,408.3066282058045,342.93470085526883,316.14292735095097
1267.771961682131,553.5902787932692,1131.8083649603202,1111.4636545211092,823.4253856712264,610.3413131763316,471.14066280278234,383.337175644082,309.4537535227366,284.82594614895476
1268.675952773639,575.1552267031452,1102.1130880401051,1121.3920341865794,868.6236291550294,612.6420664324005,464.83681264276544,386.6499754931759,333.09734730852546,308.4631383435863
1269.5798506116369,535.4315147480194,1114.6807782079527,1133.917838618061,861.3928161415242,589.9365192433268,458.4832731075855,385.80993378050897,340.9234594902559,299.24316193502085
1270.483655210548,576.7196575785733,1135.2833259370805,1170.5273050113267,856.5354914407701,582.0596544080046,477.3957165511524,397.2957641096839,336.4198002541678,302.2438205458079
1271.3873665848039,585.9989956882947,1141.0435817682824,1139.9761883335132,824.0277316418279,613.751224992294,472.85529160275877,393.86817742983743,337.29632538706943,293.53319456153196
1272.290984748826,580.1348235304679,1140.007585209688,1185.863830451986,897.9292673026728,619.5925229250034,482.0237871981094,410.5733585647613,333.79080839161117,310.32947361648195
1273.194509717032,611.759842809861,1153.1779615335706,1141.4543408525453,861.1532282062154,626.6808145857112,475.3395294306585,410.3267238358823,327.19559537043085,304.81413770665546
1274.097941503838,604.9585445520485,1176.8999854401648,1187.5506640414333,891.4617989261701,630.5201731950928,481.41067277733436,397.27031182731355,322.7155616184343,307.8046115766585
1275.001280123663,589.6077462207302,1146.1633403025046,1145.0971418464092,875.3489324542849,611.9979137987326,468.06112222586,388.0962380187085,337.9849105822269,303.8665599871756
1275.904525590915,615.6930585108236,1210.0078858233546,1196.1120355444643,881.852036929565,647.7604053082622,483.14802508141014,386.94598468909396,316.3978217347288,324.9491142140457
1276.8076779200019,629.9893911941216,1158.7114521624537,1161.9093678537945,877.2948713244706,595.8782904864873,467.96166283285856,379.485995372432,359.2325293272741,286.74644032355116
1277.71073712533,634.7937252754115,1163.9663097066787,1136.227424232459,883.3768143328415,621.9911627488485,493.9655374832193,415.016401902748,341.4016673750112,305.12774021641627
1278.613703221301,641.4385471634582,1214.5708264093435,1213.5035409731315,883.7123411835997,655.3132578342153,477.0765899867984,413.03946381407377,366.0789046207424,311.6473473739265
1279.516576222315,626.3214638423535,1161.038087734975,1220.6877509580563,927.765297630425,659.3418131265593,495.3052392630857,409.02626210112885,329.13832028450213,297.18314355785145
1280.4193561427671,663.1369357556252,1188.7422562178813,1182.3454369019107,865.702880761363,673.7983012822431,510.67940872499116,416.8593920907548,341.16369685176863,308.11346371925356
1281.32204299705,705.2670624696206,1199.2740971495514,1216.345614546698,907.9913315607369,656.186449952824,512.1455219143992,431.05581427795266,348.8991368041844,320.0909511964995
1282.2246367995579,665.6502664954828,1203.2908663572189,1215.0250857986457,915.2691164312888,651.7825526101602,526.9731276422572,425.6321415572077,353.09333046475126,307.22319992099204
1283.127137564672,716.2053508250001,1196.8729300245166,1238.438419134896,888.861997898884,672.5082981704986,501.9832146407367,419.91801819203874,349.576421236012,300.5504597212054
1284.029545306781,727.7488578689761,1242.7056520335732,1269.3046599966206,878.8312230990852,691.5742070392316,554.3233259499073,417.0724448605828,379.83383371231645,336.2114606529188
1284.931860040266,766.8541958683142,1270.3014103303376,1226.7542884042975,925.1108096970937,678.6978270912089,521.5033381874547,429.09846971024785,364.3088492837005,327.1344769078127
1285.834081779503,769.8402423023318,1258.9652581297803,1210.0527565470354,953.7937808635245,695.4081746764158,531.6576258994005,426.3894159713192,377.47691438857436,326.4377823022319
1286.736210538871,782.0173714893689,1299.106408963972,1270.3792402153829,940.548784213064,663.9167888562805,522.4088835391566,421.3318083126395,363.87747081546144,322.3826715119439
1287.6382463327388,776.3420870673057,1264.085126678864,1287.5138316383711,976.5510203576397,710.3157367268764,566.5486835662642,460.0545701139589,396.15810204257576,325.87198716405425
1288.540189175481,829.0249068825515,1295.2847322463545,1341.1638454972551,967.729202757367,721.2623385490409,565.4867447204019,445.98765904363773,381.97029171679975,324.3546611226456
1289.4420390814591,844.6378578593269,1274.4409197067312,1245.5735498811594,1006.0812965134514,747.3441299286956,578.4165583568301,455.4629461368016,390.24407356791687,346.4084379068632
1290.343796065037,870.3056068635676,1308.6659248169617,1261.622378500012,1048.8572485665354,767.6651421720412,565.5917273105986,456.53623357585184,402.0084867084784,337.8581962762744
1291.2454601405811,898.9452177484703,1325.9975777239906,1290.7657580260102,1028.1285566410652,760.1532007564263,593.6027803659733,466.554703273256,398.2263256771727,346.9800424801103
1292.147031322442,918.5879732883521,1362.8933449837673,1318.9981154909672,1047.0618157063036,772.984285214674,573.8498294668493,452.8702945232785,401.48075755609796,368.2916815981272
1293.04850962498,920.2208350422544,1384.6113494705548,1319.3398716361623,1034.7134273091397,789.6778793734695,612.0538577257785,497.5612654588934,421.5895453565677,362.73821288293516
1293.949895062546,960.558347747437,1365.3421330858218,1355.7044239110983,1066.5731486693949,804.2132878019232,617.8842437572699,489.3814547609573,429.4134865626781,363.0203789145832
1294.851187649485,1027.7593428027517,1428.993157216352,1426.8475218451563,1054.5797849426983,861.4726015350832,654.4187882146958,532.1175720565395,442.0008864663191,377.6318253304474
1295.752387400145,1047.1727495776522,1440.401199779137,1460.8706259540088,1104.2716752233473,800.4622972594606,633.4748732012958,521.4316983493659,434.16730255122826,384.6097444436439
1296.653494328872,1066.7173537057124,1478.9804682054985,1501.5849731780716,1123.7668186364922,870.8116439434122,679.2115541758876,518.8272093704878,443.47885946191076,404.72827950892827
1297.554508450001,1165.9772918449034,1489.8598729129321,1426.1629653028865,1208.0820273837471,884.1994463157184,681.2330288464204,554.9188222298892,460.9928737201609,427.52500700979795
1298.45542977787,1212.050087566209,1513.7158871382433,1540.6503335286034,1139.8657712400436,936.2413565289206,667.974270480933,575.3197748980939,478.3557678927972,395.3976730104877
1299.3562583268179,1179.7317865658104,1570.820954167079,1579.4399991830849,1193.73773471682,893.1485397836135,716.4581169554921,558.0831647863833,500.9819915553441,393.2439288552701
1300.256994111169,1270.9890960946477,1549.4883988768083,1563.4671283600828,1220.4506125781938,948.4030310960062,721.5174987136282,603.2359415474597,497.85782698123677,407.5337287816172
1301.157637145258,1341.124096090863,1629.9650743522259,1565.5395773422565,1290.657456766387,980.3413128350345,738.7456990476492,608.8209467442109,507.8876680952588,418.7657305648011
1302.058187443407,1434.411273974731,1712.4895074773174,1655.5854674169427,1330.266144052913,1069.3664886817605,779.4779827138135,624.8707795309083,509.9890382769441,458.45330388264233
1302.958645019939,1513.4811625460175,1730.000531707405,1661.0590410291522,1378.829813565055,1030.8907277982482,825.1434665553376,654.9441614434011,533.2193419646111,462.123429702663
1303.859009889169,1577.7270959306459,1827.9724419836348,1688.3505750871172,1431.661142869674,1075.0883751031836,815.1768998035128,645.4826308062071,544.5252808964176,444.6419453473706
1304.759282065421,1634.00855653499,1821.1826769017366,1806.1226902055616,1478.0301228960343,1130.5747155485678,859.4949550174174,688.4565346822867,563.6737877711223,484.0710009484829
1305.659461563002,1767.0243436594853,1896.3188078296917,1797.1930519658667,1496.5834227701373,1189.5090703658975,921.2230572127195,725.12645322124,589.3672658425235,496.706233187209
1306.559548396224,1816.4332562642533,2022.6988638424177,1860.7101667915033,1602.6081761570463,1230.0341729399433,954.6533879533888,752.7074789632488,601.5180283823954,520.5236798569382
1307.4595425794,2009.0045527091158,1999.309624572718,1952.9894123654835,1610.4352848794251,1264.6495146812342,983.4965987256958,774.5170366744527,647.4057566639027,546.1476183504137
1308.3594441268249,2108.1128245407353,2116.7437879984254,2030.434153421527,1699.220930732681,1306.5120934077945,1017.3748175751861,825.3358806415878,665.6630566743264,577.1956812330059
1309.259253052809,2204.340619798935,2215.1145231215105,2089.0598542473776,1738.907996263676,1389.8335286122317,1066.6164289349686,845.751410822172,701.3811062996612,592.5646827416492
1310.158969371645,2381.2378597294028,2222.9194674271766,2189.532595581129,1826.5849887386103,1442.0974645760607,1085.6118329295514,913.2924943693051,732.3571888810466,635.427560940908
1311.058593097634,2530.0339077012727,2385.5837399842,2319.826574083144,1858.4484264495075,1512.4148157242803,1134.0416152116484,971.2656799483796,779.3841138764466,661.8836043155438
1311.958124245066,2736.427892485119,2534.2500908672932,2416.403136983106,1988.26191002771,1557.9583536432463,1277.9366925789848,1000.0773609437911,816.2793594730402,697.3512408743192
1312.857562828231,2963.2445191223915,2665.621347917622,2427.522810953807,2077.950868047842,1740.2838519900677,1311.7064854552002,1055.2094251805447,876.6355224576834,751.0926575131263
1313.756908861415,3320.923001872611,2788.2300277074846,2611.3889792575546,2308.697859518104,1807.4674031753577,1419.0680452301128,1177.132132320086,908.073359218352,762.6948285908022
1314.6561623589039,3509.436824017288,2904.061688997892,2809.5057881959397,2448.6717759402136,1967.1974764544104,1559.6289385149607,1221.6187643838439,996.6409314412675,834.700365699993
1315.555323334978,4035.04892078035,3068.069741540088,2894.4258934161358,2479.851206020199,2129.3076876199693,1650.7018312283249,1319.69324574204,1074.421310266957,879.0719811275103
1316.454391803913,4478.608053202908,3245.3367147452414,3062.0272545875055,2708.424390614595,2278.8945313100776,1762.5909630551528,1445.8669253861653,1139.989601335979,954.5107984544827
1317.3533677799899,4982.68995458147,3542.1089209470115,3318.8896375796157,2949.7611641086546,2419.479256791964,1928.3968333836942,1512.4467541332306,1254.3834850694611,1054.0305673153111
1318.252251277474,5491.114395295829,3797.694714402935,3503.13968646842,3259.6698478804815,2734.688008425239,2164.055574234758,1741.244113472668,1408.6469232587876,1191.263138805271
1319.151042310641,6239.70020079531,3994.189175822032,3669.8375833258924,3432.2690256113283,2953.8775463778907,2284.5633906249864,1861.4960960648036,1549.0771708511304,1246.4213370503844
1320.049740893752,7255.809604693778,4482.072479953783,4072.636733662875,3858.687550587785,3265.7116421664705,2624.9501294035117,2102.5665910323537,1718.1096833745783,1396.6428905307885
1320.9483470410742,8448.57321327847,4773.672322928912,4452.744033215141,4301.526974672041,3672.7251053345503,2975.386008024288,2250.8495980264174,1875.5266829374305,1576.3562433737452
1321.846860766866,10081.003673200617,5443.045691455071,4936.058025610965,4758.721138201975,4195.159741405308,3295.4198279866905,2722.0668239097718,2178.0886416736066,1873.4608596213538
1322.745282085383,12172.68434309588,6080.8835687035025,5482.62069695314,5565.591460188592,4839.597281878389,3827.5723145196553,3113.587062467215,2531.6999992501655,2148.506079570645
1323.643611010888,15025.652829826453,6891.728157143068,6143.126909011281,6371.866179273771,5749.126252099815,4682.04113963126,3679.5283570454176,2915.604861144852,2504.093063926209
1324.541847557623,18609.440009115955,8105.046245371921,7191.477992822575,7554.717106411057,6782.286943177718,5562.372450252544,4520.795232974727,3587.533293544078,3022.980936280051
1325.4399917398441,24552.168018630055,9576.613808121689,8533.562138644798,9153.48907427729,8471.241441411901,6738.288720111197,5577.155729561449,4504.583729816344,3851.85642721917
1326.338043571792,33121.58007623872,11745.62125412699,10284.391158632656,11766.40222105393,10783.134364879224,8566.13331430511,7006.467059683164,5695.078673083084,4870.4024066139755
1327.2360030677119,47622.14852549042,15298.00017064791,12972.616477086674,15451.418510468162,14503.512339435896,11646.643682925931,9413.310993256844,7910.907108302813,6604.659529261817
1328.133870241843,71895.4266152018,21121.57852479561,17680.120475022388,21696.434762628305,20613.642574191526,16703.742513818,13573.847768518988,11273.32576329921,9382.00485867408
1329.031645108425,71906.16255876498,31685.45300025963,26109.392603164284,34156.387280908726,32682.823897733,26269.586388677057,21496.689354563565,17829.787771113613,15188.784745570816
1329.92932768169,71845.48962490422,54525.17390683202,44023.79380281191,60176.55864806008,58186.78885071208,46494.835743981275,38306.63154762193,32243.041052232515,27439.08994921382
1330.8269179758681,71825.02128650616,71825.02128650616,71825.02128650616,71825.02128650616,71825.02128650616,71825.02128650616,71825.02128650616,61925.03780773893,53201.04041030872
1331.7244160051891,71519.09007383109,71519.09007383109,71519.09007383109,71519.09007383109,71519.09007383109,71519.09007383109,71519.09007383109,71519.09007383109,71519.09007383109
1332.621821783876,71591.40193750871,71591.40193750871,71591.40193750871,71591.40193750871,71591.40193750871,71591.40193750871,71591.40193750871,71591.40193750871,71591.40193750871
1333.5191353261541,71692.43811346436,71692.43811346436,71692.43811346436,71692.43811346436,71692.43811346436,71692.43811346436,71692.43811346436,71692.43811346436,71692.43811346436
1334.416356646245,71916.4165289442,71916.4165289442,71916.4165289442,71916.4165289442,71916.4165289442,71916.4165289442,71916.4165289442,71916.4165289442,71916.4165289442
1335.3134857583611,71826.80914804399,71826.80914804399,71826.80914804399,71826.80914804399,71826.80914804399,71826.80914804399,71826.80914804399,71264.5576321678,56133.087011920674
1336.210522676716,59114.78129275854,72045.2121328721,72045.2121328721,72045.2121328721,72045.2121328721,72045.2121328721,72045.2121328721,57510.84500677608,44317.67203345499
1337.107467415521,37060.42075810062,71967.36619598565,71967.36619598565,71967.36619598565,71967.36619598565,71967.36619598565,61847.89904872072,47255.66036691317,35867.82810243814
1338.004319988988,25281.69965579488,72058.28673694243,72058.28673694243,72058.28673694243,72058.28673694243,69057.64487373781,52995.57952463801,39473.449208151884,29805.202999592566
1338.901080411313,18820.013107871673,72114.22317864528,72114.22317864528,72114.22317864528,72114.22317864528,61832.15556010157,46573.01261635741,34111.06743442168,25197.888098997453
1339.79774869671,14530.971727974758,72236.00335225865,72236.00335225865,72236.00335225865,69931.19701961848,56159.6760631354,41981.424577362865,29977.913834918418,21950.22157254717
1340.694324859363,11590.209914822572,72318.80479557243,72318.80479557243,72318.80479557243,65575.22936098416,51559.495177592595,37638.66321763004,27019.545821615793,19282.80758370081
1341.590808913486,9393.087198862911,72420.70230323305,72420.70230323305,72420.70230323305,62574.53678066027,47959.9981683118,34552.19499374666,24197.69769335308,17186.03436667247
1342.4872008732561,7856.269316760198,72383.04648866577,72383.04648866577,72383.04648866577,59310.249689400516,44724.295437026674,31436.122211953996,21637.04708496166,15217.72510140897
1343.3835007528799,6944.046167095199,72326.45670066496,72326.45670066496,72326.45670066496,57871.09803941051,42207.263447932106,29292.57364383992,19901.777579661113,13551.484883306095
1344.279708566526,6789.729655671481,72211.12187348759,72211.12187348759,72211.12187348759,56682.452604195445,40310.85195116609,27555.592215032844,18346.15364604514,12508.440612006272
1345.175824328395,5936.4073844949835,72138.4123758351,72138.4123758351,72138.4123758351,55461.87392319298,38330.720923954075,25728.101204858383,16782.211567589566,11272.899689340466
1346.071848052656,4702.239121141489,72101.36658961335,72101.36658961335,72101.36658961335,54515.82842575618,37024.907146414254,24190.016742287768,15635.990264310445,10359.448658088035
1346.967779753501,3960.854013262424,72144.126670137,72144.126670137,72144.126670137,54483.20923412559,35811.71259183989,23018.74858735889,14660.00358382871,9504.728613259524
1347.863619445092,3389.580803916409,72239.40747468678,72239.40747468678,72239.40747468678,54834.04783441358,35267.0725985371,22147.46585765479,14021.290349859095,8798.580155076676
1348.759367141607,2985.0248647442613,72453.18685593155,72453.18685593155,72453.18685593155,55447.38964500702,34488.09283544342,21319.710922862345,13202.654420287396,8437.670284343778
1349.655022857223,2703.014480932972,72658.75882196159,72658.75882196159,72658.75882196159,55857.49489905007,33624.70187766004,20549.784004960067,12369.78366028268,7921.672873776081
1350.550586606096,2411.7929595986934,72603.0554006892,72603.0554006892,72603.0554006892,56825.03274078814,33509.187711980565,19864.88725703453,11594.7749725126,7345.056188396573
1351.446058402398,2275.8517524369845,72684.18352629521,72684.18352629521,72684.18352629521,58446.8009989884,33074.15941005034,19187.24917990245,11182.949912194012,6883.009734709515
1352.341438260286,2089.805680932954,72848.62515954317,72848.62515954317,72848.62515954317,60494.31646917675,33075.62129582981,18854.938276587643,10904.783898910788,6498.406388688325
1353.2367261939219,1953.1441565464697,72768.22188702268,72768.22188702268,72768.22188702268,61388.02037454698,32526.123807683765,18097.95145398005,10092.170118732725,6137.025442428845
1354.131922217457,1800.3856081775339,72742.46043891164,72742.46043891164,72742.46043891164,63347.59990400742,32329.242431429622,17488.825920126525,9493.648647806687,5796.309276142467
1355.0270263450482,1611.882331667918,72901.80028009455,72901.80028009455,72901.80028009455,66232.90133023316,32897.305862260415,17263.493378298426,9415.43965164752,5499.755864572938
1355.922038590841,1510.53541647823,73057.51920214081,73057.51920214081,73057.51920214081,69349.7400174865,33267.45232364822,16952.555039398114,9003.014039467296,5148.083065163443
1356.816958968982,1497.6523103257528,72918.75494591249,72918.75494591249,72918.75494591249,72419.1666195111,33101.8991323857,16480.85142685368,8559.761681527501,4756.659455157945
1357.7117874936189,1341.4623800853528,72956.62828123951,72956.62828123951,72956.62828123951,72956.62828123951,33126.88468398328,16080.849859197446,8074.378956646527,4552.066117982579
1358.606524178889,1306.861780423467,72889.52066387396,72889.52066387396,72889.52066387396,72889.52066387396,31937.477467965833,15130.678860324124,7684.347268889986,4305.414427250417
1359.5011690389329,1260.9714988932067,73066.10714409045,73066.10714409045,73066.10714409045,72167.4837770631,28849.60080049568,13428.064308284509,6510.002282968553,3676.997350441906
1360.395722087884,1150.0056494488283,72887.44703735875,72887.44703735875,72887.44703735875,58932.78467407593,22640.875247417596,10533.562384845118,5270.673861448739,2925.0627253872517
1361.2901833398719,1156.2949174329783,72933.38538399445,72933.38538399445,72933.38538399445,42834.10498275062,16102.436150469453,7574.343799854523,3895.122436010995,2211.3166515296707
1362.1845528090312,1016.504256555241,73124.70521772526,73124.70521772526,73124.70521772526,28160.85008445793,10705.095320956072,5209.723791280374,2752.70691648933,1708.3073729814205
1363.078830509487,1033.544682148209,73225.2440481977,73225.2440481977,51885.060389442406,17457.40769068499,6970.0018672870565,3594.500802671122,2010.104738577976,1308.4117003195163
1363.973016455358,974.3897044164969,73146.19619580198,73146.19619580198,29487.28705725021,10385.677204576752,4546.035814534241,2487.874743578891,1436.47141991298,981.0865408729677
1364.867110660773,910.1774438431576,47880.03556984522,47053.82283484368,17906.87357228943,6784.348474402872,3198.4956421401,1849.4626534180768,1200.135571709551,798.224498720998
1365.761113139841,973.3163645157535,29726.93677250066,30862.286286103423,12151.36871153192,4898.988452396169,2510.9550758517776,1471.707981707517,918.5603348242818,701.7711560458016
1366.655023906682,850.3020976853622,19684.493561416137,22107.85453981942,9045.647973402834,3735.7351370676643,2011.6357521556333,1211.6804892016412,848.0644605861903,614.2313837227157
1367.548842975408,860.6119151961161,14651.638436760892,16986.467385909837,7144.196573939707,3169.7342746703707,1695.517240717543,1039.4403651069974,701.901665900209,568.898006278991
1368.442570360126,785.5607304974554,11452.177373092534,13788.716981751631,5899.538705388298,2593.917055973079,1397.67144215288,956.7726845802342,675.895557294107,501.3265060724502
1369.336206074942,757.8321068061135,9356.997601094308,11407.602125393203,4982.746102250197,2291.3276641078965,1296.1157944345737,872.6213818076278,579.5186699105574,471.41614879262653
1370.22975013396,736.2006688250161,8128.416199109031,9738.435594913284,4417.2040129500965,2049.7258742970052,1158.0056112977077,782.073354876423,589.6318426607652,437.4687864902452
1371.12320255128,756.0829215174134,6955.293778029657,8710.565929163004,3894.161595779952,1846.7158083080185,1082.8267209342307,727.0885911937368,531.9344447843749,451.6424531188089
1372.016563341003,725.5621128232269,6191.835445892984,7684.260899500146,3554.1381034294686,1703.3965910280683,1028.0657014002954,687.6096330755505,529.102217658784,423.0585242461585
1372.909832517216,665.3857971872762,5416.708499715515,6701.783582055431,3107.3628183553205,1531.3904276973494,955.1685564313162,667.6148953353073,463.65241479046387,382.2903323873296
1373.803010094016,720.5651076417125,4808.236005100667,5832.66732867811,2825.2855150789005,1397.5611622632284,859.0923531418247,616.6696735166283,472.55665198828586,397.70725320999946
1374.696096085492,663.3774198316044,4336.522762973265,5009.951355832622,2555.231543055069,1352.4411707341294,808.5610302324606,595.2528026435103,453.41958325190467,361.84222899905694
1375.589090505728,629.7080901303277,3818.5140669714724,4498.554064838682,2297.3719664790287,1206.8472988465783,781.822300179572,573.7837482004585,445.1577617617592,383.64098563890303
1376.481993368805,621.6887692412231,3450.596298342472,4017.495949431141,2102.113104628596,1130.44486637208,717.8492623252971,566.8996510886692,434.9585094151723,349.97946901529286
1377.374804688807,591.2744545281778,3128.8273218782742,3723.4612903526345,1945.1585748398575,1044.8088372628597,741.3327441243441,557.6793150663495,382.9845898648424,358.3481542595017
1378.2675244798081,651.1922312039857,2910.75081658649,3447.6201431729087,1805.6294052833407,1055.8056485269442,668.0044230595103,515.5738835694207,416.9423580170098,349.6935905949114
1379.160152755885,593.8496530005249,2764.5882150984885,3182.855202334263,1716.6840251521764,997.5779481666067,669.898196134302,492.07880851267595,390.3079640248271,344.4551659588732
1380.052689531109,574.636182155847,2513.1948200123425,2915.663741366632,1663.5382082643973,954.745718990454,631.652612681038,455.01347497554417,381.22750606059105,321.9751370834318
1380.945134819547,543.296432996435,2375.5245269905854,2753.37266351897,1581.8198615019662,945.7382352160165,608.1342789095899,472.86911760800825,391.26286326903755,335.3681685163179
1381.837488635265,554.4586450906913,2319.355177351202,2604.9515820659244,1501.6123466641259,905.8760962045098,613.5860257542862,452.9380481022549,375.96089214398995,317.94912243631194
1382.729750992326,567.0350689565697,2231.377687858564,2439.6990196756146,1456.0212870849443,823.2591669133694,595.9995322038601,450.0631981502047,383.2221291179961,317.49507790299094
1383.621921904793,529.9768671432009,2024.1553455175194,2320.318888921073,1344.9833098928293,829.4806008858922,586.7601029085439,438.67833120676715,348.493192050046,306.1841144209669
1384.514001386717,531.2452269576947,1945.6717222119344,2172.870938772458,1298.599443674365,814.1305260085427,572.4529280005348,452.1709898214341,355.27720628826967,297.36368049833226
1385.405989452156,557.4323452961345,1890.8105152444882,2103.7496711476115,1328.9187111859846,784.8647421769574,525.1012692689587,406.9256120661782,340.033730630642,314.39184274701984
1386.2978861151612,512.0781279276696,1774.981049091334,2001.455689547362,1188.1551334269457,763.0968180882919,542.2003707469443,398.28298838818745,333.5759482578937,322.4195620285327
1387.18969138978,484.63596142339753,1779.610112386148,1960.9288785537933,1168.498715302603,705.1285350963983,504.78249099758034,407.4075980556968,350.32576426217884,289.8861755396304
1388.081405290057,476.1902917908972,1635.2194925649678,1856.4682837980026,1184.860277923105,728.8856117271044,503.1444592507593,396.4508797221385,351.52726728903497,290.88039050434526
1388.973027830034,499.5714315479681,1635.983922231409,1827.2612721484236,1121.7853992191986,712.2268382204139,538.9520624132358,396.0566304164071,325.17149485892514,282.415381348063
1389.864559023758,480.43256706222513,1568.4379355614562,1731.5824840954672,1088.005368499231,727.9622269069313,480.43256706222513,407.2988039262892,333.03990597287736,283.5339740039361
1390.7559988852552,469.66179763405677,1518.235259498102,1726.5984071295181,1089.1198041058342,679.151232549967,507.9555653068576,388.56911315047864,319.86558879633606,301.84499224442976
1391.647347428567,470.1938424832329,1458.9507504802705,1670.425493032538,1075.3715631913174,688.4177789467429,476.9430363944755,375.70512772583686,347.5834864289928,285.7158755759358
1392.5386046677231,467.7551522560705,1470.73014218976,1637.1430328962467,1049.0758583050813,620.6751058782473,472.25279795084043,383.4242954791347,312.58637578650865,279.9784444994268
1393.429770616749,479.70053485371795,1391.9179453952142,1540.2094456310242,1036.9170811943363,647.0901828471699,486.4410575917093,380.8395346965114,337.02613689956763,293.21273910262386
1394.3208452896758,447.08404769790513,1353.6087373768232,1468.188066183824,958.1977203173695,649.2828632396713,463.9339489930523,401.02765082450287,343.73798642100246,268.47509396934504
1395.2118287005178,465.7152401443378,1300.402941079359,1490.5137516696802,975.3022058095191,609.7044931358239,473.58965241730976,376.84687306365504,312.7266588408839,287.9785059829722
1396.102720863302,454.259409441397,1262.7062297096259,1397.6347671674664,914.1408412768707,603.8052051238371,475.62309453888844,381.1731183184,323.8284898988177,276.6035017885734
1396.9935217920388,453.41153332276025,1266.8520757355534,1339.9829682069665,924.8245171000221,580.5467771576781,453.41153332276025,346.5279212491567,311.6501109935598,288.02320727202635
1397.88423150075,430.6095523378864,1198.754196482293,1298.5569312689386,897.1032340372633,590.9667554220472,465.3723026568303,356.5985355298121,316.2288899981353,264.64545404099266
1398.774850003436,403.1963477135661,1163.6694590955422,1291.3483025381715,865.7521577294073,601.4345520060695,461.4358201610812,355.03678395889017,315.8371390422935,281.11745354473635
1399.665377314115,444.0220532711918,1171.0103017000952,1289.5653083669624,884.6887761650194,589.4197029569725,439.5482794347062,380.27077610127253,309.808838176625,279.61086478034747
1400.5558134467872,420.6942829697059,1132.294187141868,1299.0054854463524,872.7168636073686,584.0489779526235,449.7848450899515,365.86976205078145,322.23391887041305,273.00373682076656
1401.446158415456,435.2322173727446,1155.0393461045915,1195.2146277082295,838.1010134536698,553.5261020945675,428.5363371054716,345.9538138091047,290.15481158182973,257.79139029001027
1402.336412234119,428.2932906991407,1097.0123189970157,1203.2469472383168,831.9848780160853,584.8495849494793,432.7663276777218,344.423847350745,288.5108851184812,262.79092249163983
1403.226574916778,415.25916519177713,1103.62678404068,1147.2793647481712,802.535906853111,570.8414400210413,449.9573703695267,361.53291201332615,303.3294710700043,255.199702597642
1404.116646477422,420.84822315899044,1061.074775411497,1177.479603093771,826.0265656684439,537.2530508412643,456.6650932150747,344.73737428981127,312.2783358014849,266.38797104212694
1405.006626930041,400.6864739528715,1050.962567155716,1139.3822080559307,811.4460715526029,555.1410365380566,435.38278873650006,335.77078822866326,297.7167655627481,273.09357442597945
1405.896516288627,415.3940435180953,1033.4466365692776,1131.9767600991763,829.6684265415328,530.719074467863,416.5137040127533,345.9750928493031,311.26561751490704,263.1202162446157
1406.786314567165,400.4124488171033,1008.3215447803245,1072.2529441712907,805.3113116265552,520.4240231124256,400.4124488171033,343.21067041466,293.8601164988265,253.48239056769006
1407.676021779633,408.8664829201451,1014.3033903211292,1082.8222239973074,825.5957828195237,557.1367459571208,411.11300205706897,336.9778705385811,285.307930389332,262.8427390200933
1408.565637940017,405.5206491343284,1010.9933080911234,1055.9263440062844,802.0546910856245,525.7165202073842,425.7405152961508,353.8476578318932,295.4347111421838,272.9681931846033
1409.455163062288,421.6501976334102,959.1136495501303,1052.4388932929917,762.3435573212056,527.3438471735183,426.14779974149985,327.2005533635263,295.71733860689835,254.11451910706853
1410.3445971604199,407.60968277298446,946.597693051311,1016.2169777122615,745.6000808850184,532.2506601498475,413.2241412133837,341.35907317627345,295.32051396499975,268.37111345108343
1411.233940248389,400.37246469601854,942.0528581082789,1027.2862119371232,765.9786929618506,539.4374104167645,392.5220242117829,338.6904323198812,289.34480641897136,247.8496210022972
1412.123192340157,383.5998557796151,956.7563654386306,1017.3247637196225,753.7400674967876,545.1155845289268,431.83024700336784,333.1261905454552,283.77416231649886,268.0712442436492
1413.012353449693,366.3365097281361,938.3159068189989,1001.2448778152431,755.1476519549308,505.67923121981977,385.43994735199595,362.9653148533373,283.18036948309907,255.08707885977574
1413.9014235909601,396.4023354737161,945.0948337282949,949.5739561630262,761.4508139043135,505.02105451594906,389.68365182161926,330.3352795614301,287.78361643148315,266.5077848665097
1414.7904027779111,365.05834443703975,903.0981813150153,968.2470550914717,743.5957662071395,491.98632265668743,378.5374217700997,334.7304204376549,293.16993199405346,259.47223866140365
1415.679291024509,398.28015848391993,906.0027401206451,1013.188618466176,739.0184243823444,504.33776442581365,412.9476997312031,337.3534486875129,280.9398285056546,244.83511158926524
1416.568088344709,371.0028704815144,906.6453126660716,931.4540152514617,731.8567262690055,535.6424421845572,386.7902266722171,334.91748490276524,279.6617382353057,268.3850552419466
1417.456794752456,386.1119588373228,891.5471469363255,966.9684333564439,661.9062151496962,500.9324247306374,407.5000848370579,338.83294346948736,287.0511647332866,252.1547486284557
1418.3454102617002,389.7494418692143,898.1182790899287,955.733413974943,703.8084124189,488.03408373188574,395.39798450500007,335.52343256567144,280.16771473497147,259.8329612461429
1419.23393488639,379.61384284458455,854.1311464003153,941.1259853855325,707.2567429187795,475.6471066594348,410.1185266445958,328.77270317789913,277.9315635112137,258.72491074824364
1420.122368640463,373.1221547465535,892.7877539554996,966.059476186696,704.5357906845799,493.73868211175363,394.54004278336475,324.6500923474544,300.9776897804525,247.99659832097214
1421.0107115378628,377.4941766292392,844.009368045672,942.0451691404296,711.0412700091042,498.0669434929066,388.7626595136941,322.27861049541013,264.80934778469015,264.80934778469015
1421.898963592521,393.18864938227216,846.0878959486716,879.8863471849701,680.4754848908092,493.4573880499576,384.1757290525926,303.0594460854763,279.4005302200673,247.85530906618877
1422.7871248183772,378.09646915709254,846.484632441252,866.8002636198421,715.561675957005,484.18920975639617,413.08450063133097,314.8922832681457,279.90425179390735,259.58862061531727
1423.67519522936,351.2393538568456,844.7814684402588,903.5095919147153,681.0203549057167,464.178052846185,376.08586763450023,333.1691620185513,274.4410385440948,267.6647166047344
1424.563174839394,378.7410460894794,842.0225042525034,875.8386690819212,689.8497625201232,481.3167460720468,367.46899114634016,314.49033291358563,262.63888017514495,263.7660856694589
1425.451063662411,362.0761507263328,818.0658030473082,893.8754971056342,700.3910540612501,505.77512304584616,382.44293420468904,308.8962160884027,289.66092058106625,257.9792573925121
1426.338861712327,369.12100493767787,830.2383218752078,879.0758702208083,681.4541629618668,481.5609418263859,369.12100493767787,337.3198106661241,273.7174221230165,265.7671235551281
1427.226569003065,371.02300083841635,824.873766389996,867.989589117396,692.1224174661589,473.1394230875218,374.4268815800532,307.4838936611952,284.79135538361624,248.48329413948986
1428.11418554854,363.40963748607976,844.5594690486464,862.6733450604136,690.5915229486251,482.28194881330205,378.1271617456406,315.8607129551908,278.5008436809209,258.1227331676828
1429.001711362671,373.3157908189251,822.4259997738138,837.1323794121352,673.0996834462438,492.098087897674,376.70957073546083,313.3590122934614,288.47129290553306,264.7148334897833
1429.8891464593619,354.68561077592864,804.2552702944623,865.2521587718513,709.3712215518573,477.80895973954716,382.92491099694206,316.2801624753504,289.17043426317747,248.50584194491813
1430.7764908525241,361.34231716520867,802.8574609514479,866.0923664553595,667.3540920144948,475.3909860204776,368.1174856120563,329.7248644132529,285.68626950874307,272.13593261504775
1431.663744556063,365.10623800184686,838.7270235212706,819.5109057316996,674.8248423749307,461.1868269497013,391.1045150112663,315.3704037229575,265.6345694440682,258.8524102242196
1432.5509075838822,349.37351765622395,795.1650515487435,850.7472020849609,674.926113654069,462.8064779342187,376.5974281229427,336.8958920256445,290.38837831166666,262.03013824216794
1433.437979949878,363.8308236700755,780.1262802204755,859.9637650383604,663.7916594858432,466.47901843592757,395.7658175972295,321.6310102663364,279.4311968625972,262.32316440162185
1434.3249616679502,376.7836851290061,804.9469636846948,840.3417947119651,690.7700894031778,489.8187906677079,390.4849100427881,329.9711666735841,278.5915732469015,256.89796713341326
1435.2118527519892,356.25182316916136,793.3147627760558,839.9803370570002,660.1471483645801,471.20848176368304,374.46277898611527,334.62631313652855,278.8552609471071,256.0915661759147
1436.09865321589,353.9441747513604,761.3783051725405,777.3114834571676,662.3649829752146,481.4096010283776,366.4631005464246,303.8684715711036,269.725946675474,261.7593575331604
1436.985363073542,368.15015863300414,796.708857227461,805.8271274103217,658.7950207116916,478.7091846001911,371.56950995157695,319.1394564001274,275.82767303153867,257.5911326658171
1437.871982338824,373.1199851442902,749.6526530795343,829.2819182017913,662.0604614450515,458.43705491813705,361.74437584111064,336.7180353741155,290.0780372310793,245.7131609486789
1438.758511025626,344.5002988992441,757.2184787686356,829.984218470126,666.2613041417724,475.2512374253599,379.74620406715354,309.25439373133463,281.9672413432757,256.95401832088834
1439.644949147823,345.38839064482494,758.0306263327016,792.2274966935754,650.8804325352971,465.0774369078831,379.5852610056987,318.03089435612594,273.5749628869901,262.1760061000321
1440.531296719291,343.93861654445635,745.95958224046,809.7362793480413,636.6281014846063,484.0195762628939,368.99374755100615,301.80044166980446,260.8011363863593,259.6622667951525
1441.417553753909,364.09709411910427,747.5368463632859,770.29291474573,659.9259830908765,493.8066838990352,385.71535908242606,301.51790606738325,273.0728205893282,244.62773511127318
1442.3037202655469,370.72925432843755,716.4399700212138,793.7699985314399,631.1494973996406,498.0963601099867,369.5920480268166,329.7898274700825,284.3015754052435,249.04818005499334
1443.189796268071,350.1774080972552,723.0936089280984,782.2144700354272,678.7529630976018,472.9668888586304,347.9035288238964,297.8781848100028,276.2763317130942,259.2222371629032
1444.075781775347,337.57381458994377,753.5738689331068,774.032887999164,627.4099180257541,430.7760125575377,365.98911884835655,306.885285990858,265.9672478587436,256.8743504960515
1444.9616768012381,360.82570021785943,746.7721770331648,773.0348071123128,637.1542427897645,508.1247993574287,396.22315815062416,329.9956562119031,296.8819052425426,243.2147916025445
1445.8474813596079,349.54770709221367,721.9416695499315,803.0458760974713,648.8336523803182,482.05598821213783,339.2668921777368,298.14363251982934,291.2897559101781,255.8780600936466
1446.733195464305,348.810062499867,744.3561137660561,833.2684826385712,658.8634513886377,465.08008333315604,377.3076166256732,300.93417156851274,267.8770087825776,251.9183784721262
1447.618819129191,340.44072324107225,732.2902805286151,795.1232999187459,636.3271236418699,469.53401762443184,339.29830470670623,295.8864004007977,287.8894706602356,263.8986814385493
1448.504352368116,354.7195246254473,731.1799233408414,774.6616715207349,637.3508877947553,459.9911254820317,350.142498501248,303.22798072820495,281.4871066382582,238.00535845836464
1449.3897951949289,344.0464041591328,746.3863851027035,785.248769625662,617.2261071293412,482.3507726084852,352.0474833256243,318.90015535015965,272.03669166070966,256.03453332772676
1450.2751476234741,349.0234888421819,748.3979072222523,783.8724257603102,655.7064233002303,470.3234554561861,377.63197153416405,306.68293445804835,282.65180899678336,244.888611843367
1451.160409667591,349.20764747771415,701.8614230555373,774.2301131578267,607.6672549858907,460.6324560479058,337.72055381068407,325.084750776951,284.87992294234573,246.9725138411465
1452.045581341128,337.13498871322804,706.4876555287441,775.5255371765041,636.2991425201881,463.70443840078804,370.50329817631206,306.06794197173605,265.795844343876,242.78321712795602
1452.930662657916,330.06874531694746,715.533643694082,759.3889315333967,623.2067219271037,447.7855705698448,371.6158601120877,321.9901396623369,295.4461496543306,246.974515726667
1453.815653631791,344.3888395216427,747.5195881255722,764.7966202085978,625.428561405525,445.74742774205924,369.72848657674683,307.5311710778548,285.6469304393558,247.63745985669956
