Wavenumber,Baseline,Surface,1 micrometer,2 micrometers,3 micrometers,4 micrometers,5 micrometers,6 micrometers,7 micrometers
181.96536417035168,1866.8453346060662,1160.58538306114,2041.8291434963016,2688.0042931933763,2588.9170761109535,2644.785400636149,2716.465515121306,2685.896054532048,2675.354861225407
182.98480383669812,1917.3628849781605,1188.658763595879,2018.2767210296427,2739.5450860712886,2640.7557518314165,2701.304053462306,2715.113315237772,2709.8020607087465,2742.731838788704
184.0041318290205,1855.0492031841495,1140.6692235052105,2076.1668159419164,2762.9070940261345,2589.627426336154,2693.8078400393324,2765.033224918036,2685.303316471726,2724.6367379719054
185.02334816567958,1809.1101025030446,1118.681824353788,2027.4149589829153,2670.8397991341135,2590.411694115214,2617.5692360696476,2707.398028688159,2767.9802376634343,2708.4425495325604
186.0424528650146,1914.9643548334955,1152.9615710546495,2016.63460246286,2724.133748337304,2610.933884997393,2722.03745457175,2739.8559515789584,2733.5670702822968,2733.5670702822968
187.0614459453682,1846.1184147812962,1142.2857691459271,2068.491769289043,2642.25698115573,2596.104020786198,2675.82277051539,2661.137737670539,2755.5415202445824,2751.3457965746247
188.08032742507197,1875.6783808071464,1144.74606278751,2018.1218055136758,2670.0344134771353,2571.259775906914,2606.6106988267825,2648.200019908981,2643.001354773706,2667.9549474230253
189.0990973224689,1923.5186307435695,1125.836280118688,2043.2225798670963,2615.944060587419,2551.9643636420856,2646.9019784641932,2647.9339090600856,2710.8816754095265,2777.9571641425373
190.1177556558796,1822.4371255840474,1139.1536011092041,1993.5188019411073,2660.1114311616034,2603.779659678181,2640.290993047066,2769.6454312682577,2740.4363645731496,2743.56590743334
191.1363024436287,1870.0021525483332,1209.7555824865753,2022.5274677841192,2660.8354651064833,2652.4779135867143,2645.165056006916,2729.7852651445783,2707.846692405184,2714.114856045011
192.15473770404418,1889.29899743369,1126.51271354132,2007.769891662205,2711.3207284403175,2576.2223402849927,2651.046062955634,2643.771534362655,2662.477465030315,2737.3011877009567
193.17306145543992,1856.1732484741297,1128.078354712392,1975.9599620400807,2691.5553726471103,2584.2681422358673,2713.4294681678493,2687.3888782622075,2751.969541228199,2760.302529998004
194.1912737161256,1846.2541012540912,1129.1225694369762,2008.5847345307448,2591.125677998229,2634.276858995821,2625.0301773534798,2702.085857706322,2728.7984935619734,2679.482858136155
195.20937450440758,1894.4041799595893,1145.9847751645952,1983.674733097411,2654.241911318723,2540.058645677323,2652.165851943425,2688.496891011143,2667.7362972581614,2693.6870394493885
196.22736383859592,1919.3090500043793,1179.8350004355925,2011.7433062004777,2683.7091911316647,2622.432549383689,2750.1787686209937,2722.136915617683,2762.6418144002428,2721.098328469412
197.24524173699317,1888.7313477530504,1135.1254437383761,2085.7799012367204,2679.021822895004,2640.240990560452,2735.6208754913773,2728.2839612659213,2825.76010740412,2800.604972916843
198.26300821789118,1922.9381242907755,1181.3991767447442,2067.4485593033023,2739.3693410768756,2631.7776303376218,2762.5753963343614,2791.055555059458,2774.1784239631043,2797.3844792205905
199.28066329958168,1868.3555058986678,1156.8015216803583,2086.242598699245,2680.958576633187,2574.6465168609247,2750.429823613081,2742.009066403397,2700.957875006187,2796.743988266344
200.29820700035998,1916.4864723368469,1146.5351473805001,2036.0701931066337,2692.731677333709,2583.6377566314472,2726.2990375497893,2780.8459979009203,2799.7276380224657,2801.8255980359704
201.315639338507,1954.6429713553082,1197.5999700772975,2021.9356825800203,2685.399757311166,2529.785362604019,2693.8113462142546,2811.573590857501,2816.8308339219316,2774.7728894064867
202.3329603323,1888.5825495032625,1170.5658303506664,1991.0070596589458,2699.617446246224,2627.5022299121206,2664.082412110579,2791.5904757737767,2762.3263300150097,2851.1639153541228
203.3501700000234,1872.0554529880408,1125.3075714637253,1972.6589870267333,2686.2180738166344,2572.1315919170866,2692.440972829337,2756.744262627264,2725.629767563751,2778.5244091717236
204.36726835994338,1932.6465657701474,1156.0244913473277,1971.4252658425419,2687.2591077194456,2649.5284806219806,2705.0763482932484,2741.7589024157837,2748.047340265361,2732.3262456414177
205.38425543033367,1913.624067990857,1161.805735525408,2018.4801813054244,2688.5107453855107,2653.9082279917034,2692.7049899180934,2685.3650619860737,2832.1636206264684,2822.726570428157
206.4011312294497,1938.204857860812,1205.314555242061,2022.5663315435459,2721.712044689203,2597.2788710071704,2725.93011837334,2713.2758973209297,2784.983149951254,2761.783744688502
207.4178957755648,1942.0319534701157,1154.2065590416719,2007.684069672486,2719.268296898177,2685.3833336969537,2721.386107098254,2830.4533324021913,2698.090194897413,2844.2190987026884
208.4345490869273,1991.7685946605657,1262.2378849084143,2074.1349651164537,2713.811452553091,2671.023727640941,2787.620278026549,2795.108129886175,2840.0352410439323,2895.6592834297267
209.4510911817924,1952.8433324566417,1171.2753835241601,2104.6354547699752,2691.349686406618,2726.8755022671853,2815.1517719813223,2803.309833361133,2923.8822993121494,2847.4479682182014
210.4675220784084,2011.068157449999,1161.4555023247622,1963.3371094092554,2681.424209933332,2620.9648824150568,2776.886306014819,2745.0656073209902,2833.1028737072506,2891.440821312604
211.48384179502318,1967.3113051173991,1178.8931627737127,2060.1291378425694,2737.5926295722593,2709.8539669187603,2802.67179964393,2841.0791787026214,2852.8147667483327,2901.890862212216
212.50005034987407,1984.3222093601994,1182.715651609003,2057.776196723855,2728.443037870274,2621.9879837200488,2763.5732057398486,2788.0578681944003,2768.89595844736,2835.9626425620017
213.51614776119098,1933.6031761746647,1185.8008428474463,2050.0466823641887,2635.4690804546394,2656.834861406846,2858.7414914051947,2839.512288548209,2812.8050623579516,2813.8733514055616
214.53213404722192,1937.0982851436274,1125.1409201133645,1981.3868686907326,2696.331145951146,2636.2252111372177,2762.764021271804,2756.437080765075,2816.543015579003,2855.559148703834
215.54800922618958,1981.6669529510514,1174.2037251885963,2100.0385256073273,2679.2137203898214,2661.2466066830652,2751.0821752168463,2726.773727260647,2825.064408127019,2850.429745124792
216.5637733163094,1974.4514623652638,1135.5979467560173,2008.0056029896336,2668.6027465319153,2672.7970141099613,2700.059753367262,2764.022333932467,2739.905295358701,2859.441921333019
217.57942633581482,1976.1083108115713,1158.262951243689,2038.2898523251088,2608.462970271274,2643.242476541558,2699.1004714604983,2763.389861838901,2820.3017811902746,2809.7625368659465
218.5949683029212,1970.5788235222792,1191.1943609854077,2085.3800484094672,2713.10050742565,2688.876395752207,2787.879286939323,2704.6747294522784,2821.5823988328093,2904.7869563198537
219.61039923583303,2035.539296285609,1174.1847730152776,2099.819484589365,2672.9844969645237,2738.3360217400086,2728.6939934944453,2897.9651560276698,2837.9703136108305,2983.672073766011
220.625719152762,2049.912863526026,1221.1100285883215,2079.012572945165,2779.5611330355523,2742.9170545077477,2833.449483811736,2919.67084505363,2908.893174898393,2995.114536140287
221.6409280719199,2016.8992368200645,1158.347031055956,2078.147641987216,2737.911164314078,2647.6503566993283,2842.1409064406344,2865.780641768307,2877.600509432143,2873.302375736203
222.6560260115039,2088.5477934908613,1205.0144035791798,2055.1051377066583,2731.509820825858,2778.9768161324682,2882.5411695287094,2913.8262346171573,2892.2503276596067,2958.056843880135
223.67101298970368,2054.421462121127,1175.0262481474851,2089.768650989739,2719.591289012274,2743.1560815913485,2822.4194748118716,2854.553282874246,2913.465264321932,2939.1723107718317
224.68588902472402,2042.5966843246854,1230.672493685452,2058.579443982938,2665.9243109965378,2632.8932743694822,2810.8346652313617,2906.7312231808774,2941.893294429033,2876.8967384854723
225.700654134751,2068.123370843994,1194.2832717463023,1993.283024600404,2713.2260736760654,2633.1152805139127,2814.418654512469,2842.8790678727073,2950.396185011386,2957.7748106973736
226.71530833796348,2070.926519645673,1218.6890380780758,2030.7963780105197,2644.365122484837,2738.354138419801,2784.8206182078734,2871.4172396310987,2873.5293523487385,2868.2490705546393
227.7298516525407,2002.8490149811983,1163.1128394291854,1991.3743591662019,2640.213987977819,2614.135224761918,2810.2475241454936,2791.470814630045,2854.0598463482074,2926.037232824094
228.7442840966724,2008.2165442695054,1137.746711253671,2051.896034098257,2613.489474753634,2649.889049610927,2792.367385480902,2837.086863162719,2842.286802428047,2848.5267295464396
229.75860568852298,2055.3493476859103,1212.583193464977,2043.8902281600385,2636.639229089224,2642.8896579215175,2802.275593145007,2830.4025228903283,2893.948549351981,2876.239000993816
230.7728164462569,1981.225825852673,1181.637320793059,2013.585151775451,2671.2101624641678,2717.139528290046,2858.0591734376285,2857.015324214313,2931.128619069708,2966.6194926624325
231.78691638805316,2000.8199533476654,1186.7863034127563,2017.4328849789902,2640.4178211536655,2680.9118420050195,2805.508829239954,2912.454576616607,2841.849617183477,2910.377960162691
232.8009055320617,2013.4632023475463,1125.2929674277093,2063.3837776123614,2646.830501019889,2657.2306208667255,2741.471591626101,2820.512502462059,2918.273629022322,2930.7537728385255
233.81478389644332,2078.9998413654585,1202.036107375705,2016.2849140241171,2717.646851458115,2743.778071183674,2883.8414089126695,2900.565389537027,2891.158150435826,2955.9635753552116
234.8285514993477,2105.9388158567363,1168.235289861355,2025.9796004617813,2668.768617727718,2685.3835196279683,2850.4941072617066,2817.2643034612056,2901.377244331223,3008.335675314085
235.84220835893208,2037.3082890035146,1146.1795239705532,2034.210506506297,2623.8217751434013,2673.3862950988846,2769.417552512634,2861.318433263426,2926.3718657049976,2942.8933723568257
236.8557544933356,2113.4060739743013,1156.5695783352683,2037.0682989123893,2657.182005922167,2702.1480926024715,2930.1156948421535,2984.49328803694,2947.8929849250644,3029.4593747172444
237.8691899207042,2073.6005692477834,1204.2632166720036,2063.101325859187,2721.4038863241794,2669.957593720057,2855.794201698213,2936.638375790405,2985.984819716808,3046.880431370667
238.8825146591662,2050.7784944165946,1215.9761887016982,2045.5281654498342,2738.571589062201,2678.717838841133,2853.028760537577,2929.683563452278,2934.9338924190383,2994.7876426401062
239.895728726864,2162.1421851211126,1155.3751076349024,2036.5579342912322,2755.527770292299,2734.5970618206525,2846.5763521439626,2930.2991860305497,2989.951705174743,3084.139893297154
240.90883214192218,2135.430868497387,1194.5199618690474,2116.2503517144764,2699.124945061817,2831.2573940107573,2933.553483519614,3025.193730371298,3086.9976177828994,3108.3093030972445
241.9218249224687,2183.702368159751,1212.700930152239,2072.3104283017465,2765.882884021398,2746.96727159268,2925.6147223083476,2970.8020186658405,3034.9049274520503,3047.515335737862
242.9347070866243,2118.9890490876564,1232.387163374861,2101.0672511600496,2740.9808595163718,2714.6252743287146,2913.8734983474046,2980.2895730203013,3011.91627524549,3090.9830308084624
243.9474786525097,2134.196920191775,1155.7594597477714,2072.9786109083316,2728.4367154776155,2858.26175068216,2980.6983692490467,2980.6983692490467,3007.0855715263933,3105.2459639981216
244.960139638235,2164.4685543545625,1194.8458556036421,2111.5992687083835,2697.3909536680453,2813.7033820896386,2930.0158105112323,3109.7713817082404,3100.254910291928,3112.943538847011
245.9726900619062,2146.1288863875197,1207.855658825557,2078.733278571621,2667.39179058861,2749.5301876142366,2995.9453786911154,3043.3329154366693,3044.385971808793,3071.7654374840013
246.9851299416368,2192.2975209060287,1226.7559692479467,2066.449279233179,2715.7839043351096,2862.7831109949925,3018.2427036496892,3051.0266993795913,3140.918300574484,3219.1768710265083
247.9974592955223,2176.2837668811026,1220.3069801810504,2026.8797444787995,2747.780272154249,2825.094241789007,2909.7216950378643,2947.333896481801,3106.140969245088,3162.5592714109926
249.00967814166142,2168.235632713907,1198.7589567636037,2055.1649188881693,2736.7300550044192,2826.7678456434323,2925.1812447139814,3090.599511236819,3030.9233011621245,3112.5854833696017
250.0217864981569,2183.10314362095,1218.108275788501,2109.278399633768,2727.296970726462,2784.247487516574,3072.1639890665833,3000.448523479035,3108.021721860357,3170.2454346495533
251.0337843830894,2173.1213551655974,1225.9170614965037,2034.8127636121455,2686.539611689774,2789.2232629946093,2963.1567947966773,3063.744861381006,3124.5168182757047,3202.0534529344577
252.0456718145433,2191.100718810655,1214.4717720977405,2089.017736233982,2799.389006741759,2868.847530969186,3004.607373777339,3102.480748825077,3051.9654584778577,3166.6772636413357
253.0574488106067,2246.881226349003,1205.308640932869,2077.863362589793,2730.694861359743,2872.2473222580816,3013.79978315642,3112.041416466461,3187.0430935096106,3170.1413071336897
254.0691153893531,2200.772738468291,1179.135393749948,2040.1247284560543,2689.016690466266,2820.26506465927,2947.313490878098,3175.1606684771527,3135.2611627224796,3216.11016122537
255.08067156886318,2220.0527447723557,1258.7605125507573,2040.528028222828,2755.495649364842,2861.95798127212,3028.9577175972618,3052.963929694001,3093.6701154232546,3165.688751713472
256.0921173671959,2263.126714669233,1229.5727819856463,2121.615780681115,2776.7589935890683,2864.810241403897,3094.372423206844,3093.324194066191,3233.7868989136564,3209.6776286786435
257.103452802432,2271.7962987330234,1183.2923408348072,2069.719965879192,2744.6965828342577,2849.9012715880567,2994.687922447245,3151.974140287083,3195.7226247193557,3279.0530712570185
258.11467789262315,2257.9152072526513,1210.7811363662154,2099.4468463766625,2689.819171208778,2849.3232730055247,3058.5429389986602,3136.223508055518,3165.2242538367445,3219.0827817161653
259.1257926558319,2242.0655759199235,1166.5779797145678,2075.4115788178424,2718.219853354441,2847.609602657299,3051.5278475586033,3138.477759090124,3213.00625468857,3234.7437325714504
260.13679711010633,2267.4097492787414,1229.64168386727,2116.799274576878,2725.4306449474225,2836.8411330830477,3100.9252531082334,3172.1041760837716,3219.556791400797,3251.535727810097
261.1476912735052,2155.62259675587,1214.6923193384441,2073.4939841795644,2613.9205336014265,2779.191692242634,3020.5078625285682,3085.3996057987356,3062.0791355610195,3245.601096996961
262.15847516407297,2229.49460593401,1137.0219993024036,2029.0223389154203,2645.6264329271426,2754.9749422100094,2981.771850352252,3061.758259920275,3107.3201387881363,3100.232735408691
263.1691487998505,2240.382091801934,1208.7214483408334,2052.0630854558603,2683.545840431554,2863.677063893016,3031.52661302756,3121.592224758291,3143.085154830397,3241.3385494457402
264.1797121988748,2267.9901741743047,1229.9051193283542,2010.5204619546075,2748.053223253262,2893.7133791703814,3073.224134702043,3174.7759335456685,3164.5181760867163,3288.637041340037
265.1901653791829,2316.2916967516376,1230.465392877431,2044.5768366955801,2705.7841007103207,2928.9415523152957,3094.2433683189806,3227.517957471952,3240.9487300222513,3283.3073203731956
266.20050835880835,2376.0131452953406,1269.520967849259,2168.808811686141,2803.043396286889,2876.6693016302597,3139.618963570869,3249.006022938162,3282.6635796665596,3334.201713406919
267.2107411557736,2338.111008518567,1218.0515213372978,2101.033506528176,2813.319690285973,2930.277924601233,3118.8862484069214,3270.6158496807716,3305.387216639362,3421.291773167998
268.2208637881013,2406.2775309923804,1281.2372467652413,2155.0959290730007,2804.1576315117345,2984.628446336163,3128.1607902900946,3290.6900621202817,3348.736230631063,3450.0531793044265
269.2308762738176,2381.5983282710527,1246.099434915814,2096.1435971956635,2846.1206028254687,2952.5077904218315,3168.442181087716,3207.415705256681,3381.216556280442,3459.163604618371
270.2407786309304,2375.884706596488,1241.1023788556754,2101.136851735308,2819.060365203985,3026.4370985666383,3168.5480579775935,3396.9782668085363,3346.449925684641,3412.7683734097536
271.2505708774479,2401.5415509925224,1232.4812713280287,2127.774270311597,2863.4577736086017,3014.61113707336,3216.501293868946,3415.2204010813557,3420.5054837199837,3403.5932192763744
272.2602530313852,2397.712773305542,1243.8068907839954,2150.220585853625,2822.891659440888,2974.1368851059483,3267.1084061494576,3371.816639302192,3409.892360448641,3440.5644691499465
273.2698251107431,2336.230442900197,1227.0471605502837,2140.492216603154,2832.9425010303294,2947.6493110646184,3259.146703451311,3379.1152937624024,3454.884929748355,3466.4608463573195
274.27928713351866,2381.972910435182,1257.943197055853,2102.5471374093636,2804.8020990516084,2961.913194073672,3253.992209651603,3365.76251886193,3476.4783911929144,3521.819177004651
275.288639117709,2455.733252443684,1301.4644964438498,2122.1601715813467,2871.905381900505,3001.098765599569,3278.5468519041165,3391.855803181164,3481.867586905922,3503.0468301352767
276.2978810813111,2386.2899976791027,1215.7165936262213,2145.8762671606187,2820.9244275247465,3126.428338358279,3223.0137672128662,3394.1379509443636,3500.1719543608133,3514.8697370125983
277.30701304230394,2404.791825047149,1234.410818967895,2125.579854090125,2820.4607742914404,3013.5998820211107,3270.7688026394226,3322.2025867630846,3380.984054332984,3543.682759213957
278.3160350186699,2449.807170489044,1242.8084527846395,2123.306644757486,2866.8852614235498,3127.0324545064364,3214.450337202305,3456.692662745074,3521.9927678913855,3515.673402877226
279.3249470283954,2490.287546070823,1256.8302760246518,2139.692456393617,2930.125022211318,3103.297748324605,3360.4008140878896,3432.644650748647,3449.6432005511783,3542.072815102442
280.33374908945547,2510.0896471529277,1276.244905055796,2174.0683557055127,2849.290950822242,3086.731863390762,3333.712812624982,3408.973101876611,3528.753562234838,3556.3136681579695
281.3424412198183,2541.728338891733,1310.3974803991807,2166.425440241606,2798.9584154946297,3005.585854077284,3367.1838715969293,3509.5037910288593,3553.781099296571,3607.546402193078
282.35102343745535,2510.0724723116923,1271.4315683601578,2224.476362946266,2951.159796776073,3117.2286455552285,3297.0484181186453,3468.406083737901,3522.3520155069264,3638.705985989137
283.3594957603309,2468.7032661658964,1258.4518771923774,2155.4000927433144,2943.373291451614,3083.7834093065503,3387.6560524254423,3463.1002948549603,3446.334907648401,3584.6493521025172
284.36785820640586,2475.4543295987683,1246.6241465336716,2165.63002449888,2871.1083408411932,3103.4765696661093,3345.2651320920354,3440.515171835582,3573.446545983169,3606.941065453427
285.37611079362614,2413.755482378565,1234.4843533097107,2126.230012746936,2867.9623836807036,3006.5163237568145,3332.5868744622485,3427.386938724851,3550.3144945818517,3596.1518882912414
286.38425353995984,2527.296480530782,1267.874488560593,2160.6694409220104,2977.3919239697925,3121.08436600666,3346.132087726165,3492.9942159844336,3634.5735338737,3603.9332337334854
287.392286463346,2545.0918777456955,1325.8103979802484,2179.0964854631607,2908.9777864992243,3175.8274529184787,3404.706415815626,3533.3849110849897,3646.242279886809,3666.2823734123654
288.4002095817268,2575.98675981069,1314.018813148793,2159.5798279155183,2910.599472940738,3150.6708163292806,3426.859087484241,3567.077748224452,3656.3078050591316,3657.370067640497
289.4080229130486,2590.855293034568,1321.431724632543,2171.6058703599865,3014.35027948307,3169.313357231143,3430.415529327212,3559.9052244317663,3669.2284916102017,3716.9910840668
290.4157264752503,2622.6565913139266,1323.065164047709,2227.8710181706583,2993.968427675703,3229.772783526141,3439.9694265240437,3726.9892080795544,3732.324148257166,3795.2764423529848
291.4233202862597,2515.751264028487,1305.3625476523653,2166.4586178903037,2926.2492681002495,3177.402288586315,3415.8921315688813,3626.945089960533,3695.5373014378197,3721.918921236776
292.4308043640012,2584.5463781106087,1277.0699750664185,2173.535351652451,2871.834697624729,3165.4140022376987,3447.459834169445,3664.4988200797475,3654.0138449149986,3749.4271189142137
293.4381787264138,2585.3019827590215,1272.2654723080184,2106.5036373875573,2927.151456419434,3213.5941346547647,3486.446466842433,3515.7179814066276,3669.393432868648,3822.0234730962325
294.445443391407,2572.55891243916,1249.3502846095557,2152.294536933531,2913.763652948681,3177.9892751725165,3419.3292135816896,3546.240732917548,3753.2521456047266,3717.8833615275203
295.4525983768981,2525.7644204649246,1270.1341999548802,2126.9049857319483,2901.8318874988736,3158.7595233788165,3465.41508878391,3532.754993349218,3618.742871486457,3707.8387452190177
296.459643700804,2534.7031370776494,1319.5919464670533,2209.767986364068,2932.774816890751,3143.8259437207944,3463.537056641553,3538.7632008582023,3646.378379390353,3738.3214445440353
297.4665793810382,2635.660038020163,1264.9072230180266,2168.2626714368657,3040.1788351079495,3279.1173991908904,3499.1923924251787,3646.957030739629,3809.3933352696986,3821.9690491688007
298.4734054354994,2535.433213992163,1290.1771814092795,2179.1980570200462,2882.2662700471274,3256.260950973866,3510.117675736987,3707.5617949971925,3719.0532516737126,3730.5447083502327
299.4801218820867,2622.3355590630563,1250.2679660320487,2173.654881827575,2910.6987785392243,3191.774840844514,3545.7224748585827,3612.3479118494665,3725.819359224565,3700.8348203529836
300.48672873870964,2671.5429788824117,1303.141166124108,2169.139588127092,2998.8820953333006,3271.319397949072,3520.96726840687,3662.8832777542493,3725.036274548722,3835.8757854988644
301.493226023249,2592.9418713685955,1301.66929549057,2156.279647641727,2855.9788775659713,3305.1171648278932,3493.2977898149484,3681.4784148020035,3823.9134734938634,3761.5331558185962
302.4996137536036,2634.621355115607,1275.152572112453,2207.835596286133,2912.552568792362,3256.063057606329,3554.8130887869606,3656.825294555957,3798.393253582319,3841.0718294652665
303.50589194765416,2605.290662293282,1298.4735286449702,2192.2822146278936,2944.249615554017,3336.399050711052,3670.143250844699,3646.1553864600933,3790.0825727677284,3868.3038696740523
304.51206062328487,2631.8485427260293,1325.8894212856521,2208.067430226501,3041.9931342787904,3331.506963610151,3656.685540033056,3665.0772452310666,3836.05823864053,3842.3520175390377
305.51811979837663,2621.1740805582635,1329.0163477961141,2224.1541414781245,3018.194019638402,3324.647076063655,3577.3918648679874,3794.3311419250394,3855.411132552753,3929.128362620683
306.52406949079517,2690.737832936039,1281.8536457334778,2209.9114858877733,3001.4902319017306,3301.7442390104734,3627.1943865758935,3788.869621172909,3742.676697002333,3882.305308699755
307.5299097184216,2731.4963653908667,1320.310289045528,2226.97906348502,3039.638402786777,3354.0477358585363,3615.185055685579,3747.8428141577165,3813.6494187541316,3961.9754164158917
308.535640499118,2749.082629001343,1342.3048592201867,2276.633595874238,3061.9347851660477,3357.876013970498,3703.493091895696,3838.780510777731,3903.2534213387003,3968.7832648596855
309.5412618507471,2688.166120943404,1308.8370467528746,2263.1097166924706,3051.1474562567014,3248.9459810071357,3686.627823008097,3770.7974080082818,3926.511140258624,3980.1692506962418
310.546773791164,2638.4696583532877,1293.2844049977375,2246.565293202458,3132.057318245954,3427.5743935894175,3710.381057090151,3783.465925185846,3932.813264337919,3966.7076959185315
311.55217633822764,2694.308246031352,1315.1165395833345,2233.1771271199436,3085.0617226487648,3367.622704396302,3684.847301005062,3805.6447467335634,3946.400031321556,3991.5677718982997
312.55746950978937,2754.2381358550488,1314.2103657841942,2293.2600831745112,3083.0550495790108,3362.1793750552997,3763.9492374832917,3873.907305095163,3966.9487469205924,4033.557960954707
313.5626533236937,2703.7733026606456,1346.6222952114354,2299.4707527300816,3096.494269129657,3469.2106823468953,3656.6217601792923,3901.940755319452,3914.575210004782,3973.5359985363225
314.5677277977848,2669.0274126771446,1341.3412066071285,2229.966626176142,3024.05742664207,3436.8585967255476,3686.8501450203767,3910.582076897682,4029.2755431048904,4074.4420833430318
315.5726929499033,2729.330850602046,1357.2545191900012,2274.089475210704,3179.2787216283728,3437.601734641134,3750.977193050058,3897.077913524489,3998.7131973327882,4010.3589069358227
316.5775487978863,2838.6596791907327,1369.360923894256,2256.0433854841704,3166.1155522958807,3437.223499184883,3784.87957225431,3883.754235237358,4046.4190033707596,4043.229498113242
317.5822953595562,2714.6089875738617,1354.1208241377042,2300.7319331744065,3077.547327585691,3480.8121498210576,3806.6076772585775,3947.750365040956,4072.974704577201,4039.015561652118
318.58693265275366,2813.9858818253624,1353.6297088315018,2295.147328323202,3119.371507002805,3414.1901555305094,3773.4673616216182,4027.074801215342,4046.0953591848715,4147.538335022361
319.5914606952938,2814.3821206849707,1371.464724214048,2291.8178011943924,3153.515699456407,3552.3709147410523,3776.3270516655857,3973.6217437181513,4039.7421270006325,4123.992292796052
320.5958795049992,2753.28175890359,1352.8965944478352,2265.732440155618,3157.46225474877,3438.17246857336,3776.924267963185,3967.9338495505935,4104.067750239962,4076.6299097909423
321.6001890996849,2777.9741795244677,1372.5587800397502,2276.6457602512614,3051.42604458258,3566.5330462036754,3866.4821850077287,3952.333351944578,4119.796122018926,4201.407725156425
322.6043894971663,2850.9068969825335,1370.013224615765,2349.8125658001136,3182.482082084092,3504.461843822583,3815.7800240465544,4106.8411993929385,4081.2534037580917,4215.589330841039
323.60848071524737,2843.7119530371465,1336.3427855512628,2292.3908833224364,3157.083273973253,3525.69292944725,3887.928930936106,3970.786432742941,4071.7026208410093,4237.41762445468
324.6124627717327,2735.2143094172216,1329.5299253431738,2285.691462741924,3111.7557998087646,3530.6053228285714,3870.127284670384,3992.8205792923477,4064.744234760395,4096.475259231593
325.6163356844263,2799.946789614052,1362.2511515313906,2333.4660910787316,3105.9751294276557,3641.524724101463,3930.551489480978,4005.9959760322486,4101.629832224,4164.323137949704
326.6200994711253,2868.820137963021,1361.150043252625,2367.6790923973117,3199.0211234946637,3626.9021433314874,3907.201372207223,4101.4997013142665,4107.87013833417,4192.8092985995445
327.623754149623,2781.9363549703326,1382.0077913475204,2275.9380789620873,3169.8683665766544,3501.9297352070653,3927.8116175140053,3971.0323035897095,4202.948180093488,4154.4566786426985
328.6272997376982,2796.6736428762333,1401.5220989356978,2346.4877565514334,3206.5126808983387,3565.3872789591464,3950.8058561664634,4065.475846079384,4131.304914362728,4145.107783518913
329.6307362531479,2831.290961317312,1397.5507639885827,2289.51385631336,3262.370976104346,3633.844865389963,3890.364084065705,4086.2127821417894,4257.5803929583635,4279.932690021395
330.6340637137473,2830.023521551829,1373.3161512640543,2401.455990872962,3122.4205806603172,3649.1575210759693,3861.330116313536,4052.3910105324403,4117.837283690296,4241.340734649478
331.6372821372752,2789.1255425505933,1315.6252559200911,2335.497954309346,3149.0806125703302,3543.7681893463578,3811.1032413493203,4091.0682958091156,4135.2733044080305,4263.678329385832
332.6403915415103,2865.848414637681,1389.3111859739693,2299.404595242848,3146.443033892635,3625.6608105977257,3905.2045136756956,4161.628060859998,4157.424396152059,4193.155546169543
333.64339194421336,2821.4779403745965,1401.2638577009657,2319.296978598969,3176.2682634739394,3623.7041308840903,4003.7614206136536,4161.67996205253,4183.788557853973,4265.906199402189
334.6462833631558,2863.253668918269,1386.0202674148486,2406.139571646806,3158.910034584674,3631.750534285201,3952.5691438381086,4131.850131529439,4206.2884363603425,4265.000338762182
335.6490658160947,2792.729787298311,1362.3327533839904,2295.3369680382066,3243.001181575879,3569.709728121463,3949.8225563139213,4117.365400696272,4262.918246753439,4290.143958965572
336.6517393207978,2832.652837552461,1407.3856281638293,2369.8354411458204,3170.299165385487,3624.7017000392793,4019.14834470403,4147.474986434962,4283.164632199636,4365.209534289904
337.6543038950113,2913.592523638769,1392.0261656306216,2421.976875517504,3201.3416394937635,3672.782995359512,4063.5271822031955,4252.528446491716,4338.534639791548,4356.585322335958
338.6567595564811,2913.326635267565,1427.064933821195,2390.06949286646,3225.1667504359,3711.4259130712703,4042.293560690555,4195.570905434312,4239.968481153194,4339.334483952596
339.65910632296436,2974.5188348741185,1367.5583389681221,2386.6064583231446,3278.538388153632,3775.3508288786893,4136.572667444243,4143.987778499841,4296.527205929283,4301.823713826138
340.6613442121998,2973.634620425695,1485.7507267765398,2414.7448998004925,3272.2779825918337,3784.2380320194998,4086.0811444945616,4285.53224708409,4443.38659565762,4536.179354616384
341.6634732419261,2882.603726077099,1429.0648963165538,2376.099712192751,3282.699333683223,3781.7547591280954,4158.44051735301,4276.553848321839,4390.410843039539,4373.385498035023
342.66549342987486,2956.989684683416,1449.75520177783,2398.163340385794,3292.2854912619887,3701.0270459482495,4133.18608553841,4324.783689297595,4471.67518551297,4497.221532680861
343.66740479378126,2968.9197753400776,1445.1153204466925,2394.701767215564,3329.4010804404666,3848.324021115953,4209.868692898054,4283.240993936186,4398.084595561089,4415.0984624684825
344.6692073513732,2973.5312536963684,1428.1055770084065,2517.0494113068253,3346.822479949499,3896.093855721963,4197.926475806637,4410.16920159056,4467.762705069615,4427.233943362132
345.6709011203675,2976.6838264179155,1448.9508897549294,2352.81518468655,3291.812014050141,3849.6740759396216,4167.99613033839,4366.015869864045,4390.502181740874,4519.321474658102
346.67248611849215,3055.4626031210346,1432.980022230283,2398.5913745058156,3292.873112004655,3778.3403409325965,4147.763868208903,4324.490973476531,4386.238998208593,4476.731793074548
347.6739623634603,3011.218297367404,1445.8921133024248,2352.7455001543844,3425.538259658742,3771.1572077946284,4152.712071027213,4313.366750283038,4422.231434252445,4438.085514442165
348.6753298729818,3009.065534250329,1441.5572485574914,2430.1141282584435,3382.684997349297,3876.963437199773,4228.3562466866215,4409.344711813884,4546.938281793673,4487.667205494687
349.676588664759,2960.415940466572,1434.776890490223,2360.3030731628555,3365.069511201296,3800.3626473441323,4206.072754817067,4371.949022716158,4427.945469841328,4516.694555851033
350.67773875650886,2950.8626711540082,1478.6043061911482,2448.47565724786,3365.4641647355033,3871.0241492557957,4214.762632454739,4396.6796143323345,4500.329987727708,4490.811075885275
351.6787801659266,3008.75134728098,1452.4644879693822,2366.9403244381915,3408.3101703252646,3907.496521425211,4161.284540261739,4365.783150481255,4494.774581542795,4522.041062905398
352.67971291069983,3160.6963877154385,1421.3657972737649,2393.1588571876055,3301.780103889279,3891.3836938695076,4255.674483393006,4320.952023712245,4373.595201389051,4525.207553098253
353.6805370085348,3013.3881533988506,1369.243131568859,2374.0569373509297,3317.7814341860817,3981.337721023298,4193.043774442791,4401.590036020202,4547.993724703334,4561.686156019022
354.6812524771158,2999.1383745430476,1456.0654324502948,2442.499969481056,3269.595452708761,3878.648020205969,4250.788573496001,4370.292863848293,4482.4591714596545,4576.804663843043
355.68185933412315,3004.053433368828,1455.1534835007812,2405.117676022408,3417.579512788878,3956.100880698616,4308.1709432779035,4439.415996192075,4455.0404072532865,4459.206916869609
356.6823575972376,2984.393838861301,1427.4096582228772,2427.4323836396366,3374.162361933873,3834.987881169809,4343.881368398609,4401.35393882486,4528.838549588543,4652.143337048499
357.6827472841433,3008.291249270227,1464.0559004755762,2400.1769918891914,3431.0556131344406,3962.114296806236,4319.277293863933,4456.727776696633,4540.031099625542,4578.558886480162
358.6830284125098,3075.08635809239,1432.4031241486557,2443.2050380646037,3444.638036197603,3958.8874136172512,4331.5620636501135,4464.808865896501,4550.170098585591,4682.375910189428
359.6832010000035,3089.8720121338406,1420.9660905430069,2443.978334614292,3376.35711103364,3854.5267851973063,4322.278819400979,4462.916958860881,4633.766254204762,4642.1003661727555
360.68326506429736,3091.122139177604,1480.7708151503261,2475.614722012084,3380.5882759430524,4013.860762873961,4324.226981716337,4512.327720408686,4614.738122585632,4626.233167727942
361.68322062305015,3060.462414220127,1467.4739463946814,2473.6820265313054,3480.936061013186,4042.6135444158544,4345.9403045402005,4449.489784720581,4623.1182060331375,4693.197147165314
362.6830676939208,3148.4209094693065,1524.177001004378,2462.699259397537,3503.3950969872576,4083.783160258448,4459.824065136515,4598.864399713279,4679.971261549726,4707.357994117876
363.6828062945569,3111.883725082628,1479.6959787736594,2420.9382680433287,3470.5022956311836,4066.79769006236,4436.984601596353,4679.919762290536,4759.846481826284,4744.071471391597
364.6824364426175,3143.2875507737317,1452.4445983027301,2458.548665673674,3528.7157268960036,4067.4750030560185,4513.815533987805,4508.564468918019,4738.561118974633,4740.661545002547
365.68195815574654,3116.879255736279,1449.468773995794,2441.1556833986715,3495.409590240217,4068.9404000946674,4516.294431781139,4669.583575505874,4705.038207387785,4673.754708668452
366.6813714515847,3214.472945455576,1481.5893217653552,2483.625350690758,3354.7789306969594,4089.814763827192,4566.226877893084,4666.74459866303,4715.95639945665,4809.14470308712
367.68067634776884,3170.570667650415,1476.206067736317,2506.745419738025,3511.313517909044,4136.701310152016,4523.153567152656,4687.291891362605,4687.291891362605,4814.031610056364
368.6798728619433,3108.784317654659,1548.694620091208,2468.5881469413703,3552.1564229382957,4047.324334913946,4462.726704583896,4647.119776407464,4733.100815516207,4803.543112617345
369.67896101173034,3178.7464482182836,1542.0301919016354,2478.4857740281345,3528.3565322121767,4103.756462118792,4476.2576825646665,4694.763985060849,4728.060183536459,4791.531061880588
370.6779408147595,3146.272742625011,1439.3078220151488,2481.81659903191,3537.864451074863,4178.366846544701,4410.6140566093745,4729.303053379733,4775.127615006843,4850.113261305751
371.67681228866064,3156.3786927756737,1486.0247454504893,2491.550897250089,3501.219278305299,4085.273603346467,4544.025493405399,4626.870078517622,4745.959169616441,4696.2524185491075
372.675575451045,3205.950997407067,1512.8275553375302,2505.491115620649,3560.325671328598,4218.302039574716,4476.31167058776,4698.054887602987,4768.515349084461,4842.084360337177
373.6742303195351,3227.0870118250773,1521.1333566035194,2541.7982641402155,3571.80801823625,4201.0276865650785,4632.9672608634155,4720.185828750579,4820.902508334567,4831.285671178277
374.6727769117351,3195.5134139608745,1458.4174592786549,2494.6886051496876,3567.0847411656273,4226.623846954063,4658.059443541804,4788.1094080634675,4770.562984278799,4841.780821993043
375.67121524526016,3218.323646043381,1503.7536752083947,2504.8714534548676,3595.3005687648224,4216.325912531825,4594.341339172609,4751.1554309933745,4793.73409168643,4975.472277571422
376.6695453377179,3221.961814055613,1507.6192026883684,2573.602032290047,3638.540804272136,4380.865771800827,4596.985699056016,4887.233717302114,4944.65688637958,4918.555445889822
377.6677672066944,3285.3161994660645,1525.3629488395113,2608.896629739302,3686.11846395424,4401.461088237596,4637.103364472115,4801.211378278296,4967.42334097943,4944.279903134968
378.6658808698048,3278.337498303623,1550.1807894323588,2527.468678422324,3614.280210143924,4307.227872811378,4727.419540599089,4925.404587075504,4992.803751833433,4948.573049961043
379.6638863446315,3214.819604629633,1563.2270721464772,2566.8062288273245,3715.557213204144,4391.9737726860985,4768.578948882894,4943.2059300244255,4927.426383535733,5119.936850697783
380.6617836487676,3312.3358838710433,1582.2926873284641,2526.428919966177,3712.6244974865886,4321.440425524892,4718.585411284817,4934.447857370687,5017.230057568667,5008.847049953682
381.6595727997919,3283.192032610376,1540.983748554505,2579.427465442385,3683.5558752659445,4270.547654992728,4743.8944897990505,4947.204253647582,4883.604789059067,5003.505419021021
382.6572538152977,3194.362852993536,1560.6684611620933,2631.019959258556,3709.7172780029437,4331.480916273404,4686.178293810243,4997.060112945473,5017.924664565287,5081.56154700572
383.6548267128528,3401.954677053978,1601.5355864284882,2657.7116692430923,3771.4592927463023,4478.019110288283,4862.17829997407,4973.1343602102925,5022.331858616919,5099.791749725225
384.65229151003217,3266.8729755361387,1579.4948531928494,2567.202841628431,3724.5913116404327,4535.286945838884,4741.626790718852,4995.100102703381,5009.7638480248,5030.712055626827
385.64964822441465,3281.498813778215,1539.01772665274,2538.5966975905876,3731.205010515389,4370.810343693782,4777.737064639252,4881.033847648487,5076.149993332597,4996.8514528406595
386.6468968735571,3298.935355931171,1595.8560746741828,2633.735074315514,3728.8691842680514,4378.454435798834,4902.0784446449625,4967.661571001436,5007.2196472164505,5137.344897923739
387.6440374750309,3409.11999780235,1598.1541323031017,2528.9471983697435,3645.692264316513,4376.070397179017,4817.189863561321,4942.190930147407,4987.645863451438,5013.472530101456
388.64107004638214,3298.8778726530713,1584.8153959107574,2535.7046334572115,3812.7888845309285,4425.173862756639,4865.229399873607,4949.342579462397,5009.863037947015,4942.162186082866
389.6379946051784,3261.9823056313194,1545.149513193783,2588.613755304022,3664.9753922394116,4367.129163038716,4766.010075293664,4927.412918654558,5015.82466724715,5123.769244017175
390.6348111689622,3360.6207518925507,1545.8027719604281,2658.077189535703,3739.311390806551,4490.484625373667,4806.0601578020005,4934.359718526963,5081.2834090345805,5130.947755121662
391.63151975529036,3367.4346244253616,1608.0795498794344,2678.4056935814033,3777.7435817399596,4527.9044026888705,4919.562952852805,5043.899000523896,5195.1745251903885,5112.283826742995
392.6281203816943,3346.154994240823,1612.4284378497964,2650.7821595001515,3796.8402450276335,4526.720303146413,4926.167555583911,5042.237306946639,5120.662814624159,5281.696523721998
393.62461306572374,3343.2563224182595,1613.1211755668103,2649.5306355164707,3773.7005739296105,4517.575105667673,4863.393181517812,5043.093208847793,5158.017644930921,5170.554856139989
394.6209978249099,3451.4230196269427,1601.9615467799485,2682.8156542879324,3815.884936071664,4461.264490119909,4852.878297188019,5095.1567058274895,5120.219989479849,5150.504790559783
395.6172746767843,3380.8613863374935,1603.381070671312,2689.6769586033715,3864.5862347064717,4542.21802660267,4934.201955453394,5096.8335855084815,5117.683794489903,5113.513752693619
396.61344363888196,3436.2691413716925,1569.8214344929038,2651.8806534780324,3841.5191191383237,4603.973974214718,5034.290960915367,5101.136318072749,5175.292886169221,5158.581546879875
397.60950472871986,3302.493313132626,1635.7176911440595,2660.6294090128054,3764.221218354304,4600.714822433038,5051.054819678397,5065.548520739167,5083.1480148843875,5218.767646238736
398.6054579638258,3339.2471415437585,1627.6106757011983,2723.0580138404366,3940.9132931732643,4598.596638230345,4997.978480260276,5097.564601909297,5162.917994241468,5188.851880087567
399.60130336170545,3327.2785801439227,1615.7832882233092,2706.6942981065627,3825.392663901937,4539.630626976444,4995.549096201237,5049.065485365322,5091.261099898542,5220.935427488438
400.59704093988336,3332.082744112844,1618.6169270597666,2684.6359732889377,3821.791687013092,4635.224015325293,4971.3189950842,5075.446580837726,5064.105952686352,5250.710834086236
401.5926707158687,3361.0767129305978,1611.5879156305316,2646.8736392092765,3886.9524631778527,4601.155536899174,4911.947076184245,5188.777950580549,5187.748839523314,5241.262614499551
402.5881927071569,3360.0872738430908,1631.7488045452073,2705.5381626999565,3854.338643481784,4603.422320127537,4943.5412460119605,5187.070507143707,5108.976735641543,5233.310240269988
403.5836069312572,3353.598292623822,1599.0599166241313,2698.7353776380223,3801.499814665997,4574.773476858349,4948.539574562508,5090.632471210371,5180.212775618806,5148.293356806605
404.57891340567215,3356.1873811332193,1609.6000705434826,2715.875812129139,3993.3856037726123,4626.432697925755,5050.885585644829,5179.570568718583,5293.726602090461,5314.482244521711
405.5741121478859,3424.7094777887687,1583.334641027116,2788.8984354988706,3871.635096800986,4695.299401585627,5037.976781521091,5163.900397039545,5215.508436186452,5271.245118465112
406.5692031753933,3376.3545654791146,1618.78594657787,2709.369185059314,3895.2360493150154,4806.644643677476,5073.853072479197,5227.135426985611,5259.241866105197,5233.349576492627
407.5641865056859,3361.9596733686285,1639.7034748258902,2732.4951550276637,3970.7860107803813,4621.920619097018,5045.003328145864,5117.236961398105,5259.640409809668,5209.076866533099
408.5590621562405,3427.8301136720042,1660.6621908166633,2761.9107793719227,4013.094621768039,4745.192275004774,5058.5052537204965,5257.040210530458,5200.168217694271,5317.014312066801
409.553830144534,3435.8596202680546,1635.038142576294,2846.2926347636753,3992.2699387493412,4811.8613017264315,5120.632763378989,5206.6328684701375,5263.620889916079,5283.307660961041
410.54849048805056,3409.5173687191887,1665.5988370925286,2792.358175790233,4059.048702055585,4793.165305488844,5094.957195093697,5249.508058974383,5274.570361225305,5353.934318353225
411.5430432042558,3440.4934483237917,1659.1265095469728,2760.335162609006,4026.620634631003,4818.57144964146,5096.485587890512,5272.01030678465,5355.593506258049,5315.891486508184
412.53748831061597,3513.7244846504022,1673.0524752494612,2827.5320167177806,4058.4879706427128,4860.966490392924,5178.395983192289,5440.301505303977,5419.349063535043,5392.110889235427
413.53182582459704,3434.303402703817,1651.2493486749088,2862.7982002888743,4010.026355690088,4872.556347526663,5273.2426518028215,5472.531366298069,5352.325475015222,5453.551488727093
414.5260557636648,3508.443105503588,1718.226662713435,2830.8922341932994,4078.0093066987993,4905.891777581059,5348.41719040559,5342.065150987057,5465.929919648469,5466.988592884891
415.52017814526704,3380.590512697743,1716.6402572271272,2832.6144944300295,4064.5067354972557,4880.1479626880455,5206.825973578413,5370.164979023597,5384.91817951542,5447.092381588103
416.5141929868587,3408.310776168782,1682.2269180171286,2849.6568958837643,4179.984079964349,4945.39210659784,5319.220310601647,5283.717073349889,5317.131884880955,5416.332106613809
417.50810030589486,3492.7053102662408,1645.9754787471961,2874.6762033036916,4131.7558154247945,4904.29219912798,5177.570375676046,5384.631147906696,5440.33785312611,5488.687068976921
418.5019001198161,3372.3035000928407,1662.1533031088786,2856.858596303898,4133.993337675692,4867.511085375341,5232.704843120544,5327.6552201342965,5298.43971951468,5422.605597148049
419.49559244605916,3393.001796568647,1742.5199717214782,2803.5440019803723,3999.0057748646627,4807.700503580506,5235.833007018306,5316.495652593543,5296.847059440601,5323.73460796568
420.4891773020681,3440.0560883598896,1690.892662911319,2884.4027455939545,4155.954028103267,4869.770869184598,5309.9232362070525,5330.7342228275,5421.262014626444,5362.991252089193
421.4826547052726,3431.800774208246,1742.670322785466,2893.252656383581,4183.458576084387,5004.403270312239,5253.206201938839,5541.901586737636,5429.572837015922,5430.6226384151905
422.47602467310935,3498.2519290748205,1750.1809259152976,2875.8247161212184,4207.185975015194,5013.176467721214,5349.709147267315,5358.148838290414,5561.756384222694,5544.877002176495
423.4692872229934,3439.477687849496,1731.868250060985,2957.4656353051173,4205.212370884987,5028.957257180741,5307.406232830011,5542.611238776173,5436.08341097096,5495.148345199594
424.4624423723617,3466.891961216206,1746.1529761898362,2922.608983798634,4275.904013253219,5111.388972752176,5393.060708147263,5496.834505398084,5529.660910650894,5564.60514850066
425.4554901386218,3485.745450775619,1726.0536882308704,2867.6458352581085,4243.653312660185,5066.73494352789,5370.528802175101,5370.528802175101,5410.474015422832,5408.371635778214
426.4484305391925,3522.2869135889096,1706.4364915893702,2967.8528623758407,4300.809110738191,5068.810737655725,5353.91819093607,5364.438761167817,5362.334647121467,5468.592406462112
427.4412635914814,3433.004541065824,1803.9938911183274,2915.3457859354494,4275.632172656313,5074.513993954094,5341.1551233572645,5429.688310854412,5483.84979026443,5391.150335120359
428.4339893129036,3383.1178471781514,1749.780988568171,2932.9365233219314,4200.3061163490265,4931.200967783027,5375.14421324863,5404.255245738178,5471.834428303199,5378.263252443939
429.42660772085577,3346.476622134066,1733.3298417431247,2927.9080291488767,4192.938355967977,5021.787054948551,5285.9825777486085,5302.55955172822,5363.687143278037,5309.8119778443
430.41911883274213,3426.267431243309,1789.5154736430025,2890.036313705685,4276.339241603342,5050.54889773809,5313.468418546267,5494.2905395763955,5392.448195547932,5445.447782746418
431.41152266595236,3384.3721958164583,1733.1302638300515,2927.2487231196565,4242.6448384308615,5070.8572073305095,5342.436231925888,5456.457959809444,5453.348276321711,5412.922390981177
432.40381923788664,3427.366905968933,1748.910319611717,2960.092881001585,4408.538749969109,4921.400484689369,5414.576617470872,5410.432280220607,5472.597338974579,5439.44264097246
433.396008565931,3427.364579328529,1775.6853886214087,2955.307372142204,4270.398311367684,5063.412736685109,5345.813405884875,5473.987879359307,5391.66443704646,5329.140303644298
434.3880906674677,3371.836297798493,1790.0776371423233,2966.713464129441,4356.9024127405555,5062.465177321798,5379.654372675087,5386.982175868067,5410.012414474577,5447.698259467047
435.3800655598825,3388.9637711273454,1795.505083412275,2938.0045477413155,4435.647418940185,5049.076939897163,5450.045302492132,5480.248114220065,5456.294160091014,5441.713492360289
436.37193326055063,3410.8689442114146,1790.4987219309312,2999.0334907892943,4318.566731980572,5123.564998619276,5345.561943285104,5449.298833315864,5401.579863901714,5344.524574384795
437.36369378684316,3500.675656200749,1763.9632123909764,3003.8731828357327,4336.016523863023,5166.116859105836,5365.2570910454,5534.002234952082,5299.226382560176,5484.741230209138
438.3553471561318,3487.9804997423657,1768.038077057656,2951.6093977136384,4393.433471198267,5250.790788281223,5399.2599822151005,5412.852232363977,5473.494579182039,5461.993444440683
439.34689338578386,3384.169469099334,1840.0896648049418,3032.5265496985035,4477.93640048938,5167.576394657574,5431.046164119092,5473.033378375908,5542.3122818996535,5600.044701502775
440.33833249316007,3400.4746654876794,1770.0525736376128,3102.3163434751755,4486.022922392361,5119.08443004567,5431.940697509495,5453.987615686476,5522.228076710465,5545.324848133969
441.32966449561724,3371.311482270445,1837.181249436336,3119.642817964098,4414.687819707177,5112.019743722682,5414.022140890298,5388.855274459664,5545.099570216521,5466.453112620788
442.3208894105155,3335.0197664584184,1836.9807747493674,3150.903242337753,4454.364543782919,5213.845205780664,5522.449607005643,5562.2020383498775,5409.469012658871,5406.330662815905
443.3120072552047,3394.766341209155,1859.8321120857518,3055.2897070882395,4420.485619151185,5296.252028033669,5487.858471831977,5447.246236461684,5486.817132463509,5519.098652886049
444.3030180470305,3365.642016694143,1784.3572223269714,3015.161684174692,4468.6242396230045,5103.612136187658,5332.455176832711,5346.886719936453,5416.982786440343,5398.42794530696
445.2939218033316,3359.6819913047348,1801.7942344470248,3045.1983202002134,4529.395183828811,5199.878522223268,5377.3594059159195,5412.648002673522,5297.441113258995,5454.163998858938
446.28471854145386,3385.688604631202,1826.43497475481,3084.0659145145505,4495.117392153696,5163.07075434974,5421.902682200707,5470.955507236979,5416.684296558551,5397.898108246787
447.27540827873594,3347.36796014454,1846.9313426349265,3130.938822528729,4520.039297130209,5241.122914282887,5406.566341594974,5463.7952000991545,5421.133687396038,5369.107452392237
448.2659910325019,3331.0487068926077,1814.8472265139035,3125.3381754638167,4675.998780396582,5161.559171840176,5442.453247750555,5471.691292826728,5501.97355379848,5516.592576336566
449.25646682009034,3411.0830235604426,1857.7185716457614,3217.3073902368483,4791.734410991051,5282.492264951893,5562.624430517523,5599.483925986685,5422.558347734708,5572.102586495308
450.24683565881793,3438.6686228463545,1875.063490181213,3246.111597760405,4695.024294718615,5228.501954382967,5599.9370902044975,5518.915828283088,5439.999014723272,5541.012536079836
451.2370975660087,3366.6744353669856,1936.387910537874,3201.117460331821,4607.303919174801,5240.192608549733,5416.227873144086,5480.14543945513,5462.332347204511,5362.788596392229
452.227252558976,3317.5764515417104,1828.4370215883291,3121.7472859993177,4640.208730044608,5144.966258341043,5496.8304274439515,5404.675526012237,5441.328043627123,5437.139184471136
453.2173006550438,3380.9328772326185,1909.0612367132458,3150.8878754258426,4746.629901533479,5323.303797465397,5521.0800433626255,5330.590290735296,5367.022757084785,5328.508435515325
454.20724187151427,3341.219967689236,1880.7985652230184,3230.1573592571926,4660.477680933417,5338.2709828598145,5405.7389225615225,5482.54857699116,5476.320767172541,5371.485968559116
455.1970762256933,3283.143068188098,1927.7359865446795,3155.040569618141,4669.54268980812,5211.912139398664,5428.859919234882,5342.080807300395,5235.6730867140595,5242.904679375267
456.18680373488314,3276.099188099133,1845.528959983647,3229.4163307639647,4788.623765758581,5100.8802114893715,5351.930244269609,5392.388720626755,5324.957926698179,5316.6587520608155
457.17642441638964,3196.808784381528,1877.0158743673335,3229.8294044913437,4667.258273646757,5214.162294215578,5306.000893896003,5430.8601136862435,5271.948379407755,5266.788907515596
458.1659382875005,3357.070941368781,1923.3434131780523,3200.0633158032256,4739.151224307682,5247.360117585664,5333.0945447036975,5301.073252647564,5307.270922077783,5353.753442804428
459.1553453655033,3367.7634400244738,1925.7681436497992,3161.616123947922,4791.112245497752,5286.280170545952,5352.578804862029,5387.799954342445,5315.285823059236,5163.006147364496
460.14464566769686,3268.9882666189405,1894.5390875133587,3331.274483194722,4783.581433020031,5215.432534612118,5389.833941024306,5288.0997872838625,5318.204791962157,5173.908390228263
461.13383921136113,3281.340684062624,1948.748326861388,3279.2730465805425,4722.484009073114,5294.1857728685245,5386.195640821131,5362.417809777199,5343.809072438469,5162.890792756378
462.12292601377334,3231.5038316218984,1930.012045309688,3241.8413358817256,4706.665689499201,5302.1059348652325,5325.882194662835,5349.658454460437,5283.4984271975445,5189.42713843312
463.1119060922065,3251.4708171493526,1895.7411936774515,3271.164137367981,4817.608019799231,5234.2772160038985,5328.597854945751,5184.525670188416,5206.291971482689,5096.423974473499
464.1007794639409,3214.2617493810512,1921.5917915356445,3258.3067637925824,4726.132476623381,5196.28739789996,5245.4539256151575,5154.290988809895,5103.075855773231,5046.7392094329
465.08954614624236,3119.801769409286,1908.0793515954533,3286.4775112689103,4840.754367873996,5225.233379771043,5223.188278643931,5220.120626953263,5170.0156493390205,5195.5794134279195
466.0782061563696,3079.3086228444113,1898.8730635253376,3262.479657911164,4870.314299052661,5149.141319098718,5174.581740635767,5143.035617929826,5143.035617929826,4993.445939291978
467.0667595115956,3143.2006798826174,1897.6669053157298,3274.8424609344024,4703.662099888775,5091.499039449033,5137.0673482746515,5039.854956113333,4997.324534542757,5007.450825392894
468.0552062291753,3099.4626770092095,1892.4942620257596,3265.5592478784915,4776.534719846931,5215.432325295457,5167.113322860758,5037.256003817501,5071.481963875413,4928.538248339425
469.04354632635665,3137.3982752335028,1961.8846817745584,3304.173634580645,4941.604435443491,5212.488049413394,5250.896920050917,5022.465215733015,5014.379137704062,4936.550636675396
470.03177982039045,3041.781268163015,1965.9555110754984,3297.1132724248737,4795.801123527089,5079.391215217138,5148.017998971313,5053.151562605247,4982.506344034772,4897.732081750202
471.0199067285284,3028.6937208538034,1880.4692972510977,3294.59832421443,4835.636366418062,5147.872832485464,5125.714115538744,5038.086462158539,4917.220733358254,4849.737368111428
472.0079270680108,3019.1261630133254,1928.9702766694968,3425.915813195328,4783.563653132781,5156.033580966922,5132.817298202193,4926.898964115026,4861.287730214703,4803.751725102112
472.9958408560742,3034.387257235365,1927.847370763535,3375.250092464804,4947.062691712723,5081.587193450157,5038.094309429784,4884.352021729859,4819.618426908838,4822.652814166073
473.9836481099592,2972.0930925730895,1993.2417973081565,3319.361913092391,4952.13461307788,5159.27741829992,5076.014133847924,4935.888118550662,4788.654261897741,4761.23830238306
474.9713488468951,3133.1321401757336,1967.8589349936433,3286.537767013132,4937.4261352963895,5090.831762133787,5054.258235205666,4952.665104849773,4902.884470975386,4817.546241476436
475.95894308411147,3059.9120869880376,1985.7746108943745,3394.1109020999575,5046.708712607525,5227.605318952509,5120.293772815654,4987.431858550976,4976.189696574735,4861.72404736209
476.94643083882335,3022.734238165839,2034.5719635524629,3443.7506364499245,5072.634468646121,5168.691608060451,5129.859998509976,4937.745719681317,4941.833257528735,4869.27946073706
477.93381212826347,3041.3702237299167,1970.7098292156566,3436.7381365896676,4927.285384296066,5145.912602259856,5067.247668693445,4941.588099489959,4938.52323194841,4810.820417717225
478.9210869696472,3125.1264202483485,2000.1217069539855,3417.8520346776163,5006.933941579355,5122.188277574153,5141.567325219296,4977.35539517361,4865.160908806992,4891.679605584556
479.90825538017447,3143.820874938578,1998.7544099202992,3550.728422329002,5160.978138760956,5208.007654288493,5108.836719371731,5015.800069088997,4991.26293055289,4892.091995636129
480.89531737707154,3151.2440747338733,1976.8102629047391,3557.0319105007716,5110.678032328695,5232.312169498118,5183.249660387763,5054.46057397308,4875.586842841575,4950.202742113574
481.88227297753474,3165.0222856232217,2026.311223664867,3563.724898676147,5114.462825537525,5156.485465987833,5258.979710988585,4961.746400486404,4919.723760036096,5036.567199336953
482.8691221987683,3281.5151306155594,2002.802661878041,3624.5592788551826,5203.178607730336,5205.232764306621,5144.635145306209,5156.960084763919,5113.822796661931,5075.8209000006555
483.85586505796533,3254.8365154808944,2024.870187019969,3489.6482690961616,5215.667133333063,5214.6506322351615,5230.914649801587,5067.257973039431,5017.449419242253,5070.307476333135
484.8425015723333,3268.9401521708087,2064.806449640647,3617.452003993716,5287.278354901734,5207.474191730692,5110.4969807886655,5181.209530433893,5127.670028559649,5045.845506827314
485.8290317590509,3267.5168247533807,2101.9232725516936,3528.228350354628,5288.284758596515,5307.559151539797,5261.909273516232,5126.988522913252,5031.630999930695,5022.501024325981
486.8154556353038,3279.188131674414,2067.1388898931573,3519.177914988839,5210.198362964851,5334.226696358441,5140.62149301235,5197.089677321626,5260.616384669563,5161.797062128328
487.8017732182889,3206.86120131782,2107.7960947628862,3543.1048640538042,5241.386288977044,5317.668433358939,5311.646158802474,5138.003909091055,5197.222942229631,5089.825712639332
488.7879845251773,3202.86335181158,2069.836605302048,3642.590428387659,5331.061903203817,5341.124307702125,5168.0509503312205,5196.225682926483,5101.639080642384,5128.807572787817
489.774089573144,3224.7124341222734,2096.164297259017,3678.1559904583623,5378.569326718694,5276.342096383996,5262.171985248493,5198.406485138731,5205.491540706482,5150.835397755257
490.7600883793566,3160.9004119431065,2100.5665694629865,3577.998558511116,5364.987726216948,5337.851220295656,5278.552929578758,5163.976571244413,5151.915901946061,5135.835009548258
491.7459809609973,3123.8637307826834,2100.7554348619406,3715.7111754120574,5365.006187493571,5344.806616004514,5266.028287197191,5125.641265348244,5096.351886689112,4924.655529032126
492.7317673352227,3041.126361004463,2078.91074943831,3720.6343427295637,5385.580348472047,5284.613337814529,5189.704347796461,5102.872718630995,5022.09911010498,4887.81298593048
493.71744751919687,3078.0673708499658,2107.697019553083,3741.845212821556,5428.6099423438745,5395.218678952011,5153.384983477606,5146.301988212665,4865.0058905478745,4819.47234955897
494.7030215300692,2970.914558559538,2082.754778455841,3761.6178922038926,5376.17984540145,5276.713987674905,5162.177545444338,4907.987020143167,4738.191768064518,4754.267058202142
495.68848938500383,2860.7245240133116,2150.807607433773,3718.0394444589415,5339.417486985939,5156.924720294589,4990.475273751928,4844.079977395131,4820.014997172096,4656.573673157315
496.67385110114634,2680.92686785031,2021.3890150173766,3680.678816714711,5209.652692739173,5159.913789810596,4851.5325916534175,4621.7388601233915,4587.916406131959,4518.281942031951
497.6591066956389,2653.955788080917,2099.6800573118617,3579.4071877491783,5325.823538736058,5082.021825920227,4906.882636305588,4555.609148044409,4525.755877087368,4373.50419520646
498.6442561856347,2581.575454459458,2073.2189776853606,3609.2315024196196,5228.809475390717,5022.880335092795,4787.106391853145,4610.0272277322265,4495.622149788936,4198.1689471363825
499.6292995882687,2497.183585098399,2103.258858215864,3688.9305436417644,5242.689339801232,4877.685668816402,4588.475109839351,4398.992329819904,4292.283606335267,4094.822603999212
500.61423692067183,2509.882753559324,2141.28452604581,3593.581629545923,5263.823734055389,4897.234216228597,4599.945182593719,4263.486310067759,4182.133567755513,4088.7285673229326
501.59906819997565,2385.3919100242874,2056.2339182329683,3659.875597752872,5364.873854013395,4848.055665682513,4404.495201134455,4259.986814494363,4009.1041987997596,3841.514611515765
502.58379344331485,2317.7853613495586,2080.0125527283535,3614.5463092080613,5258.975061268998,4744.466672865971,4283.906736839183,4025.153974516108,3870.3019352880124,3783.3849842374043
503.5684126678098,2219.407593779444,2062.731787923611,3555.64265136518,5250.136398774126,4614.451759728485,4191.327290410821,3937.851782847881,3784.1697821994844,3744.252379433667
504.55292589057717,2168.160881656806,2080.356851474662,3673.8004446665254,5194.406603730019,4555.8318387689715,4210.602356461905,3802.5131707289866,3744.6423326543913,3564.045406938845
505.537333128741,2066.1791474594297,2067.1729806231906,3559.910392592437,5248.43293782263,4479.206069071501,4080.6789704032794,3846.134343755648,3532.083064007125,3421.7675828296374
506.5216343994107,2024.247634771883,2078.903314650358,3595.349996369501,5180.364712845276,4392.329182961082,3982.908453689596,3586.4063396621136,3461.1951457586983,3315.115419538047
507.5058297196993,1927.6646995989597,2007.402639603053,3610.135233685332,5126.152818013159,4337.743936222685,3856.3261234479705,3597.1778184346667,3325.0720981706977,3284.2064039186
508.48991910670514,1936.2610361545117,2012.8363313696618,3571.19331321564,5179.274512733794,4314.073125237941,3818.819917223074,3451.855190802419,3256.9362575274913,3115.7194793385133
509.473902577538,1848.1534435158092,2055.487887796434,3649.6814378393246,5020.668050259533,4232.995568159934,3674.482208686289,3270.725659297704,3113.9847875448872,2998.909210814971
510.4577801492924,1821.3324832904118,2058.8975898065523,3547.638923974367,5000.745492164761,4106.906778897782,3627.8171474235646,3250.6825408291916,3021.036271196922,2881.4667711186894
511.4415518390633,1743.5573523553044,2033.3261012152614,3619.6369311516814,4962.66068866643,4003.358004727324,3464.3683524110215,3122.1840960781033,2977.794207567681,2835.3822627354834
512.425217663942,1696.3988641563383,2021.870739256101,3582.163182916175,4988.596194710906,3927.360626203802,3446.0567624199107,3059.4356259377682,2835.5504270055076,2754.6755974352636
513.4087776410233,1627.0745157991407,1966.2531912980553,3612.0071124145275,5064.085094188141,3974.7808262090184,3450.774350728087,3021.1480284294616,2876.6284188690547,2616.0998710220624
514.3922317873803,1595.6333111421557,1964.9112474838332,3581.1144171490005,4898.564879694242,3810.3214121196966,3277.4641246664537,2922.8789444126414,2729.9140811253455,2553.601008070964
515.3755801200931,1594.802603417686,2016.9562337341324,3612.736044629403,4877.242520623573,3797.428257892848,3176.9015096267754,2847.5825896808437,2687.320563357008,2501.651142615978
516.3588226562462,1554.538561881495,2024.6060567540676,3565.491205921421,4917.179064621391,3635.7087570227186,3146.13638684423,2771.6427809706456,2544.4109836567254,2397.149175097061
517.3419594129082,1516.7550892659813,2011.2855267308382,3575.835470899735,4962.861668286375,3734.8265188420855,2997.420186054251,2678.46268496745,2566.2910867259143,2294.153035339928
518.3249904071527,1442.7360107248905,1967.5446474862097,3586.8426716939975,4754.493114451059,3664.8811306919633,2942.049904223306,2609.4109727444775,2399.6826141874444,2314.815790027157
519.3079156560307,1439.0013322774987,1962.451445032938,3475.397402904142,4941.6414919793215,3499.721292902071,2986.000736145804,2576.386428580674,2355.525507399476,2184.285321814053
520.2907351766227,1421.656684477923,1903.6235140724166,3478.5010417614662,4814.819535083825,3477.531289589244,2912.165773183631,2523.29515212248,2348.739761122462,2164.486848400221
521.2734489859758,1382.0346861604103,1964.5613289833273,3629.0627932910916,4791.18389784889,3388.6239440722366,2902.8592771544686,2486.489562653525,2323.2648154195867,2116.0573518651263
522.2560571011418,1315.2762105334136,1956.7308277510515,3464.2472599582525,4793.2549148969365,3345.568347598414,2797.291388845112,2429.4848422753657,2237.244620601578,2082.2754623135247
523.2385595391825,1299.1552044788577,2031.9614759968792,3637.437581607598,4832.187591488459,3409.9130537572446,2763.782792848882,2415.1088410782104,2192.509086557951,2024.0818386687286
524.2209563171382,1279.181778587074,2023.1451950584424,3545.6979848848205,4785.307241319162,3390.375835435346,2727.5360893770785,2357.533007249031,2268.494832405383,1970.7116032060721
525.2032474520529,1301.0513488332756,2058.261249031437,3519.0908336863426,4793.34707464891,3321.600964565197,2724.1693001886665,2344.0757329856574,2160.4796235011754,1985.8152166402629
526.1854329609632,1264.6774418179216,1963.0078983980668,3578.3279954240725,4662.75935324458,3293.677075887173,2627.8500115032825,2283.117063967245,2076.2772954456223,1943.3088728245789
527.1675128609095,1259.5493031933947,2034.8827653147762,3447.342334109859,4765.703277919288,3252.2837260666797,2629.8605295469865,2295.61437204586,2029.9817952634398,1838.8439632613295
528.1494871689247,1200.8240259953582,1938.3611316841875,3439.880896652282,4691.637099932925,3204.809309181739,2527.019565308339,2231.2211510745724,1956.970965692272,1862.942330704055
529.1313559020346,1173.4059755155129,1898.9620037092716,3489.904938845721,4690.690387123263,3161.3512657013775,2510.110949290268,2125.8204923089374,1950.78743429454,1793.3554659128754
530.1131190772649,1182.1048961255606,1957.4324026225077,3536.5128235663533,4598.054782524879,3146.3986041152975,2542.6037317990913,2121.123544954986,1921.165502824294,1802.5629386193248
531.0947767116413,1156.0740575845218,1897.5764130880525,3432.771860936664,4584.906994985975,3146.2151737500403,2477.582903647919,2140.8049413873514,1935.980917556363,1761.683551123262
532.0763288221751,1134.9412613812708,1960.2634471120475,3478.777385015746,4521.030133304193,2961.1021789122124,2479.9107492388325,2054.924056228122,1887.2958942517398,1767.9840848450206
533.0577754258811,1153.8403841292584,1922.738296222237,3413.156585388345,4531.463818252716,3060.786168678212,2506.0741961541376,2055.9876134655647,1887.2051449573498,1726.3189322857766
534.0391165397741,1125.2212821338735,1906.7350071370656,3409.341243930275,4583.097598973092,2992.335821590169,2396.0477829945776,2013.710269875145,1838.3897003877369,1751.2246714900425
535.0203521808617,1123.1940864992744,1935.380286613388,3414.1534534065245,4602.718624305227,3005.0889404222207,2428.6348325363497,2078.0081071212326,1871.9901441654572,1660.0293553551885
536.0014823661368,1118.436818433908,1968.727911236157,3551.6848342959124,4589.378887762667,2963.5585215722,2328.581468682361,2065.419864344971,1781.324950571652,1673.667930615447
536.9825071126106,1119.0721613733422,1952.359765406718,3494.593622209765,4522.415275800872,3009.261251148208,2413.6260684817516,1995.478137215906,1768.8559970094764,1640.5036344146845
537.9634264372761,1134.8985267230448,1972.2505840838035,3489.13444309627,4511.447819249801,2956.3654270083925,2328.1000778481593,2017.4856892233404,1794.3258372016255,1608.3592938501965
538.9442403571229,1106.8884986021421,1926.2079706759248,3502.2880388769695,4552.671746301609,2987.6908335104313,2370.174187070585,2022.0643128520446,1720.3690885293095,1618.4586615841715
539.9249488891363,1063.5357646341308,1983.6507518911992,3451.188706319872,4528.8645475968115,2877.5055968116226,2329.0726241655325,1926.080439845477,1751.3494927593379,1590.7586223160076
540.9055520503098,1099.0268349110897,1931.8673538437135,3430.173662722502,4412.239843643053,2872.5939932676097,2250.484307817938,1923.801101844366,1729.2027723601088,1562.8363248735677
541.8860498576178,1071.7282096937247,1937.587723740067,3447.2914918208694,4441.314360510435,2891.2441815183815,2249.418248029484,1931.5327621033794,1686.3068158175272,1528.8778132636467
542.8664423280388,1043.1570373658549,1953.273756922731,3477.1901245528493,4331.873378355985,2916.808179842303,2223.3859173227784,1837.367419437636,1673.082784567458,1569.2710214286337
543.8467294785514,1014.29710395682,1940.2198067768081,3370.2782979000867,4437.800893450681,2786.8063994853223,2200.321737395438,1813.6837324217988,1686.1434035084167,1493.3265283007834
544.8269113261193,1009.3497164504303,1897.4170935855655,3455.043170411751,4327.073213422549,2728.3514679027517,2185.086774440852,1818.2327563466538,1575.6680777160639,1497.4860738599234
545.8069878877177,1011.7334506426862,1942.6479570032643,3379.4291886851856,4245.488986671233,2690.9715151709315,2161.158435988223,1761.0547735545772,1612.387826665267,1514.6068817313587
546.7869591802955,995.37797972777,1885.3512982655864,3346.1008009829634,4221.158365578805,2616.223241422341,2092.1830862609672,1828.6714332860831,1608.9126585409908,1440.861830794744
547.7668252208277,989.7455110803276,1922.7349918471957,3367.5244652652596,4191.980484555513,2675.4991833730787,2135.8190354801836,1774.3727371681528,1622.0276031688668,1496.5669045812197
548.7465860262637,1010.9570786929347,1864.6983912111807,3308.4963451318977,4208.009336409863,2586.099849924151,2085.596493051566,1749.2741578171056,1586.0881726737578,1434.8426254677283
549.7262416135491,976.7764574518869,1907.5163195730497,3390.6953256629026,4186.327788443897,2646.1034359659725,2095.665883098618,1752.3930092195226,1559.2394679406145,1406.1177486884233
550.7057919996441,955.8084296711436,1838.2477580110638,3300.604503722435,4172.99327023616,2645.3078726545214,2088.506747483319,1759.8533757667428,1537.7359594078334,1436.2252849632641
551.6852372014837,966.9625895201598,1863.5640758527818,3289.8841533258656,4082.9543021111112,2584.2628042165597,2067.611275096641,1720.831552243777,1518.7946702338475,1343.8970708819684
552.6645772360172,954.7438797017948,1829.588642352274,3330.4783854428074,4077.8891133025813,2618.466000580452,2001.523451196877,1709.234276161052,1491.7873120340544,1381.546758127809
553.6438121201718,974.2452314443431,1950.522256906297,3299.633484599819,4099.144430529639,2591.553269462481,2079.541177024578,1730.072605995533,1539.0839683401248,1398.8901811249848
554.6229418708899,935.9361065066611,1917.4535169016335,3187.652518589245,4056.736046059716,2579.901800078426,1995.4481924438553,1684.482408139153,1495.0667675366144,1386.6845560688516
555.6019665051026,949.0711269113074,1867.8849384056762,3239.5499039735596,4026.240104813963,2554.7259983701824,1988.9142000734305,1668.1866566538815,1530.0115829165286,1354.5191534982846
556.5808860397301,926.8845569100038,1825.5288879293873,3281.9176802885227,3898.1597524017025,2576.920612519107,2006.0646177301387,1636.924522159887,1461.4316898396035,1332.3335143396246
557.5597004916963,901.9736622270071,1843.9018609867721,3187.373151900753,3879.5854973307814,2451.2108162846907,1946.7847925586234,1607.1712320301822,1447.353085899151,1313.5053885144125
558.538409877925,910.976329992273,1852.0509968785639,3128.22048118492,3909.7739625329164,2487.12590534234,1921.277171734805,1578.1561311430016,1409.6054445365019,1338.3727138873262
559.5170142153329,916.3182135887977,1863.783208560548,3155.8722685114185,3796.893124070248,2452.5578501866835,1921.0530969098477,1604.561608663717,1416.6761854826807,1352.3731529501335
560.495513520822,888.1653376552381,1826.623163286424,3109.0816066730927,3812.170588576843,2449.2441644286578,1900.0501957313077,1612.3771645088864,1416.2364614026899,1320.6807342483892
561.4739078113089,880.4653602904908,1810.1804953004269,3105.7510996548135,3855.5537923222864,2335.846458122261,1839.3283211547925,1585.0386680115344,1400.1007384528011,1273.458460602799
562.4521971036993,885.6951176581983,1821.7710724983192,3071.215834609998,3741.2809691295683,2429.363968912305,1871.1442929366033,1566.844036357791,1398.5720401701699,1260.528546291702
563.4303814148917,857.8457509477659,1793.8596894818936,3118.7102534456158,3724.0126291143665,2316.9852525598535,1895.0774708437211,1569.37668923388,1387.9864077834764,1261.7147201439686
564.4084607617806,881.2743429281829,1798.7654396753323,3077.4180536727304,3693.1028685951596,2362.1371657481436,1831.9641306760516,1537.1999954272414,1393.3390010907915,1259.538216148499
565.3864351612682,900.4235422436838,1858.514659664772,3140.353567555499,3595.623897903429,2311.7615663222664,1839.292134605637,1538.8137165760033,1327.3659409255201,1276.7803486646392
566.3643046302386,870.3077109612444,1829.257873964838,3118.602630944459,3653.4792449727242,2274.4847353593636,1837.3162786959606,1549.2283095583264,1345.75359009748,1229.914022087592
567.3420691855754,903.4218920739004,1806.8437841478008,3078.700302598208,3690.402723376737,2300.445242498792,1835.1072623355876,1506.0396234349266,1344.5340337904304,1240.564810456786
568.3197288441697,860.564453039237,1855.3083577246857,3023.577568298468,3607.7121735853593,2296.1836988479527,1827.060052114957,1536.5060515577468,1336.7501761746648,1239.8988426555948
569.2972836228982,867.9349247964639,1805.4256101166861,3001.9863020254,3534.239078207204,2229.8165547616472,1794.3370106128987,1496.9609330113228,1356.8413574634615,1223.7781634180108
570.2747335386339,880.9160239864514,1779.0255869026037,3049.324698414639,3534.7893270179648,2224.0348297889855,1720.3652776130352,1534.2705033150937,1298.617881513896,1218.718494722932
571.2520786082496,905.8562293245291,1786.1232996285912,3019.520764415097,3581.4586965045505,2319.401373615122,1819.9009895356076,1478.0298250221695,1313.2356409303625,1249.7745265596045
572.2293188486146,882.9122529979172,1818.2442090259785,3030.064402605192,3547.066571706417,2342.4412393274197,1781.2420657105827,1506.8095027880636,1363.940116098063,1246.7666622659763
573.2064542765984,890.1289426874526,1800.8865978357965,3038.609345489265,3538.8556226658748,2294.944261274139,1818.4210034275538,1516.2103658754986,1355.3064086805477,1218.1254708156218
574.1834849090519,917.9160029221779,1797.7142818172845,2944.3366289018904,3568.64313593987,2310.758243046515,1782.2611504549582,1499.9839509031324,1360.9057686421963,1192.9817411715846
575.1604107628447,865.067047770901,1769.96599030339,3007.8187198173596,3492.9507714008046,2229.5647760140223,1830.2244977632286,1524.8466379243864,1333.8578091957459,1186.7861977683435
576.1372318548238,873.6749918409109,1825.7567137188269,2872.5374731739043,3441.7499678581344,2217.790363903851,1695.418253397572,1493.800947588131,1290.1471033361704,1161.8451814574353
577.1139482018408,842.6312651913823,1730.7282461305012,2857.2676474355267,3533.191288218542,2105.567813739617,1733.759293847017,1477.1305871820157,1288.1952795191996,1178.0672124857936
578.0905598207427,839.781102771738,1724.9830584578128,2970.5237805976262,3512.5459587087116,2127.7146209649322,1787.562900250899,1441.3550658149543,1301.0550979240027,1156.7177208851103
579.0670667283739,835.3114205508532,1780.5853348698743,2957.8901993419104,3423.9697600840527,2182.0997616563955,1726.1085030948186,1494.0775529418038,1319.5499252180146,1173.2695435998096
580.0434689415706,855.2401620681572,1731.5849579828848,2804.9063364656017,3328.5022523733687,2152.672652350168,1720.5301497775386,1464.259595926328,1271.3029436148283,1149.7000533560188
581.0197664771767,858.3187619012402,1682.5852041937965,2894.447166738138,3303.0750020423457,2073.1853408816423,1705.620596870259,1482.277441789773,1258.934286709287,1177.8096429356576
581.9959593520107,845.6327085460648,1735.3505345992705,2953.7028729784347,3253.281285129233,2162.1746268274974,1695.2731550473243,1447.7953363140564,1293.4974250390635,1152.2246621184531
582.9720475829163,862.320816050895,1729.6261454893674,2794.318205075906,3374.5155633899185,2067.576153167117,1699.7190651639028,1414.604899394474,1259.0880817020582,1155.4102032404478
583.9480311867155,861.3778224655339,1728.7098695103225,2849.096461173442,3254.9761033259806,2095.8870518977046,1660.236286848892,1399.242776124888,1263.2879815652357,1151.150085322603
584.9239101802195,871.9151028677394,1709.9500760240467,2926.645322425772,3334.203353366235,2052.737270751478,1690.0205879584983,1404.0324342178797,1275.487236195093,1152.920884591971
585.8996845802576,859.3105278939217,1770.5190203064078,2917.2644286108402,3281.548218019994,2106.857751897873,1683.689733515733,1434.1802887149427,1305.4334151977348,1152.7336349796512
586.8753544036407,886.6921041497686,1726.2943451413012,2812.366933727006,3386.4624994646533,2087.9845706758397,1721.2847852308503,1479.823997547128,1264.4129213977492,1142.179659582753
587.8509196671766,903.215262503061,1788.3662197560607,2922.4031604543484,3361.9679215391716,2128.577301965547,1684.9982508251549,1463.2087252549588,1309.6621306294385,1223.3548944347015
588.8263803876763,873.7444939680829,1766.5488563464914,2852.9613557350494,3308.391895644934,2171.8218478081512,1714.3850059603374,1459.5846598433532,1333.1876377538258,1228.8599369815174
589.8017365819433,903.5331642018488,1753.9762422587996,2830.803461235504,3352.689025037237,2111.5830489329237,1756.9813414745486,1481.5139133642288,1319.238555713786,1135.9275035531002
590.7769882667744,850.108058292657,1729.0501910771115,2873.4646648722555,3281.1188214804306,2110.8531084857436,1710.1589008928304,1503.348987296488,1341.28160308397,1220.9739129630207
591.7521354589662,907.4835229229491,1738.02822542417,2829.9676383325445,3261.0223117209453,2084.2529173219473,1730.1370643552748,1448.028056142271,1304.0143666349334,1182.6877652006697
592.7271781753187,930.8979223140142,1707.6281507426907,2802.5133652786885,3183.513780740542,2150.4920357254127,1724.3214679149883,1461.156232492883,1286.3673821005893,1232.3595912490377
593.7021164326106,887.8253231997671,1693.426470932301,2803.452839739948,3211.6371393808554,2095.7376151826916,1694.405330164054,1461.4368330068935,1293.073045145416,1239.2357873990134
594.6769502476383,931.5623048750673,1762.5750276366352,2830.1750024299663,3242.2311330519537,2107.5981035162895,1751.731445251846,1487.5423471497106,1367.277160700231,1247.0119742507513
595.6516796371689,945.3242362263002,1749.3931268095898,2847.8263041174746,3260.7265452278125,2150.4397724813534,1684.1983518974312,1491.577426020599,1355.2610784769945,1236.7251240912515
596.6263046179993,974.4566505198079,1757.5906829823189,2953.109218614962,3274.293302814777,2205.6623066190973,1751.642829571211,1492.911206188027,1347.188797615889,1275.814556682597
597.6008252068897,1001.9121749177194,1783.283920894387,2822.119154051106,3331.0586054535333,2236.339824691842,1817.2132176545488,1598.668629699389,1369.1469163218237,1282.3278334355273
598.5752414206145,957.3231073922473,1860.4012538199809,2973.427489906665,3331.0424177467908,2267.238461053832,1865.4239353907692,1571.0947953425757,1411.3735213915081,1325.9879346881073
599.5495532759487,991.607378181015,1771.0148001792772,2886.321678883887,3321.7841482067874,2225.585322428586,1800.1797230669542,1544.7352260507496,1390.8651156433507,1306.3874079687002
600.5237607896487,962.0471499562404,1838.3773106606145,2905.3017180544325,3377.2493765235317,2205.447711692136,1847.4532271696357,1549.9648527072761,1386.5983555448956,1323.0669399817477
601.4978639784787,960.2143113292898,1789.4445088361163,2998.5286364280864,3320.951070452612,2209.601243174326,1811.6110511753022,1573.8245060822148,1394.4770271560726,1332.0076805638207
602.4718628591909,968.7605684797297,1831.7832370734181,2989.8649977300597,3409.7955144203374,2245.6715880559223,1815.6707951860215,1562.906863077485,1439.0424660681224,1287.9883233737778
603.4457574485458,975.00890730497,1790.0318329159356,2951.187951625879,3335.5567881485813,2215.654916290551,1762.8644020622366,1528.419535806243,1421.7622146769068,1306.0490832630041
604.4195477632858,973.4052083998183,1803.3084118499728,2983.436788219237,3338.6795137589643,2181.6318794445415,1823.3786223324432,1514.2973809023977,1386.8515443387103,1281.4829393057403
605.3932338201594,977.6216953308787,1841.472791720059,3053.683421151962,3400.029315275363,2254.268770181089,1769.9886100841243,1559.563343014965,1385.3835764936036,1248.456129979701
606.3668156359126,952.91704116759,1862.3357460610755,2922.481244090411,3431.3106195758655,2248.762826449631,1789.5013225323426,1493.1056823390263,1355.5295490069752,1321.1355156739623
607.3402932272803,951.2851318171652,1802.381723155714,3001.60819252097,3495.4668566983923,2266.8922290111173,1784.1656248868749,1474.491954316606,1357.0993210285303,1222.5025949309952
608.3136666110004,953.4980077848595,1861.687240120597,2988.3654562887677,3486.7619862291117,2199.9927634740425,1768.049104192411,1508.278791617444,1332.0779982041913,1230.3849688628284
609.2869358038007,900.7027232073456,1851.5001473717182,3021.712361727869,3469.5589882836903,2163.089187324426,1802.4073404338317,1504.8448167490913,1322.500105265513,1181.2330485666969
610.2601008224119,887.1509771343177,1871.8786049523203,2961.152644217128,3353.4506071699016,2191.4919199468386,1723.5222687087587,1460.6627199282202,1336.2027063010712,1215.725413109991
611.2331616835618,872.1880500566131,1892.3897897014213,2959.2804112968684,3377.4935879185473,2168.5495595371144,1723.5151103054939,1457.2891451401497,1240.7322033265486,1210.9307893155026
612.206118403963,872.1041547826993,1892.039389272591,3022.1038173698544,3385.232509804972,2129.1644097425174,1659.8751432894835,1622.1732571896625,1231.2642276283616,1165.782004402357
613.1789710003433,885.1064923595261,1844.968600627796,3007.169242622399,3380.947322166118,2151.9649966263705,1738.317255264655,1995.4765739907334,1239.9464825396965,1078.47435217681
614.1517194894112,876.5501198492486,1833.6911133736269,2961.963344825441,3378.8470000091356,2138.1455250352274,1745.1406472367562,1860.5547379320033,1277.514590109461,1141.2065692021433
615.1243638878767,870.9673122170358,1901.9286197896695,3041.885836698304,3419.871650725904,2146.9194251779286,1686.936688530585,1415.946858897041,1226.953951883241,1116.9580800762676
616.0969042124416,801.660616340726,1872.5356187660243,2980.302962988097,3454.91795475201,2095.883850184336,1667.135013086684,1337.0981175533752,1184.5432987721176,1081.8429959324474
617.0693404798221,838.9592263256153,1879.706039077889,3021.843658803164,3425.4188316564814,2147.0994417811953,1563.6052879267688,1409.531022428581,1160.0301150734515,1025.8363999621267
618.0416727067059,827.929689015228,1870.8411209510768,3026.7429573056706,3495.7031313976295,2086.822778955049,1624.8620104465526,1269.8921558566904,1158.9015816046488,1071.9089693530489
619.0139009097948,821.7603873481827,1901.445567805649,3043.1126752893774,3413.004820446102,2047.4030088674917,1591.5359326743392,1334.6108480654793,1181.6554475006715,1055.6921764473004
619.9860251057762,797.0242366607476,1907.0941523091956,3009.213701507162,3405.7382282249155,2075.0456435756123,1563.2408033258803,1306.8414852978592,1154.790726932405,950.0687908325121
620.9580453113485,806.4430865902061,1892.6522316147923,2979.8569853882555,3457.749184849118,2131.598331345224,1597.95204194726,1314.2035485173728,1099.1520587599846,1009.5472713610728
621.9299615431883,819.3196512159917,1908.1000129653983,2985.9428550990574,3404.5515603926647,2130.8276851406195,1574.0085047025666,1262.786355636298,1107.6724410856975,986.3654053474075
622.9017738179755,751.4399057078693,1804.2436530233508,2959.471712519197,3404.623530841552,2040.6074503626544,1531.4404369275712,1291.137242965946,1088.258316916377,995.6824962918164
623.873482152394,753.8062263666,1870.7023628155412,2933.332344225002,3401.9945922932416,1992.0612186311064,1521.4256558341585,1231.3483907140271,1091.2430449757323,948.177727144375
624.8450865631203,773.5719766107111,1859.148015490787,2925.904761726044,3333.986265392642,2026.5406711210178,1515.448302451201,1241.0828254714736,1041.0040299844525,936.0121868080947
625.8165870668198,757.9049065340816,1894.762266335204,2979.0424533008472,3429.420499853822,2021.741098843532,1551.5226097111304,1200.3467760552865,1028.7269477432496,929.5247348461185
626.7879836801621,745.9228947001179,1869.7668304650563,2939.055235367619,3325.90354511901,2024.5061543656125,1495.813464372045,1187.3267353138845,1070.280323645515,886.7753561993422
627.7592764198125,784.2042332897008,1872.5485114293997,2956.917102708314,3401.2001094009584,1974.922448094595,1493.8643379396963,1251.3474394318546,1036.660348949503,894.5295436764648
628.7304653024257,762.6256404373402,1908.055546283254,3011.724986811869,3370.666129181986,1957.7703859467051,1460.621989312194,1199.121932682441,1060.9146784180468,861.0610229709735
629.7015503446638,719.6474641042231,1893.547540218985,2960.0968896441664,3326.878539166899,1983.0064791269683,1511.8560675449219,1152.0323354928103,993.988210088706,901.5473065504564
630.6725315631811,742.5553486020563,1861.3519767765447,2959.301462811136,3330.579137112164,1932.827892684764,1475.1834866613042,1148.5782598029132,1018.5318016921252,899.4052751784263
631.6434089746252,719.3482809070649,1860.621995807697,2947.549343332108,3332.914493818036,1951.5286466915568,1465.3756876170019,1187.7151561130386,998.9850439519818,891.2804249700173
632.6141825956403,739.0508311327333,1882.562236959945,2917.823853939486,3285.873136021566,1905.1962837190033,1480.069840244515,1146.4636727957845,985.0730785138029,851.236975938501
633.5848524428658,700.893427698626,1910.1813839392132,2980.277828481904,3239.9045488829447,1955.5913806633496,1474.837719692602,1171.7753502510832,995.0712325636832,857.8540685494452
634.5554185329493,711.0668841255807,1830.702585649285,2886.4994094545327,3169.3547445763106,1821.8633564267295,1433.9194072145688,1110.796472301149,956.6010291965684,870.1730101315808
635.5258808825238,716.1954571459999,1885.1921743884375,2944.6879333069,3270.231322918718,1913.800532869476,1429.4314289318922,1101.9150490800025,932.2378884338427,820.7639398697959
636.4962395082147,698.5813302574293,1843.9760754515903,2954.541267142888,3107.7913025554863,1916.6205727575623,1409.1042217158401,1088.672329489498,912.534301775018,840.8849345691277
637.4664944266588,726.0448140766683,1862.5496262076842,2932.1424678529547,3125.88757642362,1883.5220348673954,1442.1027668868076,1100.552111571511,916.7938642673748,875.8477330746053
638.436645654474,721.4800984882885,1824.1007179710796,2902.8378583315,3123.760040213431,1817.1347032270548,1387.232079024378,1137.4506932029155,954.344019931405,798.1062606725618
639.4066932082898,721.2694864441746,1825.6821258815794,2944.099998065473,3134.1710139106785,1869.6985716562585,1369.5116878530862,1105.413013205011,937.3502202471452,817.3053681343838
640.3766371047095,717.1323409785492,1837.5274664962826,2979.7742699939718,3055.261884833819,1836.5342084062845,1402.4804230771626,1075.698511467824,930.6828303281172,799.5727624483824
641.3464773603628,693.6046749695017,1800.3995634565495,2888.368039337282,3107.3489438633674,1850.9336183471844,1354.5108438332982,1079.0507014882676,945.2840856012923,819.444380285397
642.3162139918533,695.6634937645223,1835.8340336880372,2846.4397395293345,3125.502459091034,1808.9244143017304,1351.460884734516,1109.2743102577554,940.8400259508725,775.3956993535792
643.2858470157844,686.6528598771006,1877.5194256201598,2891.96131495684,3073.3980560338546,1877.5194256201598,1394.3563913708715,1086.615620593835,908.1861183192017,801.9303473017234
644.2553764487639,718.0769702242085,1823.273647859792,2852.2498649687836,3082.9170481413644,1823.273647859792,1375.9798926642654,1078.1183561327152,941.7238478219717,816.361248271656
645.2248023073918,701.2516005685102,1866.669738460542,2847.0214767731527,3006.0785445197903,1745.626309546434,1349.4841785548076,1104.3962439766551,900.3230249809689,822.2950294826181
646.1941246082642,683.5483827757084,1809.0979925368824,2849.4546220400866,3008.8156086402887,1718.8936604990324,1366.094495195441,1062.4065773346788,919.0819164300948,805.8253662047941
647.1633433679707,722.5048271209215,1778.4734206053454,2847.3438860026426,3047.8191264949864,1772.5187104917113,1323.9305485979523,1069.862917082903,914.0480024428142,758.2330878027253
648.1324586031043,688.5372805383174,1870.4437203688392,2819.535396276333,2995.880196183988,1689.1454148458001,1271.0695409074262,1065.994408430546,879.7425972921235,765.8119681383012
649.1014703302499,727.4412900389135,1776.2184344852603,2702.7696711201907,2960.0354932071236,1694.4059316760058,1304.071580923418,1033.991752372385,852.6242762651221,762.9262310164214
650.0703785659898,683.1054502954493,1835.1642793858875,2784.968374281447,3012.009227862953,1727.0967988601924,1325.5616647968297,1042.999903789278,845.7023934717246,720.7803517631228
651.0391833268986,684.192537451364,1826.8237794468403,2725.878517516071,2945.6914600836585,1705.0355274837175,1309.9663198960268,1022.8232868122417,851.5276153519146,766.3748538167232
652.0078846295582,670.6377054738489,1879.5765959051937,2728.3213477882696,2925.3336114141184,1754.2051554160173,1326.350239460891,1013.9166496704037,867.6499690996977,766.1588029894119
652.976482490536,681.041348963707,1832.656457998547,2724.165395854828,2836.348591821153,1678.776852911995,1261.8127617097255,1013.619850279803,871.6535049418875,739.6148760611687
653.9449769263956,687.8778173637467,1848.5477368636707,2817.9202230045125,2880.3644629092905,1715.729829764619,1322.2320005233978,1009.01962258832,872.2370018445203,778.0750527817595
654.9133679537118,655.747193355112,1775.7753042445545,2730.130523620678,2871.0020840691286,1698.3951513221662,1299.5897477990873,1046.616170937433,866.0624807851933,764.8730500405316
655.8816555890407,686.0557487311013,1832.1143448128403,2663.2782878798726,2826.154832542652,1645.5466663809293,1281.2954846805317,1028.590057809795,841.0352488041702,729.4894939745092
656.8498398489393,677.5823891089505,1801.6184806628653,2719.2191213074934,2833.7957352092985,1644.5695012629774,1313.680142150006,981.8030536068466,877.1037340069213,780.3062498484998
657.8179207499561,678.8828206396626,1787.3634784330159,2649.5151011611792,2803.224419041858,1607.050624765297,1264.1606079545531,1011.9196760477989,832.5921385203409,773.4731701046953
658.785898308648,699.047451118021,1801.6584662148143,2624.6505008643994,2677.2030042817823,1619.212039256352,1251.3445153346702,1021.3033683000873,827.9498179908475,748.6252845306466
659.7537725415641,681.9709699654732,1752.506794911274,2653.5411142406565,2743.7436698610895,1669.2428974154896,1204.352803064026,967.44718995102,838.586396207544,759.2874462115587
660.7215434652388,633.0331615619326,1808.5239851541376,2691.386271797902,2771.0130845729877,1654.2470354024088,1281.9916856788823,992.3491542095076,796.2681277508585,728.5853368920356
661.6892110962181,696.8588881858108,1774.9055442681336,2685.189875416835,2715.962846262647,1581.333630883186,1262.6844811571957,1018.4860673484927,850.7237424148716,723.6611531160343
662.6567754510397,679.0029604516984,1841.7335774003732,2667.440827117548,2733.854255366108,1615.72967231572,1222.2053288130571,999.1751593216233,840.5759276832704,757.3113310731351
663.6242365462313,709.3737031565378,1801.0978563431313,2621.1259533068173,2621.1259533068173,1577.8130974108508,1242.8859590124298,994.9015586053392,824.9680252586477,762.724928742127
664.59159439832,676.7475808836809,1771.7764654039227,2632.0153728828873,2649.7725980372697,1602.0963139287142,1240.0462232810305,958.8901583366442,815.845844593009,709.3024936667151
665.5588490238406,690.7746330067366,1724.4730495888575,2599.5199456088035,2643.863538312517,1548.084091945197,1201.2186556850384,992.3110633919882,852.3823930824924,760.7389681614845
666.5260004393094,688.1351558098999,1747.8632957571456,2598.2017382936647,2565.761080948341,1544.3718996819323,1224.8805773416216,981.0841221404,830.6774380848076,707.7961602616112
667.4930486612429,681.2218811059432,1744.2813872121917,2554.091260284819,2589.4284183825334,1510.6635086773006,1147.476050450789,958.0296195380412,811.7730485225001,718.5222146535309
668.4599937061577,677.5406658570043,1731.1654984143458,2530.4670955268116,2563.853157322664,1532.8130136272227,1230.37457147656,952.4847041757887,803.2293690884486,733.5114165147569
669.4268355905698,678.949208501037,1783.7133830272908,2603.9468198869254,2523.4933009605015,1520.7677358043459,1188.1611148768147,975.2536318642063,820.2334368596343,722.1193893883861
670.3935743309848,668.5950644671395,1713.642481948035,2522.4268341260263,2487.1344260309866,1479.3401059837443,1147.0032630887877,941.1308825343899,789.1774587918583,698.0054045463393
671.3602099439012,673.8178453379622,1730.285532772957,2514.2750550128926,2470.0096491147783,1532.5667197613798,1188.2802294427129,927.6061724871508,810.5487657788042,706.2791429965794
672.3267424458281,686.406600377222,1721.4799398751459,2573.776413281306,2514.175261294861,1511.8825553894817,1163.21581626878,967.5253672466197,818.5224872805079,729.1207593008407
673.2931718532564,698.5392955404111,1714.2371679810656,2537.268615201946,2461.1900780638816,1471.1810623191968,1174.7711773656986,945.5475330016598,786.4742280766156,732.1324158351409
674.2594981826843,676.2797447785923,1715.9484592991223,2465.5000944343997,2424.903506534074,1463.4574857727077,1163.4387995824977,939.6624857904599,804.0104725625431,714.8960113179263
675.2257214506027,674.2717498989472,1661.8815482803464,2538.4348231489776,2466.04976764512,1444.7263817687735,1156.1777358561358,900.351101335653,818.0502848038698,692.1201197492134
676.1918416734952,677.6282746108662,1718.7655944940338,2550.490094818158,2394.4182764675506,1479.7188853747487,1111.2708585090736,918.6505763675008,787.2736659837615,691.4574230723124
677.1578588678458,670.7937082739722,1706.5781107558412,2419.789656464785,2364.547821665752,1496.4618462523763,1133.4440747158737,906.5579675055595,810.8712179429488,703.3469323519738
678.1237730501343,683.4070529006054,1717.4316372893477,2512.75897566498,2359.2400000133944,1477.7439462720338,1161.7919899310293,931.0183039515495,811.1744584428925,693.3115029426432
679.0895842368409,667.427611126418,1724.4351908214417,2393.840365240086,2296.9397639209915,1391.2157760812893,1132.1549847996278,881.0044466868718,846.3970890729095,693.1359339253615
680.0552924444347,660.7030665691018,1768.1483865454975,2505.124520769503,2354.5595041000824,1377.8680143892364,1134.1904216216217,893.4845068145875,784.5229815932963,725.089422381683
681.0208976893846,675.1293328332843,1744.5819928081328,2451.575836925584,2368.9272607822763,1456.8056252730014,1131.1901505879218,919.0919973526865,774.7059305963055,676.1250988109144
681.9863999881528,666.3984551264916,1693.307549911577,2416.3151137447903,2315.0146034274994,1352.6597554132363,1099.4084796200093,889.855463179339,803.4520867322381,696.1927228668713
682.9517993572081,663.8078059459083,1682.4438084635033,2476.820417080454,2322.330612393343,1426.2897452081002,1160.1685977793352,950.8598301387335,798.3634422862951,707.662976308701
683.9170958130126,663.6948569990709,1737.5830767449359,2466.150363375495,2272.5311118599766,1427.193451892739,1091.8528925668925,957.1178464091864,797.431865777831,707.6085016726936
684.8822893720062,664.8328039103003,1690.9445117419164,2390.6113697493133,2271.1803271306962,1409.2863028996783,1121.6565419265096,916.633252097884,747.4392750548435,714.5957383347239
685.8473800506581,684.9902353659977,1726.4143432044186,2364.6101874916344,2222.2357635710855,1408.8098590739633,1189.7722838115803,910.0015626809911,788.5352709445788,713.8633702869481
686.8123678654083,720.3865809112486,1689.1823276539624,2376.7788986754576,2223.758852523275,1366.2504120730578,1102.9366962917047,936.9993735162861,784.9729640274296,722.3738542379003
687.7772528327005,657.3221882865589,1657.2486686497484,2416.1570133078667,2210.992815145698,1391.3319652065497,1110.4761211204745,906.3078656678312,739.9854331771413,720.0665789866396
688.7420349689746,705.4188865840148,1715.1361164003497,2371.155921290806,2191.3432639262533,1315.0035546825263,1147.0466769244274,898.0753051888928,789.3973254630642,696.5270518791743
689.7067142906744,674.9939482036721,1671.1782817165586,2340.2425612683683,2223.625744448407,1350.9761745159879,1070.3051916611666,859.8019545200508,771.8452028507583,680.9236168555345
690.671290814229,650.434874110762,1651.2557577956068,2425.065987390201,2143.770176887064,1379.8299757311765,1127.1572477002887,914.9516362680978,767.8882125313701,700.7720191481654
691.6357645560712,669.630681710185,1686.4406385758718,2405.5270574876954,2134.5096176227166,1352.119855092796,1071.2112677874893,910.9746792541806,796.2373689463794,688.4238618468075
692.6001355326297,702.0589527001072,1688.683175148224,2325.754903615222,2119.962026877042,1355.8698146816937,1124.475910215319,916.7137236518931,770.9847965837081,683.3505093602726
693.564403760327,676.9136805457936,1704.1252570008537,2318.873395455707,2185.6615195465492,1352.840606455223,1075.5625536369023,845.64872336406,757.8275607276523,707.5030742730817
694.5285692555808,688.6929904579179,1694.5602275973158,2328.9087209602762,2136.232776714517,1308.2202573404352,1074.0448789494358,891.2497523573055,771.6918587483987,711.4188710612638
695.4926320348059,667.9859066056666,1642.8309224496825,2323.64373715856,2144.0670237136096,1343.8652951210015,1091.2738740116208,908.737104850545,790.334876205523,666.0125361282496
696.456592114424,682.5432075329287,1643.635162568442,2295.5577631064057,2153.3201048072137,1320.6371468473599,1091.476475143106,875.1567031464181,808.976681576655,692.4208226925948
697.4204495108388,693.3961813463575,1691.76747397256,2308.671526431139,2082.1753525816125,1324.2078936027144,1084.7974642266797,884.1298014301693,776.8421401330252,659.6204361231826
698.384204240454,719.4254183524466,1681.656915398844,2282.17729932915,2058.3560580639446,1349.9218613807714,1113.1109945064243,875.3009256621434,758.3942951798708,721.4238222923145
699.3478563196803,698.6539469959529,1670.172740243544,2345.838073819029,2135.9420382408457,1347.3326474256717,1083.4633455559556,875.5663198404217,776.6153316392781,707.649491377875
700.3114057649145,667.0279563662981,1672.08361392875,2317.044480009246,2108.410171852569,1344.0864083170518,1061.2264328354036,919.7964450945794,765.326813093963,677.0584519507537
701.2748525925454,706.9016485504942,1678.140457465479,2375.0293347900456,2089.6653548511067,1353.7266697454222,1086.3856780131532,865.1034339201515,777.9923242545807,687.8773832212315
702.2381968189693,664.623314324759,1726.2162100561613,2350.741586865098,2060.031539875384,1339.2711130284736,1066.6051379208802,890.1742128512609,786.9220237480178,705.723700278477
703.2014384605827,667.4566023569286,1671.1507412395279,2316.526072541039,2077.6468674869807,1332.9058164360918,1083.9896699932071,902.3210308554568,780.8740400506622,728.6819448287671
704.1645775337603,721.2416182942337,1712.5737177804829,2306.772776402917,2004.67157151407,1297.4346448371998,1102.3692973096333,881.295236778391,779.2610549947408,724.2426236408116
705.1276140548871,723.904242591493,1643.7825619066498,2262.7006919676087,2076.725292627805,1284.8300438260615,1048.861257566956,887.8825516868036,808.8930003543064,652.9136331660842
706.090548040338,747.7499063941844,1711.1393051530467,2327.109521768817,2041.5868605822525,1306.8152569692757,1084.187447722409,895.5028919033157,775.703173922939,719.7966388654298
707.0533795064986,668.423951546608,1626.0031532437486,2309.2809703802814,2059.7360284695474,1309.1206873253566,1066.5075493565878,864.494977333613,775.3717837940652,704.073228962427
708.0161084697321,927.079349805278,1691.2533825521205,2255.991815021363,2013.114796861514,1303.2425364674834,1061.3528232595036,855.0060883188186,759.237507987496,674.3292821267357
708.9787349464023,1364.5385752421569,1685.0810914626782,2296.3943731711643,2007.6083910653697,1295.0711568661925,1098.577602031322,858.4188127887023,749.2557267693297,717.4991926546032
709.9412589528803,730.1533771557661,1674.9995494914795,2180.5664542700656,2006.4377355987717,1320.8059058305523,1050.7085183461024,854.8137098408968,768.7387182249731,699.482977844345
710.9036805055292,692.5026978323256,1687.6032793879453,2283.869928954174,2001.1145294094567,1287.7772231896256,1045.6989162109903,858.1874407234408,774.8490071734187,703.4160641305427
711.8659996206989,698.1603630447185,1711.845136934611,2282.794070844926,2003.3295926677717,1316.187542382726,1086.8063040222662,864.4367192361435,781.298541140431,693.152039063049
712.8282163147452,694.8718662335739,1727.1381646268019,2297.4954189919317,2036.416394106485,1309.411724810087,1059.3783509774862,895.7018853762252,778.2163241777741,665.7515134578894
713.7903306040243,737.1128163924836,1713.2074898096164,2312.17467577013,1997.5656488009713,1322.9712928959486,1095.081420796494,893.4089676111361,794.5894655503106,710.895397478387
714.7523425048747,705.5907421188724,1712.2870640893261,2269.3323868147518,1978.2636596248897,1294.7539933618,1081.9727169333491,902.3130542885723,772.8376549523922,683.5096662630898
715.7142520336456,703.748018421518,1686.5858358746796,2306.0045625024636,2028.9226037516235,1300.0765818200655,1108.3278350033609,883.4497235534036,778.038108811236,709.7715392639276
716.6760592066748,714.0087454412474,1723.8497660302025,2271.390180371384,2025.6989688080332,1321.7184360836573,1038.9228374678823,859.4178298358835,781.1977706442862,701.9748901810017
717.6377640403008,707.5947420186317,1766.4705152812212,2220.4182089517803,1989.9214864449998,1329.633932015096,1066.9280605117349,899.8431000919726,800.1960453838011,688.4705598019119
718.5993665508577,710.2175432975266,1698.1291471248878,2273.4952581507323,1955.8452176885473,1277.592458336901,1079.810357671767,900.0084479761906,752.1713222264945,686.2439553381165
719.5608667546657,721.9808647979305,1652.9827631807166,2230.567455019061,2014.4780773033167,1303.6046104253544,1049.1442217133565,879.5039625720244,784.5861985286601,708.8539399834227
720.522264668063,694.5380928096841,1726.250201605465,2304.695444599577,2025.0631020003293,1268.945323636298,1067.04471526139,910.571743770836,784.3838635365183,713.7186506053005
721.4835603073625,677.6662067131836,1742.7132435563553,2239.2013359193375,1987.954337566296,1340.3176525686156,1097.0785266730416,893.8787630648048,771.7587080884261,728.7163936295385
722.4447536888873,713.8848917621957,1698.210856726783,2253.0127642522775,1950.7550942025457,1299.509127483551,1043.9820840533503,874.9564133018554,758.6269810787678,693.0052500811287
723.4058448289578,715.4796699017326,1727.9132975064126,2217.1897848626113,2002.9444798084712,1316.3630138442738,1085.1773823439926,867.9426079170042,793.2058735957926,704.5182822012881
724.3668337438794,716.3238845837583,1688.0501569856813,2301.614487095725,1960.4128596198957,1281.0026014004814,1067.5021678337346,924.8359902634317,783.1674782705436,691.3822451483907
725.3277204499644,741.1337181249264,1727.9802322858798,2252.3672969969125,1972.6941958176951,1284.4986004159775,1075.742607035776,860.9936186303054,784.0835158060206,701.1804179564668
726.2885049635115,709.3248355977236,1702.7797886986255,2258.0340676220903,1963.8993685166872,1327.6079786152034,1070.4902314380313,874.4004320344293,775.3550741724058,694.3179631943866
727.249187300833,714.2258919554964,1699.052861285681,2326.7668846381175,2003.856305317393,1335.9042035449286,1118.6185800767776,898.3151007271244,812.809184084565,708.1901801924922
728.2097674782199,723.5251059232746,1725.7935419449457,2358.752222926503,2006.5494592642692,1317.2383360967544,1099.878916236633,894.5950197020738,789.9404842138673,701.386646493077
729.1702455119665,710.5495810921208,1728.936693765345,2298.183801344828,2015.5788543195529,1326.2246442543276,1080.963922371678,918.4660778321447,772.1170874083415,711.5588844743539
730.1306214183714,736.4522892059244,1711.3171164812566,2290.1746771328267,2102.2732700103275,1292.074729621917,1086.9995379774687,895.0572403792169,842.5256641944321,703.114942780965
731.0908952137142,733.8300334012664,1731.8388788269888,2316.8785468351707,1999.0542289206912,1353.2837995275768,1109.3485746314318,908.9370620611548,787.47553929129,741.9274682525908
732.0510669142859,725.1996952581785,1703.611574614883,2264.7297745772166,1985.183523332444,1325.8189959398824,1118.185004979091,913.5895602274819,805.2147454333127,715.0712078942375
733.0111365363591,737.3168194017031,1768.1385434963709,2365.30423193742,2007.8172891972,1358.8566175750398,1119.1778718742107,960.7461586143405,797.2365058269105,734.2700556851672
733.9711040962212,703.6931245708589,1755.2117078581707,2261.8707575491894,1918.0664024017124,1307.8639358095534,1113.8456886064453,898.7166476662112,811.2576450409758,690.6245379716858
734.9309696101409,730.4770904717051,1781.4798918931679,2297.9382474673857,1975.402970931736,1320.2845899309773,1102.2467238617062,899.2805996866246,812.8692794932729,708.3718690268942
735.8907330943875,745.2404905002894,1726.1381090776974,2293.125130904269,2053.439675851473,1336.3974741809245,1089.6624469206936,907.3806512712983,839.9061744287046,738.1909182928542
736.8503945652301,725.6375362876657,1732.685751468055,2246.2602404472755,1989.9755150271167,1309.5646949900672,1085.441190014791,924.6350877903775,826.1413501779242,714.5821167597373
737.8099540389338,713.705227538456,1742.7220212404657,2289.262069257292,2011.9880888531509,1296.280883116831,1104.0909761219032,940.929752996001,772.7635843754391,755.7467696935965
738.7694115317572,714.1116824010578,1749.374149345608,2253.0423052290357,1997.71745789011,1361.400064912631,1120.038295162553,920.5657581790172,825.8163031118378,726.0800346200699
739.7287670599544,745.0308275771754,1675.8200116280166,2295.0145332069023,2005.391289242585,1278.3370768080222,1098.570925381894,918.804773955766,806.950279735064,759.0126393547632
740.6880206397873,735.8301528296872,1699.3699070080208,2334.7691876271697,1950.9442700700627,1320.5168148078712,1115.6776101012285,931.7200718938067,763.6723748286483,719.9203116874237
741.6471722874958,726.3240200955738,1777.1124590043344,2277.2044072668605,1990.445333759182,1344.4932339200855,1066.6643737742377,922.788714055852,830.5098426502668,751.1301683228817
742.6062220193344,705.3423838907104,1738.3792464161984,2384.776586893946,2017.1193669622442,1315.773257201226,1115.9595507166055,931.1318722183316,852.2054581569065,714.3340006825183
743.5651698515358,746.8470240772343,1796.8496950245287,2337.9122568224175,1971.5155313006562,1385.2807704658378,1097.1825232747542,945.6046998397242,811.0919293742007,716.7322247192814
744.5240158003471,750.3853951354299,1745.267223652735,2287.930039207629,1988.7697690940333,1336.7792800756997,1106.1972778618986,943.1996556073152,842.8169736090656,694.7276704631331
745.4827598820084,791.9612422433656,1782.6618126158987,2299.983279806395,1954.4365082853299,1386.181846448665,1170.464786770775,916.7975036310336,831.9088458874194,771.9874404213388
746.4414021127377,749.9026654897955,1789.9283166911719,2329.01497180231,2036.8842145633132,1342.1952660774518,1172.5385720108181,952.6875897587897,820.174668949348,771.988152291369
747.3999425087821,765.4086943794607,1762.6382988059643,2344.1890300446667,2023.4368226088877,1360.9486184658297,1143.1169012664532,947.2682013991237,853.3407637076494,766.4079224400083
748.3583810863565,756.1194329336959,1794.5367544165156,2280.3285272908033,2060.8743383126857,1378.571314398902,1119.2163637883993,937.6678983610476,873.8266797492316,767.0921423826018
749.3167178616823,755.5736570814095,1768.6836933006468,2356.9088082963863,2034.2367690653332,1435.990783286021,1177.4523170698358,961.0015081446575,895.8658480514325,756.5757441597668
750.2749528509813,779.8434426386822,1788.2271229658213,2419.7198849997158,2006.7436660188198,1384.2722291568382,1164.7533166402939,936.2130789518369,859.0306302588054,754.7842060500356
751.2330860704715,773.3628838642389,1769.9645383284644,2342.0138879909296,2028.0843668346988,1382.2864947418807,1142.1054960160025,954.7443849767279,826.1827715508429,729.512411067813
752.1911175363604,742.5440476984667,1758.9199514795441,2348.557889759619,2046.743216267106,1386.148848126209,1134.3034914370924,955.4133372809342,823.4943409199684,747.5409793788062
753.1490472648547,776.8838600263718,1835.3631551779838,2358.6114105170827,2006.11783392414,1356.0517762414047,1116.3960867731153,962.6170193642962,809.8365173282616,785.8709483814326
754.1068752721657,760.2193453265315,1750.8081892368605,2392.8379657247483,2032.259620115326,1400.2459087832558,1167.8731971682948,936.5020920689157,889.4265858365744,782.2546886693295
755.0646015744969,756.5938813251723,1773.3603621574198,2304.670689886427,2066.4283478090674,1404.5333053849379,1180.246581671942,964.9313269074662,852.2895501093839,813.4131846657979
756.0222261880373,788.7078369017592,1822.393107992701,2399.982180471262,2041.4786182431897,1376.2553416644332,1136.2571236173071,977.9180502999084,864.3919222610189,785.7203072165252
756.9797491289827,782.7446274520705,1802.5944082134502,2363.1149589237416,2018.8660543282174,1415.6864174576738,1182.5495512330394,960.3254744912601,846.2372208068646,764.8873355710347
757.9371704135301,820.7104672362224,1781.3485957545577,2325.1809247091524,2044.3332073840606,1399.2766128211288,1195.8356868435887,1020.1818141702983,885.2161266925156,777.0450977581162
758.8944900578682,773.6601349927462,1850.6582794909498,2383.2289215868504,2087.7954856189945,1448.5131007654738,1192.6025324856255,983.1313337391858,860.6104439063627,773.6601349927462
759.8517080781712,782.3859010931964,1839.4497421139154,2325.3421268232514,2062.5635922355495,1471.5597936911322,1204.8147906568233,1018.3907736663025,929.145233617649,760.5703246368588
760.8088244906322,806.899229838115,1817.0175249687925,2459.5483931732174,2146.7504201248616,1487.284629812723,1190.425406983392,1020.0800140175677,867.665715048146,830.8073551666519
761.7658393114217,820.5085257662249,1794.9865690793806,2390.9976047449195,2094.9787903643687,1518.8347892210145,1219.835919662136,1002.2918916442143,906.930125937728,814.5484154095695
762.7227525567176,829.047107084096,1846.1973393049195,2399.558913781219,2173.636112691075,1548.6162048293556,1217.196412921788,1060.9414359563582,915.6342599248119,831.0376163448021
763.6795642426841,840.5859290399003,1899.2859794775945,2473.951952292787,2131.3434693665718,1484.9687443110085,1249.9233897453494,1067.6636444677406,915.2825459569531,835.6061545787634
764.6362743854953,830.6222115921697,1832.516941188446,2457.216125353713,2163.1818025374146,1569.1730695751955,1264.2485866545896,1067.2356902221204,937.5437835253691,867.2527501248398
765.5928830013146,876.5319905846675,1832.0308271679537,2378.876235708388,2101.50518913824,1531.9568123732026,1295.0562743773464,1093.6908170808688,939.7054673835624,840.0098243103063
766.5493901062982,852.2256908882913,1820.843316411789,2434.3669040651653,2136.48246118523,1592.991308778461,1248.7473665099267,1043.58192240719,959.7402745767447,865.0485311447123
767.5057957165991,845.1970384204543,1842.7261012073857,2382.2763036409083,2111.027021543181,1600.9604367289767,1250.1053870590904,1077.1348303590905,972.9593814374997,955.2692108659088
768.4620998483842,890.0580901825607,1848.7329934849222,2410.4106208798644,2145.7457702749175,1548.7794961326497,1270.3912829037429,1154.722940787507,1046.8965201706771,894.9592911196893
769.4183025177954,919.0457027919477,1842.9747515073384,2324.472659558805,2184.808966148339,1626.154192506475,1320.4567376989514,1164.1896681487797,1048.942704355528,960.0658085488678
770.3744037409742,963.242103103227,1808.2770109980459,2343.6286058262085,2143.3602172499795,1557.2088360512614,1376.4788268483235,1167.4181675541138,1070.7031896563253,974.9651307272013
771.3304035340733,961.2314811578601,1844.8967855930737,2454.625845653371,2196.399206690636,1630.8534118520997,1401.1004326989441,1211.6033174145039,1110.472732573585,1034.8702565274612
772.286301913231,1020.1597934006206,1856.8092177755977,2450.7513798908526,2208.0441176311306,1682.178382735066,1435.5246609264052,1247.0812174645885,1128.6874309964312,1090.2094503942803
773.2420988945813,1049.8449264941592,1891.7017071734376,2443.3655034538588,2281.9270855118325,1703.5219561980693,1462.8499588979932,1260.8043315349664,1155.8198388855506,1067.6724818497203
774.1977944942519,1077.5148655247333,1909.684803490396,2468.4703936045235,2255.1705178082707,1738.4440581328408,1536.1596688800564,1281.8020705126937,1245.7513872795244,1126.5838510365472
775.1533887283839,1060.4442031174974,1892.577472985902,2495.398445862893,2306.1406985643025,1706.3238169142735,1496.037431026951,1354.8451433597488,1304.7769562437197,1185.6146709075704
776.1088816130941,1119.9362411431264,1929.9530193284063,2555.8293373796414,2342.5081485904743,1744.806327171771,1530.4789063600135,1416.7746878072974,1316.1514855482562,1237.6653877862043
777.0642731645057,1119.1065089040994,1900.9755406855284,2495.1558575207096,2303.4524107039533,1797.596195019948,1615.929577879462,1440.2850585447377,1334.8983469439033,1261.6294903071325
778.0195633987461,1126.3419045898875,1966.3256978433628,2547.0800429396654,2302.9220743265137,1884.9397083056458,1629.7293213602118,1462.9382810730385,1333.323556994452,1253.9470980626045
778.9747523319237,1148.511620982359,1957.095984616174,2544.42592038999,2300.0403477991727,1820.3205201209018,1580.9634572541756,1474.3590511034488,1373.7888566216309,1302.3840185395404
779.9298399801518,1148.0762533307754,1960.7933905570349,2553.9661214446023,2400.8892876671653,1836.9220053292406,1695.9301847447596,1515.6620712831727,1410.9252902775581,1267.9193008275845
780.8848263595391,1148.5204320704258,1912.5230683030754,2521.510676894318,2377.5681512272968,1868.2330604055305,1643.7632476520644,1465.5966249733042,1428.3527546958233,1301.522277534672
781.8397114861946,1183.221210923791,1939.8734016003784,2598.00846141035,2378.6301081403594,1851.5126759777434,1639.2438063785398,1533.617191841137,1453.3815904136868,1384.3180347546156
782.79449537622,1206.0291583998485,1973.316744792984,2631.429102803054,2451.851157051469,1882.5074426799667,1710.0718015889563,1540.6971482096205,1499.8839787206239,1384.5867749142085
783.7491780457058,1195.1562126727317,1925.529453750512,2636.4941751353167,2421.9789574761085,1876.4974039998358,1738.5947640760592,1536.33755885452,1407.628428258995,1363.7038836906809
784.7037595107613,1211.0818827079015,2016.4153823202803,2677.9393284304488,2392.3746436189163,1903.4221617114006,1776.0479857522998,1564.4424998847614,1483.292823265657,1442.2043794078827
785.6582397874699,1171.1496747101478,2019.8236959817496,2606.422265569962,2423.1741958382163,1903.11822140399,1742.3922608012863,1520.2423662102879,1505.9101149463525,1433.2251263935375
786.6126188919188,1201.6026604403935,1994.1707989481913,2589.8719480969094,2384.8446690234637,1937.0487709476292,1755.4823248029857,1665.7191379449598,1472.932293443063,1412.7501567996137
787.5668968401951,1185.2361124192403,1994.0453050143444,2586.154676197175,2457.966049446253,1935.037841906777,1760.0501926912325,1596.2536140650543,1508.7597894572818,1469.0823573677108
788.5210736483823,1219.1287000668376,1959.3139822502746,2630.6448195794383,2372.440651375914,1945.1380671332183,1781.1024779215675,1589.727623841308,1481.3831297323782,1388.2271161060085
789.4751493325602,1182.9287002748927,2000.0966525090819,2675.1922480663034,2422.283301073971,1911.42738025679,1712.9291230556369,1565.8187395461528,1490.248337058404,1413.670329204152
790.4291239087943,1216.2284905206834,1968.316803781404,2631.805690580353,2378.089151167098,1918.9830322288265,1740.777367640945,1576.6670663537998,1491.0880748850432,1400.475025094595
791.3829973931715,1190.3556530895326,2004.3340971499126,2611.555994383612,2382.7186512938874,1911.996221868094,1709.2543652710572,1573.7585700205625,1483.428039853566,1407.1489254903242
792.3367698017464,1207.5911782646506,1901.0792242058442,2516.3995424253426,2421.1952586617394,1918.1157802477521,1798.8598879543968,1555.3373515906537,1495.208330266273,1426.0599557432347
793.2904411505879,1180.3196270464134,1964.1960205810544,2656.9705599501112,2402.686263707712,1860.079615820387,1781.9923122498863,1611.8020352372569,1508.686749753134,1426.594969076454
794.2440114557576,1175.023296141564,2011.7519806171583,2641.3002372381497,2424.1110930620684,1893.649128023713,1779.5497619588593,1614.405942654466,1473.2830425216202,1410.2281296963065
795.1974807333136,1207.2413918766833,2010.736490443615,2619.3540464476714,2442.4652001213694,1902.8043130241763,1730.912326763589,1560.0197125161446,1496.059903674996,1404.1176784658444
796.1508489993138,1192.471629273099,2016.4155942231048,2632.6258080099574,2493.8037339153507,1880.5896800010432,1730.7816863737696,1604.9429717268595,1536.0312946583135,1396.2105006061915
797.1041162697984,1178.6504383173508,1931.7595764865398,2630.439013473987,2460.2224934147225,1924.8321599725,1783.3149368999716,1582.419857992816,1511.1664309912635,1391.4210883914318
798.0572825608288,1200.1164953736068,1997.8875100082862,2586.082991678217,2492.169427377976,1956.3678289492323,1729.9867107939142,1584.6678270872255,1542.1595821934322,1344.4468152455563
799.0103478884413,1139.1979577634413,2005.6163873113471,2594.3491820211357,2358.8560641372205,1918.287689429395,1709.28754730742,1639.6208332667618,1489.4939706157656,1457.1136669067273
799.9633122686791,1155.0066976996986,1946.8160230035494,2640.991646050452,2410.576108724054,1917.525912326465,1713.471474609443,1594.358357855966,1478.1742521701976,1367.8481686198459
800.9161757175752,1133.4557010730462,1947.7925438182303,2638.568121296224,2399.2289775503277,1854.3919023564172,1725.9660203464239,1570.298284576735,1428.251475686894,1353.3363778477315
801.868938251173,1195.797071020335,1995.9404313500334,2641.9457455794095,2487.807699479087,1929.1800037397027,1764.2424767024152,1574.7606748083883,1510.9455601808663,1360.7345980576224
802.8215998854939,1193.9018223405835,2017.3501574199324,2703.2295582378147,2451.674935588276,1933.826161618328,1764.812899525669,1584.0080144963133,1492.6229367369106,1382.5677893277375
803.7741606365707,1176.5848906306517,2065.2291751154053,2757.2795285074426,2434.5874698956604,1937.145250312575,1772.3240757600954,1595.5881175050272,1463.532598134667,1404.9515782636051
804.7266205204214,1185.8189301132584,2033.9741716180235,2685.3254289338147,2501.5085096913217,1924.0836220708807,1788.218942630777,1601.4050084006344,1483.5224188864267,1410.5950541869593
805.6789795530749,1205.115643930458,2062.6400814710564,2699.0606570673895,2463.0173449917543,1943.1244804201021,1748.9116287123009,1542.7472168994045,1487.9692330843836,1405.3042756908067
806.6312377505418,1162.4373984860958,2087.035943061993,2750.0117483366716,2544.8757368391252,1934.4226784696154,1772.8904568556054,1552.8895169886719,1538.0245886192845,1364.6004243097645
807.5833951288369,1196.6104313555525,2007.8216216402473,2712.5798246214827,2534.1725033073517,1942.7670182881332,1719.0186097891956,1563.281832067468,1387.831538178433,1387.831538178433
808.5354517039741,1183.8469466574618,2010.0836953204703,2702.707842535002,2498.3591579667427,1902.0146794430257,1711.4202332591688,1570.9305126184906,1441.2476935655573,1324.3366672981397
809.4874074919571,1176.5895365686026,1955.7749724040757,2706.644145533748,2484.0197352950418,1943.0814753290617,1730.2212936095966,1525.1724947055247,1428.5066323650337,1304.5009301706666
810.4392625087894,1139.6956539318937,2020.1472320767045,2641.354734434432,2486.786568493454,1895.905731605159,1709.0543411322046,1503.6156395650821,1383.2872572186247,1381.3306981560806
811.3910167704707,1147.1868237544277,2049.7314276597804,2735.8992474755128,2493.2063680236415,1899.6322170750889,1732.9636131141654,1514.6374886273413,1481.498701874877,1334.3235018859912
812.342670293001,1116.755371215466,2090.7381643245767,2699.9663572030663,2474.072757596435,1934.2750650299404,1736.7404021704622,1505.9573307108737,1400.3447386869943,1352.427914528012
813.2942230923691,1094.3505109502414,2044.0175914376737,2695.57854338764,2469.3286152142537,1908.073428586712,1660.4608462510319,1484.7044642794312,1411.8772341807019,1285.6433686762375
814.2456751845675,1155.5197365350311,1994.7511152947304,2645.7618148875144,2397.3881351621003,1866.6834366863138,1644.5054184944397,1498.0037558439026,1368.9658675490587,1287.4682538891573
815.1970265855851,1106.6436797223816,1995.8415837800146,2700.5988745505842,2506.4508605642013,1927.8897788847808,1691.0292018213938,1452.227144618143,1381.3631195131134,1260.020610771624
816.1482773114003,1108.9099886020704,1977.2627839095114,2697.956489023908,2477.9346658885765,1840.3603161808608,1666.2986072115764,1507.882894554138,1358.2680548221126,1280.0380732628835
817.0994273779979,1115.9995152566312,2029.8888820809593,2649.888612779088,2471.211525034588,1877.573987610238,1662.7709313053745,1435.274967127951,1382.5505805803937,1295.6529805297898
818.0504768013489,1094.760085918573,2018.831771344465,2594.6598810525315,2547.573425744206,1914.849182538579,1695.1123910997258,1452.813339825633,1379.240753406374,1287.0297784275697
819.0014255974312,1066.0955199268665,2090.0179880074998,2629.4407441802473,2525.479267536045,1838.9412142252754,1655.5374771265413,1503.5183367505851,1358.3645769077368,1300.4992267001148
819.9522737822117,1127.3451053170616,1990.069064621654,2706.2184858003807,2459.304330970902,1877.9247871293808,1686.0990493136503,1448.0383900756672,1385.080199202812,1299.4964084850246
820.9030213716542,1064.9748482784264,2018.3622584100324,2676.140841170237,2438.2834072256987,1893.071099789041,1612.144830068537,1479.0229740337336,1370.3720474170927,1278.3613528048022
821.8536683817293,1100.8414423957374,2009.035632372221,2647.916826619747,2473.9445629554207,1911.7291120175978,1630.6213865486861,1489.0846296692341,1369.1715439796985,1246.3097758551742
822.8042148283929,1076.9947134983595,2067.4364271904583,2733.3043916090787,2490.3658580619604,1864.8237230985294,1653.3590076627784,1414.3547013795808,1357.3084060527272,1269.771849430486
823.7546607276017,1036.9466047939352,1996.097595363064,2741.5568354665866,2477.64259986851,1791.2686363914227,1608.104278849474,1440.6959950745747,1326.464460263467,1249.6536006491015
824.7050060953006,1068.7669979916343,1998.3870461062413,2697.082368893016,2432.60447834661,1835.555509016103,1616.4730772948262,1429.956952991577,1273.0465627047167,1284.8888563112723
825.6552509474533,1059.979506557983,2087.420107333256,2706.6453446527107,2463.0965650063645,1803.4442023205127,1604.266657832408,1405.0891133443033,1311.4165057880164,1241.4085569827914
826.6053952999937,1036.507044973328,2063.1519867594693,2714.0507971137954,2454.6774832907836,1859.0064507847035,1571.0330377188502,1414.2255970425808,1351.1081366445856,1196.2731166057536
827.5554391688712,1054.8562736299546,2013.3696629954773,2644.513863993083,2383.9948402168125,1794.1404467611064,1587.6914090516093,1435.3123574088852,1273.1023992085659,1208.2184159284382
828.5053825700197,1014.5301472307623,1976.9069503264807,2649.9802972768603,2387.245525879563,1775.1817513135745,1580.3447298279382,1366.8112264825693,1277.2649186280596,1188.7026361345886
829.4552255193812,1014.5140692796674,2070.157087313916,2654.7757160397473,2403.1057200890964,1757.772928916026,1575.6304415743098,1337.6700952085191,1222.1173344218387,1174.1335608748275
830.4049680328899,1016.7013931161204,1999.906810102446,2616.6268411980773,2488.5539912900385,1731.9390010640886,1575.2960538688724,1395.9940639976187,1200.929261829991,1189.1071526077105
831.3546101264619,1003.17876477143,2032.7569707210557,2672.2101014817918,2446.348215846119,1732.5855469541657,1562.4558149169056,1367.8821558627978,1226.1073791650813,1166.4641972439726
832.3041518160388,1061.6411857275377,2000.1085322270187,2653.1253941662408,2466.4094950189483,1716.6131879719674,1555.314112792369,1331.4505478461385,1225.872971364947,1119.3178247311519
833.2535931175336,1011.624311119298,2009.5250366226367,2664.3361217269885,2375.160567676414,1788.9674106518594,1541.9428695645888,1359.6152320954131,1206.6952780890076,1121.4129960469738
834.2029340468689,964.8762350896483,1953.2621449429023,2669.3276554510576,2403.864244578677,1740.6955022886345,1506.578324434395,1285.1955537437752,1163.7289007984793,1135.3213771257892
835.1521746199543,976.5626874482343,1976.516097949121,2610.014847291788,2341.0215321862865,1743.583480883125,1457.047123488134,1315.728171711693,1156.8661776457627,1077.922487343061
836.1013148527127,987.0624579633732,2003.6776841292424,2664.674599591741,2356.3407180123636,1696.3288948232819,1452.02601101598,1337.7553072996614,1182.110728099848,1140.7368526163534
837.050354761046,920.2905087337275,2031.528994680656,2599.451586701363,2350.4318019851776,1703.76777606212,1487.2288328306547,1318.9190178643794,1179.1529726877063,1059.0722859866212
837.9992943608595,953.1788603497046,1939.7681137425946,2649.247636600828,2338.7275130229864,1734.3924623888954,1420.9243629543018,1273.5255701167187,1202.7741495546786,1057.34067395493
838.9481336680618,929.2419706085404,1983.4984859917467,2555.415419173486,2218.762078126748,1668.5012078193602,1454.8936785587105,1287.55137452963,1136.9433009034578,1082.803143717579
839.8968726985478,925.150746186861,1923.6003737632593,2642.72183172007,2357.4505095553845,1705.6847804430138,1438.2429159136213,1238.1567802286684,1169.8105259600459,1059.8622038757403
840.845511468211,923.1220333598814,2010.9463953213653,2636.2234991142764,2326.543671683718,1715.0739487316598,1442.8712978691308,1224.911928881381,1128.2602629954106,1018.7874577572195
841.7940499929429,890.1634797443148,1974.1847839662803,2555.7582573992327,2329.261105330957,1704.168528443838,1475.693235309464,1246.2288716420408,1120.6169139447875,1010.8300847763219
842.7424882886371,885.3986663072649,1968.2106361390036,2546.6316154657115,2360.076043635084,1664.1941487113138,1438.1559161757914,1200.2728854288005,1049.251708232578,1040.3681095739769
843.6908263711775,859.8450493397412,1975.6669581955664,2595.3483903059314,2336.40654786109,1671.2620441764395,1412.320201731598,1174.1332397880603,1079.253786067813,981.4093494188081
844.6390642564403,869.3433295971442,1981.3169444038867,2596.2422826274037,2318.2488789257177,1605.0926560019589,1391.931636202433,1235.744529529048,1026.512745117532,1015.7073478005052
845.5872019603157,831.1063255566808,1947.0519082290314,2596.719528910662,2253.3516573191696,1574.4197293996276,1367.6186249183877,1137.406074646819,1040.8338607617118,950.1145083241867
846.5352394986729,797.5777810927078,1925.8585445897093,2510.424698780828,2225.436540414775,1544.577458994171,1320.8666179559723,1097.1557769177737,988.2183238904771,912.3511691036098
847.483176887381,809.745039854727,1881.637754482567,2537.977858729324,2218.546062431716,1542.787611905469,1327.2439682031315,1096.1656474772024,986.4519909980846,912.6622751360233
848.4310141423122,796.0897779689536,1887.9254539653505,2550.202333810412,2194.337597495423,1579.5739930711636,1318.7358075977795,1100.5626041349115,983.2339036059914,884.328718036158
849.3787512793315,780.3995327814972,1873.5434476140063,2512.672153612336,2226.233373789914,1553.9790946148414,1283.1288198167688,1054.1726522716353,950.8988064853199,887.5705048239
850.3263883143045,791.8805763294054,1948.3398338401705,2520.6891612861764,2241.3748490907797,1555.3396963301564,1285.8258863170543,1068.2547378701136,933.0078077544479,858.5239911690087
851.2739252630781,759.6234695956512,1887.3421166174726,2529.800012496571,2208.5710645570216,1513.3886605054747,1279.057513072369,1038.8680869534355,865.0724859405487,887.529220902888
852.2213621415248,757.7834671975038,1841.0315024539614,2512.5472528165615,2183.161424901476,1476.3543358336879,1239.1181145377034,1035.212602018841,920.5157512269807,789.1535460465595
853.1686989654845,769.3005520778124,1897.738861885828,2480.601780169273,2125.389025255793,1472.8573069755057,1237.3571379720938,1012.6507267146715,898.825645029689,812.4755830617713
854.1159357508078,706.4741721577883,1850.33609356008,2451.1326887191963,2166.390328472775,1490.2495348979385,1193.7652216516644,988.2810441542468,839.5496394894493,778.882882323545
855.0630725133377,688.1825238740597,1841.3798103087342,2536.4441594215346,2168.758068094537,1460.913186395504,1170.8934084771502,979.1854196836622,872.0255695375586,774.6968983039416
856.010109268922,656.7677814661347,1878.5925280675474,2495.9147971333136,2176.406146690329,1436.8027891834206,1188.2960610610994,927.9556792186677,832.3003116477743,767.2152161871663
856.9570460333963,676.9681433876333,1833.0063621971954,2367.91896174806,2117.1174498707314,1378.428621919537,1118.809869390271,933.6478156995869,795.511045485902,702.4401719376744
857.9038828225966,666.2311960295158,1827.9901337618046,2399.602843678783,2089.4102809593305,1372.4557727870113,1138.3481782817641,907.1669287078325,791.0885797656475,709.1509216888111
858.8506196523523,632.4912289266232,1801.819149071831,2441.1428449775995,2086.830628773334,1394.7993304570132,1085.386182972847,928.2394424524979,795.4943697148116,699.8398320067729
859.7972565384988,653.0993395671421,1815.2463014794635,2430.386066913791,2105.296380750713,1394.771018777518,1091.094425715002,884.7500740186769,804.9376360984002,649.2060499124944
860.7437934968547,622.6519290776087,1764.829061479347,2393.3183523920584,2074.209238739784,1295.894327392773,1057.535385792751,896.0350416882462,747.1823148931304,661.5676746449592
861.6902305432378,650.8854398364107,1768.64660117954,2391.147563188498,2006.488949871642,1315.4737310377986,1088.3979084181785,815.3196562161355,737.996423513765,651.8642149339091
862.6365676934802,660.7082816459919,1807.3758491980254,2430.7781654613314,2074.4080224635672,1292.9462212894077,1042.603558852962,817.7860306257226,756.9184028960769,632.2379396434158
863.5828049633856,634.8483746568712,1750.2553487057082,2403.7757343818994,2030.3355139955045,1315.885408151007,1072.1665274777808,826.4821719604158,724.277480065192,633.8656372348017
864.5289423687718,642.4138352095382,1745.6473212076812,2337.2928898049154,2030.730664492157,1295.5671114332176,1067.1099116778498,808.3870145189933,725.4004248642658,631.674394195397
865.4749799254387,629.6239961607731,1737.3320515181583,2383.5765568943557,1961.220087420048,1256.3149612835302,978.6546896846801,778.2309020869184,677.5301697817016,622.7802570720692
866.4209176492041,598.2366252757116,1772.2638034269041,2405.6334115899335,1980.133952176866,1251.1245572650282,968.1088617838595,772.9256235209847,679.2376691548047,594.3329605104541
867.3667555558604,577.9280043323844,1764.0471348456394,2318.545625488873,1974.912758047996,1217.3584820987894,1015.2789265298644,795.6272356940765,686.2895051447065,606.2386667067748
868.3124936612076,615.8729368750392,1708.0469723158772,2344.416472858707,1970.5981926318605,1244.4342226872818,960.4104118621847,796.4379025198605,686.146869450321,580.7359705873982
869.2581319810488,595.7818940218729,1748.0849312239793,2293.8093679227622,1955.1853919136254,1219.0463136328929,963.851433162239,765.5846414119618,644.8578325739217,613.4492319006104
870.2036705311658,611.3177375811396,1716.0140993837135,2336.177270466831,2041.3294870675675,1226.566778940936,971.032033328241,778.3981481740556,661.4418607590144,591.6612186878554
871.1491093273507,592.4075867646334,1678.6524463563571,2268.1029237028642,1948.735106545225,1246.914471309919,933.4608729885322,745.1915733678251,655.492587684661,578.6077428133774
872.0944483853855,601.7837526007518,1701.93506463846,2288.9450753586693,1927.4808573480707,1171.0652730643108,973.0971318650454,752.4759197822821,658.9088878721816,569.281520463559
873.0396877210624,596.8983464361955,1737.5937037112976,2260.740195151258,1930.331884768125,1173.1461734734453,950.9072504181238,723.7515370297199,663.7666949661153,585.098049636798
873.9848273501483,572.6425144609098,1703.1178231811539,2298.468575284479,1939.086031726253,1195.6380776071753,925.1138552584007,778.9912826028582,642.7418567483659,580.5410319017499
874.9298672884215,561.9615461064751,1671.0701863131035,2293.277170578621,1936.7426922931418,1195.032461843295,929.3599558632567,706.1555456346744,670.6008608195019,574.8007378452874
875.8748075516561,576.2375913711131,1654.8361598349918,2214.3283853030125,1847.9003784824074,1135.7298168391342,894.3995435298646,740.736185830901,640.263990412348,561.4622685154436
876.8196481556224,575.5840701789144,1676.4871633122148,2254.04241181366,1928.7979885961224,1140.326659583911,925.4682224280833,715.5377310785819,640.6329548224219,553.9011086310786
877.7643891160843,552.195966494907,1645.702315915825,2263.211783824108,1929.7170872133847,1142.9862747340817,904.4930347246326,720.4277125596636,665.0101962089202,559.1231560387499
878.7090304487973,601.0967594272047,1603.580552972739,2216.482813403424,1899.7018698100362,1096.9278015733767,885.4125752610216,734.892437466648,615.853635681555,549.9395884121234
879.6535721695253,570.0386851819244,1617.8894868588525,2181.06023607473,1856.3049782516366,1126.3414984317542,870.2656002691341,714.2653404689173,592.6047604989369,560.2273480875712
880.598014294028,564.79529953816,1600.0896399089784,2150.151149024404,1874.1381417718421,1109.9455451793403,880.0984145846805,675.789854056094,592.2983749939312,513.7181594060133
881.5423568380465,559.5810983586955,1624.4629416197756,2149.5019968699094,1819.8722140624945,1129.0313518912656,885.2632190965605,712.5530035537533,635.5735931975306,527.9998018022965
882.4865998173409,534.5887037301582,1599.8425243741062,2105.0043269815033,1826.4296630193658,1042.6931964498312,882.8070336828299,695.4557632012516,580.6908488224836,543.4167740669864
883.4307432476489,531.469556761505,1580.6552991298736,2129.807761661632,1771.237727987049,1071.7805664081368,877.2686029353493,699.4571615789123,573.7120538793326,508.8747327217368
884.3747871447157,557.0143607048268,1563.5836744740802,2200.453191315351,1788.3611510062935,1095.2972650319691,888.2653787522991,687.1486892234766,596.4490057104782,520.5373140745992
885.3187315242723,563.1868226883021,1584.4587018589907,2141.6963679695996,1777.806290634024,1031.1871401335109,886.4243300763064,722.8225241897399,613.7546535986954,543.3563007626576
886.2625764020668,559.1829411382324,1597.2406350597385,2134.611475657118,1713.241351572457,1090.605027042652,853.6462984397485,690.0555443833507,597.8498466424719,565.1316958311924
887.2063217938229,551.1492735699536,1485.0134134163306,2073.0388589972936,1756.1031103621306,1044.4926558794057,857.1218359315734,682.7075088524741,584.0388323905837,513.2764482613492
888.1499677152751,521.5509435429012,1530.8761980944967,2119.9804067058117,1767.3126258339453,1040.121595979843,851.3698259357454,666.5917773662604,615.92682856495,548.3735634965361
889.0935141821357,548.0093502781459,1596.4612356204216,2097.8947460015097,1689.6129154145367,1066.2894410475317,873.0492542405906,670.8902895810213,599.5400667599969,540.0815477424766
890.0369612101422,531.9958653701311,1514.2178612479474,2066.902454715806,1664.9500231028178,1043.303002642535,834.4453666083353,694.5501575665601,570.4177889801962,507.366427158551
890.9803088150074,560.25330844391,1478.2824138590186,2017.8948109392056,1670.9309199204333,1009.4388557401676,816.7903496787529,669.355268509303,573.0310154785957,520.9372867987233
891.9235570124437,509.25240967192195,1525.798565901643,2031.1336493453196,1668.780973232606,977.3728939472657,802.0725452332771,669.8627850299897,588.5782657938944,488.6864469736328
892.8667058181672,542.5343428974093,1486.5440995389015,2032.0377206702965,1723.2863582577709,1040.6795122850306,794.0729927862081,638.2176724629524,572.1271252372679,503.0772997775977
893.8097552478866,516.825823265516,1480.9047628184976,2086.1873135275346,1661.7938009614281,1036.6333339729483,814.9945674571597,649.0139665238113,580.4351553597332,520.8014065214045
894.7527053173071,532.2512518028246,1503.0615874881264,1980.4929538056413,1611.7046332681036,1026.6269463612534,825.2884578515707,676.7764044459136,579.0973357629983,492.38224417714486
895.6955560421228,568.6636917665708,1459.0057941121297,2048.5835621082942,1651.2161137460143,1010.847017763694,811.6653393866114,647.3404547255183,580.6145924691957,517.8723637804146
896.6383074380466,518.0936817631417,1489.2692898558262,1998.3613439435467,1678.3034710396753,966.1747038285615,826.1493844331179,663.1199054227084,558.1009158761257,501.09060726512354
897.5809595207647,505.9489929044348,1466.0569243215118,2013.8363457731637,1593.5401351320781,971.0635198461101,798.7619927349541,651.3595302352369,557.7390472962273,520.888431671298
898.5235123059683,501.5183681874196,1443.3461698622193,1954.7369468722259,1582.547134260696,949.7257287328694,785.8437422779252,633.8086464100854,556.8038575939067,507.4418134809718
899.4659658093551,532.7662312396969,1432.855575700109,1986.3021966921785,1606.1769374342803,944.4044653583536,789.7939324477577,635.1833995371618,552.4618405276709,486.481549412958
900.4083200466048,509.1586532992174,1392.8143083494037,1972.744048593686,1569.7420257120662,945.5803561271181,771.6014340538334,643.820304847466,552.4076508767571,474.7560415898108
901.350575033397,497.2645031947108,1416.4207403991074,1897.0445023451762,1532.9059291396006,913.2830344107582,751.7699575857046,602.0032863479274,533.4825870888137,482.581496210615
902.2927307854152,482.21090248064115,1395.6673275049452,1890.6195749698309,1517.2001565854318,906.5957008020184,777.2220440389195,615.504973085046,520.4349374333749,488.0915232426002
903.2347873183353,487.49302641111683,1380.902625216974,1929.3322799294806,1481.1532072611956,922.8950641129812,718.4625046502548,600.5206434217588,524.8412824668072,465.8703518525592
904.1767446478298,497.0482414193399,1399.427489234213,1876.7515940892933,1535.5240315276037,938.8689004587532,773.1861533189732,597.6413378970634,544.3861691735627,476.33789802686744
905.11860278956,488.50138966381013,1387.6985041054606,1874.2301301012715,1487.171569339422,871.6204230896611,771.1624760217003,590.9291003997703,522.9722538537967,492.44091699980856
906.060361759206,455.11456739544417,1387.9519852318945,1872.555617469376,1485.265899210618,906.2972594786166,750.0052158158184,576.0197332477976,508.19488411111155,473.79097512873454
907.002021572418,480.5899284473956,1353.1363968990195,1870.1644961508284,1445.709047050772,875.5009147330628,706.1126612638989,587.9348100063426,530.815515231857,486.4988210102734
907.9435822448613,481.31391633311654,1375.6070571742775,1877.7184884106769,1485.5367788059152,892.3124251360864,727.9130216148984,591.2436379647543,537.7643139277413,473.3910535128183
908.8850437921865,485.54474382449604,1350.2674316092985,1830.8877865511931,1462.5434981326098,860.7831766787212,746.5373546023692,604.7149547834495,509.18181046098266,477.66572161233387
909.8264062300549,481.9369735685428,1349.8193674486497,1838.683566509964,1400.2891531817004,866.8927902382824,738.2443168010943,603.6582215129591,496.78102819591066,465.1137116575259
910.7676695741103,479.0106818640936,1333.6770436962938,1832.563687463462,1495.6661332063504,910.3190551608086,733.4229942234463,612.1796266146922,532.6757790023945,481.9920761495548
911.7088338399955,476.7125816330127,1322.1093220341766,1792.8753849773802,1445.9951280718617,884.0491118849216,726.466366604986,589.6964367393815,513.3827802201674,453.9175933220786
912.6498990433612,449.1385563506974,1289.1757243824413,1805.438284759177,1430.3335563783746,849.9083450943966,695.9179829170146,588.3221529341002,525.1466197331231,473.81649900732907
913.5908651998434,451.01364841581966,1286.9185941668027,1787.277280702515,1453.7048230120402,850.7084571869509,679.974625292122,578.3238467651429,509.2407933972931,480.62067128775533
914.5317323250748,482.5997440364249,1280.3666678517395,1783.6492580611541,1385.750693590306,864.7399495183287,687.4584108927032,565.3311287283834,488.50912865727906,470.78097479471654
915.472500434691,487.7365096276098,1259.0864021171496,1739.9533834401452,1425.917803800638,816.492507062719,703.6359706297711,580.9658223330886,490.68059318673016,428.8548384452022
916.4131695443248,471.84767769241097,1293.1758967462135,1778.7286937076988,1377.3644865419549,824.265030325747,697.0032085414867,557.0152045788005,498.2789791399112,437.5848795197256
917.3537396695973,461.57105780634777,1242.5414973858644,1769.3557215909998,1416.8478673169536,837.4495985516014,698.1992583273235,569.6604827356823,519.0239953813995,437.2265927321733
918.2942108261303,441.43907785690743,1314.5724415650511,1754.0625610208242,1327.2406711724236,821.485966078086,685.0588779986886,534.0146019107842,514.5250178994418,437.5411610546389
919.2345830295526,463.26536567910915,1249.3535440735554,1762.3589805940005,1366.3890048766987,824.1247031554678,645.6456254306743,550.0666657747738,491.54893537320214,406.6982262909232
920.1748562954743,452.22938052090126,1289.2932662798912,1738.5924348319747,1368.4089894379756,793.110706226721,686.646338026336,559.6704860442255,481.5315002090806,439.53179532269024
921.1150306395067,430.427334012618,1237.6005884988654,1717.8052332476366,1393.764700612287,832.5499227046784,678.3378619926747,543.6463152948486,487.03682465373333,427.49925691049134
922.0551060772597,432.8138181844614,1232.0050219652503,1781.0825971789461,1363.900880779928,801.1452165039692,675.1113958588326,542.2385306825645,492.411206241464,401.5496146135748
922.9950826243477,429.0168281230761,1215.547679682049,1755.246931498978,1351.6968557302398,831.5874134166475,661.1560707376173,557.3300803699321,480.92982330691865,433.9142804989103
923.9349602963666,437.06215840458134,1222.0101155392667,1755.1083535932853,1359.2045150384627,824.1463569915985,685.9719974959797,559.5571579574349,470.3807982829575,440.9819983902727
924.87473910892,432.20148167952027,1179.713589766145,1709.1604048235574,1339.8245932065129,769.1221821706008,652.2313268981851,556.9505457097454,475.4216298474723,434.1660338689726
925.8144190775964,444.3588547164565,1244.793347980537,1678.362031831914,1348.7713581349396,792.5870962712954,663.1050458903412,539.5085432539759,494.38601054546155,429.64498535498444
926.7540002180033,428.9221630172956,1233.7646657042117,1694.0953166312406,1377.06589179237,813.6761399115287,661.5412765987579,547.6855079259747,472.1088338931789,438.7373154890872
927.6934825457213,438.2221462810522,1203.6501617852898,1694.4589656200683,1301.032860958857,781.9830743637442,638.8305065786004,541.4478074050334,459.6463400992369,434.32683831410947
928.6328660763356,433.2187972892859,1236.5191232046209,1694.0214853643824,1310.341160410867,771.2460202863072,661.4843070717571,555.6079642364832,475.95787146132307,422.5340287462766
929.5721508254356,404.84073471658843,1187.532821835326,1676.233423028922,1308.0211357390726,758.5944243379882,646.7812690353114,549.4267114010843,448.21652772193715,407.73245425027835
930.5113368086023,445.43494776693626,1196.8057775854616,1645.1269129189222,1314.1774052907883,811.9807687155383,672.481703000191,524.3240745852705,434.8522600230134,401.18007174689507
931.4504240414101,414.81995887583696,1199.3290014720378,1655.438909958201,1327.0397758481636,766.2646462567544,616.4685499960354,497.39985809648965,471.4736106667499,411.939264716977
932.389412539429,416.67776390137465,1174.1864176299105,1610.0659218032379,1324.9200787647396,759.4288277557312,643.258299110417,525.1675964379076,453.1610704180848,402.2764586974101
933.3283023182377,429.2919305223606,1200.1094413269548,1649.434995273692,1317.4492356697333,743.1520308375975,613.4104696130619,530.4140297120722,453.14148221804726,405.4423788266739
934.2670933933988,434.1369607416851,1139.8485841499748,1667.6979284878828,1289.0233988541663,742.0490782721314,627.2992208073688,479.0806549153838,438.91820480271684,397.7995058778436
935.205785780472,402.2514764816189,1141.7826945262104,1676.8440409150621,1287.0136314031845,783.4826857836758,642.0736156666221,511.17467913934945,439.5146773908425,405.11787655155916
936.1443794950246,436.99483367233216,1168.5069731894746,1681.0435833609627,1277.5166253528134,808.9663660542517,629.1960624866401,506.7992600576281,456.1193340518653,412.13298317893907
937.0828745526123,399.3619358690859,1172.2897017018383,1720.6958050244589,1299.3594085692748,765.2844751941096,670.6987535409052,510.18965012940646,462.419083637889,410.8268718270501
938.0212709687912,417.4366610872055,1164.428580927468,1649.6867590334184,1299.1163823308912,742.2157566699283,641.9163300929109,510.0942265916882,448.0041053773441,376.3616578223317
938.9595687591064,389.37719043805015,1168.1315713141505,1636.9149209815819,1254.2346355387806,757.7069651767463,603.6781502860188,535.7523996199216,459.21634253136136,405.6411025693692
939.8977679391099,397.36682398318635,1172.9502635648273,1656.493025279307,1297.4266180655843,735.3680019737039,605.1465849575271,493.11786590684574,453.8599387181454,392.5792718870034
940.8358685243477,409.4045413407412,1143.2788823454732,1621.3946753797654,1306.4681051176567,768.2299668515074,616.4926193615823,480.9787618548568,420.8564166229997,396.0440201781063
941.7738705303528,384.5115783752409,1163.0523484518424,1614.187220109922,1310.5753550066997,734.7597487764504,623.4036728608485,503.4817449517387,462.5560076494234,380.7045330447929
942.7117739726746,381.61168650947167,1141.0189426633203,1642.8383104232755,1261.226623913804,744.1427886934698,624.8891366592599,486.5549002995764,414.0486798627768,388.28989102338744
943.6495788668401,387.8042433048841,1170.0825817651048,1683.6611742499513,1270.130359521893,767.9857987806795,593.6168146902771,476.4179893180394,425.9176824503272,396.3797671126088
944.5872852283827,395.7374401504488,1109.3934473282363,1931.2366683601035,1308.685683375225,779.137741878941,619.7039530413502,498.2305901174714,420.4117169943616,376.7572271935927
945.5248930728267,400.14552504256704,1135.0099371468075,6623.261830384669,1260.1739402406909,741.5018971167948,572.7201353689821,492.1221030736784,413.42049506767586,385.9223428728075
946.4624024157021,400.2014817583057,1166.3014611242052,11677.307521304849,1312.0891437647308,746.0899052779841,621.2651573962269,498.3461308561759,425.92871987133964,384.00285035380284
947.3998132725284,405.00610866618064,1134.2072479782946,1713.194854029243,1295.8294040187893,749.1662291759397,596.100540219942,511.48658793991825,417.36545001045374,383.13958167246665
948.3371256588216,399.4244416827233,1140.5366166532738,1636.5044067995937,1308.0677213401032,763.828256961985,618.0667308502804,465.6796808244072,450.5356261634509,389.95940751962553
949.274339590098,416.89759791718285,1145.281328218958,1633.4028893338373,1244.994876695733,763.5208854793053,616.3246948707327,490.9705196427871,431.14239055672215,378.9114842117448
950.2114550818733,377.4723839633433,1143.7982287934474,1661.6372278989384,1292.7006516131582,750.2026525502628,608.8876143328301,474.2115376423911,436.2746146309998,386.95661471619115
951.1484721496527,375.65864756093504,1092.9111786722417,1592.5277174938378,1251.8800773882042,748.4785647876564,579.1009881795774,488.26161748474175,428.6482804662558,381.33610822936225
952.0853908089376,403.95693124084585,1113.4831570737133,1621.5039347700463,1277.1472064991613,794.6693729328115,612.0846241518203,465.449204146361,406.79503614417735,385.98226685307986
953.0222110752367,383.8825404324736,1145.0289568072058,1640.4832700747334,1294.4216695863458,712.9247179460225,612.6992270941944,468.97965530666727,415.08481588634464,396.1743459143016
953.9589329640477,402.5911788119625,1131.2245094786833,1628.3206598427498,1292.828010832781,726.7432312356789,571.7550778902284,466.85455946739313,414.876825113736,387.4703833636259
954.8955564908612,380.3938561647169,1162.3706161850237,1680.9977834759109,1419.6661952884795,780.9677577493128,652.8244693330819,525.6901831878449,468.1770537411901,403.60090839757765
955.8320816711713,397.6014330317974,1185.7223397284135,1752.2790890867,1334.4434864349637,785.0857812536253,665.7041804959864,526.0884101184088,464.3741927775954,398.6131415127943
956.7685085204685,125.57072733408694,283.54680365761567,839.5010722577264,515.4475823633085,157.97607632352873,130.6340631136872,123.54539302224683,123.54539302224683,117.46939008672649
957.7048370542398,415.4504840127991,1202.6732837925529,1745.095187124667,1427.158753149102,822.7747971891621,658.2198377513297,506.869905922706,471.31790851329777,415.4504840127991
958.6410672879613,395.9962122959883,1187.988636887965,1768.310451838352,1364.2120152498626,797.0563147747898,644.1268312538326,526.6445790125676,455.7501164531835,393.97065622286306
959.5771992371193,373.9390524409553,1122.76624121231,1624.8316187282119,1264.1797407394733,741.2345176558023,567.5521658875413,472.6437769431364,425.18958247093394,355.90645854151836
960.5132329171903,369.02740746204194,1107.082222386126,1612.716176569335,1248.4320519795558,763.6685424343028,602.3969247773692,494.2500752897786,427.84411507810006,364.2841245897792
961.449168343639,369.5315267843891,1115.261386248762,1600.0334149427156,1270.5027235318944,728.5866443042722,600.0125306035184,480.9624253250425,404.7703579468179,400.9607545779067
962.3850055319417,407.9743004616915,1148.6192337764912,1592.8155515688936,1305.8990458703677,764.475207874478,592.8972310447947,468.97980333446776,402.25503456736874,364.1265952718835
963.3207444975596,383.37596125789094,1102.4443065027908,1596.446167029128,1278.8735424050542,724.7903745174058,608.4424459764538,483.5114735267431,418.6618084383436,366.2098734403735
964.2563852559616,401.4586746840445,1107.1105019196573,1657.3282104533716,1282.569875178242,757.1453389528061,605.5255544521812,451.9986028509195,409.0873430865917,379.52625302672146
965.1919278226013,390.92429706923815,1098.4019273750303,1615.1847786226572,1279.561967480287,739.8957427456801,609.269819090837,466.24873479721333,419.52851392796293,389.0173492786565
966.1273722129407,393.3346803052904,1089.7460828748021,1659.7963441868171,1291.163841871714,717.3132454842856,594.7524393022023,477.8921357332393,425.6375284463046,371.48275362166316
967.0627184424303,368.26161401748504,1070.704075716647,1576.235443031138,1246.7880351183235,745.0434196189223,592.6266590615569,454.4102178107785,393.8221887693414,357.8480465259881
967.9979665265199,376.7307518686604,1130.1922556059812,1585.884250921861,1258.6231937430246,718.261913284946,587.9282945829094,459.4973564458661,388.14683525861983,383.39013384613673
968.93311648065,388.9834267726371,1106.886662948607,1574.048131376529,1272.776653778114,721.7167991835448,566.3141066248687,453.81399790140995,423.3054938408109,372.77578399044387
969.8681683202775,380.9141536948458,1094.1759064884448,1637.930860887837,1280.8238417989191,725.6414627886813,589.464652842774,468.5244090446604,383.7710098475572,389.4847221529799
970.8031220608356,377.66397766300844,1092.9366626308274,1625.0995402468848,1305.6110742945923,686.6617775691063,595.1068738932254,478.75585047179356,401.5064004952691,384.3398560560414
971.7379777177556,368.97227173479513,1105.9633984815564,1609.3674281352305,1251.8361570743825,715.062542121696,565.3761166375543,465.26736074051684,437.61827577847794,357.531271060848
972.6727353064816,369.75698943459315,1117.8038219061161,1633.5674174251385,1296.045652710484,742.3582634032986,591.611183095349,459.8259996814812,401.99221415453206,372.6012739687054
973.6073948424382,371.59445256081995,1095.7759688046685,1581.4147546322363,1293.4528131336979,716.578560692732,568.3209274459599,473.28398305700335,402.9566442091756,376.34629978026777
974.5419563410542,353.942087246856,1073.2131385420753,1534.3816490031263,1267.7389505678273,723.0666768957218,588.3219680778839,465.913042461679,404.2341264535138,351.0953680464791
975.4764198177508,361.45791639983844,1072.040539453589,1617.547893600327,1264.6283531784372,715.3261652637223,594.8401931304428,493.3283898370498,429.76492422342994,353.8682488638838
976.4107852879532,340.6667940526327,1078.301056805252,1578.3273875715813,1293.0070194434659,736.6800140297828,574.4577311475767,466.62762546705153,404.60145848267865,378.83674296609297
977.3450527670793,381.430319002561,1082.1531857416016,1586.9030815645397,1270.4784309634176,721.7541123983298,557.3280099711606,456.95161023364454,399.5936675264925,386.2101475614904
978.2792222705356,360.89740907819146,1063.5971262251462,1584.8933837825339,1268.8694620764986,698.8806969450692,592.9028863427432,453.50864897391784,395.26859089516205,364.7164292800771
979.2132938137437,370.08597055765097,1076.7876042581784,1592.2303384457077,1312.0360506591658,719.1334621688723,559.432281075519,456.15247533850004,408.33775046025056,360.5230255820011
980.1472674121068,370.093702138927,1101.6964586867543,1608.190674758327,1277.2048122784104,705.8488133577473,582.8021958940319,460.70942817809726,412.0630910412795,355.78595592221586
981.081143081028,357.579282851109,1065.1297787054311,1602.4497117130816,1288.6168304873743,739.8847927078798,561.0951512823253,466.94528691461306,407.98274559341957,364.23634396801793
982.0149208359073,345.1228013365558,1061.9894465370053,1625.7850972052631,1248.3367442283686,736.8324270959525,599.9242083839304,449.7054684082394,392.6603772782302,374.59609842039396
982.948600692147,359.23812607948514,1037.7990308962903,1636.5292410287657,1278.2414803621891,712.7740596815181,580.6732672872101,456.1753981961716,407.7067621378284,338.3300869954939
983.8821826651438,353.96421334453714,1040.9592725777518,1553.826775246315,1267.4202477820525,713.6375269043087,582.328221953916,462.4371174339921,389.17033133848304,351.1096632369199
984.8156667702859,358.60544153878465,1103.474723032909,1562.2226415971522,1292.3148225666307,744.8692814941245,583.687580376958,451.1180155527796,391.0325293375045,344.29937339229053
985.7490530229553,340.4361819655991,1059.452655920954,1621.1246760266622,1237.7763702838868,737.1349262168294,568.3472393599357,458.68292304048504,384.30190849337936,364.27625073069703
986.6823414385507,360.2070793685538,1053.725776179476,1610.8460589361725,1289.0610680335978,722.3352631604065,605.1478933391704,466.8283748616457,407.27413773937815,354.44376609865697
987.6155320324467,370.2418639622008,1075.0512456194112,1573.5279218393534,1318.9866403653405,740.4837279244016,593.9296567726972,471.4798736393651,389.5252943768988,367.34934939999613
988.5486248200177,362.984542596596,1108.2101021980955,1572.2911354383057,1276.704253270786,738.4857935585918,588.2852931737935,469.8579755627025,407.2744337357032,355.281952833273
989.4816198166518,362.32930169993205,1066.6432116888375,1565.5725977194925,1278.8093001174072,723.6898084755328,604.5280327827744,468.8967433763827,394.2995342028672,334.2342488943224
990.4145170377124,357.61916953632686,1075.76498153204,1666.9511425541523,1337.4375446074014,724.9299154828523,597.0011068682313,476.82555938176915,396.3854751771211,360.52664245938644
991.34731649857,377.1190547746217,1065.434039067633,1636.4446387135256,1333.9738287143432,772.6578063120141,605.9110777227213,436.2559759603593,402.3249556078869,355.7909848387819
992.2800182145876,363.1154479265901,1029.4709241748537,1633.0537830953826,1269.9383351687925,744.5798147643643,596.8227309006188,447.1341818883277,397.88182060041254,380.4986342635013
993.212622201132,361.04312524658764,1073.5015590665207,1629.9893627799277,1290.1274342144732,734.6024121683904,568.0411837212979,441.91678530182327,423.62393362266283,358.154780244615
994.1451284735667,360.1004119171233,1087.9833778722686,1643.9784138723069,1301.1628217272055,737.4856436062685,593.4454788394193,437.8821008912219,388.90844487049316,358.1798763868986
995.0775370472367,377.20746971939747,1070.0375161427805,1625.2638172348527,1303.8676568106723,743.830035951771,612.9621382940209,453.22632203529645,396.45274878671364,354.113134838618
996.0098479375047,368.13436631158794,1044.0060544617688,1627.8441510340529,1332.5697113883,748.7316148160161,567.5404813970314,460.1679578894849,389.225397714856,355.67148411874774
996.9420611597197,382.2566219125076,1031.8054681698513,1563.515806920332,1299.0976925146874,730.9819612011111,577.6960977775491,445.4870405747269,395.6691349620693,365.96999892375413
997.8741767292266,378.6349897607332,1094.371029078854,1623.687290274981,1304.9384468539556,745.6791124879746,599.8273689832024,489.7141321650299,391.19176238034936,370.90774507173865
998.8061946613634,365.9980954300163,1072.9523113395742,1624.8389131327303,1336.85620120227,745.4803312179805,615.4546920520537,479.65013558986345,389.11376461506995,358.29287236833176
999.7381149714785,370.43915708578623,1089.187339795091,1641.4784467229906,1321.0726303345052,783.2142178385195,604.248806882789,460.88404219244575,408.92634223755624,334.838510820399
1000.669937674906,371.0704416492492,1058.2736231970796,1660.66070379651,1343.5641445689698,733.4665093378666,603.3508999283896,466.488555216199,394.20210554426734,363.3598870175765
1001.601662786972,367.8777677134255,1059.1007312591776,1605.1087864969986,1299.189379661624,740.5960323704487,623.4560063353842,488.8901913033681,394.01645120885314,375.62256282318185
1002.533290323023,385.4669103028366,1102.3001119186379,1619.154239768306,1303.2452681667332,762.2390782680152,621.1910359015637,464.68567382372026,404.7885599420765,374.8400030012546
1003.464820298374,367.9237421668183,1083.4919651211812,1564.4001635439515,1326.8431016724626,749.3669919198188,596.7896920186186,488.6336313291602,428.7615263046386,362.1296674870258
1004.396252728355,378.02467865499165,1053.0687476817625,1619.1414169942116,1361.6603220940005,785.9441660811689,595.0031294135965,480.2456376790455,412.7412307763684,369.34554062464747
1005.3275876282789,381.2950318357443,1090.793382213648,1650.66963149145,1363.9743797060928,755.8329365250323,648.6842060597978,503.88862435002153,427.6296179828727,380.3297279576791
1006.258825013476,403.70728665462144,1107.0636571984726,1597.4861128242537,1316.1435646067134,754.4219700490897,629.1667259796368,474.0429237090066,429.72183734596933,386.3642528603895
1007.189964899251,386.3944644447621,1078.040555800886,1611.2649167346578,1346.584708589996,765.0610396006289,607.6052953393884,517.7685823559812,412.4760907947835,373.8366443503073
1008.1210073009171,372.28824453289747,1093.6571547187195,1663.209819731386,1369.2471539183969,805.4963836257236,628.5385946659308,517.3356125327276,437.07606890615494,380.02410415955507
1009.051952233782,382.61993173743207,1086.0222304870547,1628.06713378175,1366.2236956483055,779.7330427073426,620.3080711500793,486.9708222112772,428.03189333253135,397.11311096991057
1009.982799713158,366.59430719324746,1080.4375755537135,1654.9943525267715,1384.159508162367,803.7991273815003,617.1165382303216,478.797314144215,425.59761257263557,406.2522665466067
1010.9135497543359,390.5077177859,1091.0960055258645,1599.8219406067517,1385.6725469822259,790.7054533828646,628.8821559380871,491.28390302097097,434.1127979356903,397.29073025364517
1011.84420237262,363.45003613808547,1059.4181904450577,1652.924366479059,1353.271411152446,808.0963569453177,655.3700119723989,489.1109528879555,443.6796983706948,403.0815560361214
1012.7747575833059,395.5862273436355,1056.8357544229477,1694.8155034232227,1370.9777584899525,825.1075477192005,628.2840081340094,511.93511773882244,443.09535758833687,411.09941272966046
1013.7052154016859,414.3477087053718,1066.5797489968866,1685.6639725919715,1390.258429679671,800.4222796402595,666.8560770693514,512.816223009472,448.4704611869907,412.3978371349936
1014.635575843044,385.0984169774925,1051.240880688559,1650.2828626535475,1360.486579170485,816.8754299522568,617.5189262139085,512.4920852200469,454.14384022345706,422.0523054753327
1015.56583892267,388.6992055142507,1062.3798734254833,1672.0851110026995,1330.8828158879458,809.3861261955096,624.2451081076745,536.0365602228944,445.8893629340532,413.90164776704506
1016.496004655848,393.8724653124019,1071.0226642977627,1682.204075989421,1339.748459597111,811.0280320225812,630.583996189806,528.7204275745296,471.4828033049934,399.6932406618463
1017.426073057854,423.59267113277366,1079.8220495238213,1648.8126626930161,1363.8326963016307,797.7500419731642,663.0146156860806,520.5246324903878,467.21205374370004,434.2551868821112
1018.356044143962,420.49681045021003,1066.2252458082337,1648.1541650979498,1369.7562767998797,819.7271155443175,672.794896720336,546.1625239180889,448.5299311468907,436.93001913447114
1019.2859179294541,407.48204870828044,1067.2148894740678,1645.451320498199,1338.8695886129215,832.4276137897729,651.0010825791813,520.0247097800913,480.2467002633305,454.0514257035125
1020.2156944295889,428.278439034141,1090.2521906919342,1683.7796164766912,1378.7045640140154,857.534682723611,700.1081332156277,550.5040209502771,482.05769507724085,456.63477403868455
1021.145373659641,403.59230671573357,1085.0198970401243,1634.8413003919932,1393.0758606202494,796.4611463448172,695.0756393437633,540.07279690946,496.2040679186193,461.1090847259468
1022.0749556348669,412.9960487747401,1113.038996697881,1667.6057950526147,1349.3156959969049,831.8501975321005,690.2794479521069,553.5904483576303,481.3405485719784,440.3338486936354
1023.004440370532,421.2953327038726,1103.3462062036756,1717.2892891970787,1413.7231372256972,836.7528547929109,660.6455679120774,567.2405980747292,509.83546036219224,466.05188075093525
1023.9338278818941,436.5586146461735,1116.3008871153834,1648.570338977049,1421.9895814873123,825.261810684601,676.8123488809804,546.9190698028125,471.71769770492574,458.04472095985545
1024.863118184199,443.05437753150017,1100.8047089328902,1659.9900796940126,1441.3905630264883,827.5553130984848,692.8823965800993,553.3300265646709,512.3426171895101,445.0061589303173
1025.792311292709,442.41581622024864,1095.2249317096823,1711.6576356432288,1400.9834180307873,853.3709521759463,721.6293535681389,564.3259522453839,492.55627539187685,498.45515294148015
1026.721407222663,463.46301419531477,1127.2363141869096,1658.4513368133191,1394.3166952486165,814.987927504473,724.6519162630134,570.4915492531311,539.0703279517538,475.2459721833312
1027.6504059893089,453.1876420013511,1127.5387519946469,1691.3081279919704,1436.5752050369626,867.8691444862476,731.6166508126387,611.161547709883,535.1366055876521,494.6557922498408
1028.579307607881,430.30816211719093,1136.3286477877307,1665.1054968882604,1393.3319208142452,849.7847686662145,735.5610917655415,590.8121219000333,525.8227884910297,501.2056167451949
1029.508112093627,440.2804793408984,1061.565155744166,1736.6618907335437,1443.1415711729449,841.424916073717,725.9735903798813,578.2350295343799,546.926195447916,496.04934005741217
1030.436819461775,456.5288667581964,1102.7078409063072,1668.7254294566192,1360.7883994162942,839.739393030601,732.2058269847732,597.3000804909165,545.4884532142903,518.1162727662614
1031.365429727557,471.4642795509677,1157.1415823833916,1696.0976363929003,1393.851863817695,858.808376443464,711.1089859617293,627.9669449620773,556.5626038682585,507.6555209272868
1032.293942906203,464.3601650409945,1095.889989496747,1646.2789851137572,1456.6245177075407,840.7362988110638,754.7074682350478,612.9554178541127,566.0306011762859,520.0833848459138
1033.2223590129402,446.0841569094775,1130.3401612717175,1663.2984756537192,1428.0549705876708,886.3116290455264,742.822852096526,616.9041294678113,578.8356784405255,556.385053475716
1034.150678062983,482.54936881402693,1122.3668517557023,1679.1545850026564,1410.5289242256172,866.4398585790321,724.8008738056842,649.5856887881132,572.4168626012546,534.3208598001472
1035.0789000715558,476.3448182122113,1095.2026353157808,1655.4934665735868,1449.532899682651,905.8360477478116,735.0156723643343,618.8578171035696,569.0758791346705,549.5535505194159
1036.007025053874,460.7672656995203,1113.8462927185437,1667.3527326584335,1406.7068429512897,930.320347906023,777.0566599508859,623.7929719957489,583.7686967972736,537.8872105941434
1036.93505302515,495.12384791608093,1135.7574657325486,1641.6236456546983,1407.245492795015,841.808199021029,752.9398160617326,626.9615588996528,600.5940167029383,559.5778399524938
1037.862984000589,471.2420452337907,1110.2969927040451,1682.0316479980438,1394.2130075343414,937.6058084258237,750.2797780223293,635.1523218368484,572.7103117023502,538.5623374100466
1038.790817995399,464.8739986309575,1106.2824271217721,1709.441729142951,1431.8903755299534,912.0945542759292,782.6359723787006,652.1966436489171,611.9860235141718,561.9679350538789
1039.7185550247889,504.68257426912186,1122.0612573556205,1698.2813615696857,1408.2113771353945,914.3084306661955,813.3719158123712,690.8761453587008,592.8795289957645,564.460510250513
1040.646195103949,468.83661841998435,1115.8115761978752,1623.7994779932235,1429.0218432007873,920.0551593210549,784.983231676049,642.0810473559702,605.8661102337585,567.6936089427786
1041.573738248077,500.0524106981915,1036.3831335450755,1690.3732471444748,1395.2442753402481,869.6989966456782,775.5714840436657,678.5024866728403,600.0628928378298,564.7650756120751
1042.501184472374,522.3528538215509,1119.6091357382675,1742.4902746349094,1378.8144198044333,945.1629939903156,781.5581378877167,707.6402812148557,616.9677103628129,615.9821389405081
1043.428533792023,514.3167746719434,1113.205714968719,1703.244079793128,1457.394761116291,931.2772191478593,776.8838470188056,658.8761740539237,602.8225293956049,607.7395157691416
1044.3557862222149,485.6321592346697,1121.2970180702944,1703.6607862582111,1425.3106462090714,885.3903390924771,785.6975584365795,680.082434375381,623.8201720250229,575.4543675483993
1045.282941778125,528.3970826155625,1103.1274915052509,1661.0990377000426,1432.3898526873363,926.6665254825164,780.7658384916521,679.2268468696317,650.6381987430434,572.7587779844064
1046.210000474948,489.01145269377344,1134.4273781114664,1708.5703792499048,1388.8321217193607,912.6893914648971,799.8405946894109,667.1937633919096,640.4664167871891,621.6582839912747
1047.136962327848,521.3900714351205,1091.4432162041855,1706.1869385248322,1401.2978872284857,889.8390552492722,801.4510240916994,699.1592576958567,643.5443167427773,636.5924491236423
1048.063827352005,527.1075565141549,1135.9217664010143,1720.821833837326,1456.7698442791955,907.7409905187053,820.0558015333638,705.4672022911562,656.6424947879548,592.8714482531609
1048.990595562591,504.5598051764152,1151.1512090540652,1656.7042421934261,1370.6545888650649,872.0541514663239,809.4807898007448,677.3814707289669,611.8284251745507,603.882601470985
1049.917266974775,516.1451022356973,1148.5481304118623,1720.81774861882,1414.137357775862,920.0411725288741,840.8655160694176,704.563120139214,640.4208161720594,618.37189918335
1050.843841603717,532.5131780560487,1144.4009618978102,1712.080104542466,1422.7144530704998,890.2012750144512,838.9594408996238,683.2244548643644,673.1770364104766,644.0395228942023
1051.770319464577,521.8497790309737,1141.6713556578006,1733.5009901143837,1453.581568411946,912.737257194021,789.7726540890214,674.8057487469487,652.8120798989,637.8163965934123
1052.696700572524,568.7940298997179,1121.565692760007,1665.3247741606176,1395.948728310223,880.2287892286128,788.1001787518978,708.9897414947188,656.9170486165756,652.9114568567184
1053.622984942704,511.4363728328175,1154.2416963344567,1694.7597452695325,1412.9683320028232,911.5601233431983,819.3010129498273,697.9602264541979,662.8616518480243,639.7968742496815
1054.549172590265,529.0754668346638,1163.3648049148571,1712.4810091296217,1413.8740221661185,869.768002296379,838.7048593572226,678.3789603164155,664.3504441503449,636.2934118182036
1055.47526353037,502.8214407973258,1134.8539689708568,1723.8161346856527,1436.3465061820025,907.4825206421856,807.3188870172203,717.1716167547515,648.0587095535254,626.0227101560331
1056.401257778154,513.8145036823819,1121.5950839136817,1724.3774685838691,1458.4734647326752,888.6791707658316,802.7102071146938,723.7387172491137,666.7592878524293,629.7726407001957
1057.327155348765,513.9656178681249,1103.072407939192,1710.2130793389656,1432.6916833360988,927.743006132327,846.5905401531493,743.3966636611086,663.2460799779702,633.1896110967933
1058.2529562573359,521.620314020719,1146.7606518258967,1675.4163072688605,1441.2399427855703,892.4833118504787,815.0945562057864,696.4988008022317,671.3725814370719,633.1807280020288
1059.17866051901,517.2746642313205,1106.3099755236333,1703.3186920449452,1344.5154567399832,881.061277804407,787.373766363667,722.5898488780488,673.752741850429,641.8591209344323
1060.104268148916,528.6143035528063,1122.6855377519262,1668.1599598045404,1439.0607025424424,878.7097053429387,798.3761995497355,718.0426937565323,669.4458816100266,629.7750145516547
1061.029779162182,561.9938197271922,1142.9200553671799,1706.9067609799295,1369.112603377947,883.8448902447154,818.0796560213206,711.4602611439987,641.709255149489,655.6594563483909
1061.95519357394,510.10555218298424,1085.7110390820715,1679.1801445400959,1409.2410196494895,889.2112349337624,808.824951418545,672.8629657199675,687.7493145190818,623.241803056253
1062.880511399315,509.5169393921835,1087.1669578891358,1656.917488953651,1335.013376081845,860.0566942065733,794.8859228889685,678.3684832605234,634.9213023821202,622.0846353044101
1063.805732653422,530.5408986021598,1132.4816938386289,1706.6558626062001,1385.3563277518078,870.6820728461613,801.2655066739161,704.0823140327728,654.4990524811691,630.6990869363993
1064.730857351377,535.1422943112996,1134.6998647896999,1695.60826956784,1394.3429779555527,883.9757898623689,794.7854074771523,703.6130165944865,642.1707531735594,614.4226342092699
1065.655885508299,536.0434766249482,1139.463952160241,1684.424972758617,1380.2376394427963,896.7085884391462,778.798840346043,704.4859739008099,671.7883126649073,640.0814896482746
1066.5808171392998,539.7440002033775,1102.224469279791,1659.7622277316316,1401.7527331289182,847.1806010518214,805.6618318054078,659.3575973180454,652.4378024436431,614.8732016968879
1067.505652259482,509.5336778212856,1093.2712893058651,1691.8496875231037,1383.1613234838005,867.6913309694514,791.5086257418029,671.7929460983552,629.2493574647333,619.3554996429607
1068.430390883954,492.14502622035536,1139.7563886914065,1667.5497467909024,1384.3435546399533,878.3352882443767,805.0581616039213,695.1424716432384,646.6211310299639,635.7285851780043
1069.355033027816,504.3155603324212,1090.8672532927226,1700.2072721619545,1380.1799126582766,831.2784972866432,793.6282196979753,679.6865901533221,627.1743608849167,629.155954442215
1070.279578706166,517.482909699903,1087.2069512361772,1638.2030398499787,1362.212154676697,854.5860623044113,769.8174332869033,695.8913033297744,622.9508551054071,636.7503993640711
1071.2040279340981,479.63180086162686,1056.9663759728444,1689.5671668212042,1342.1795250448818,838.8622031530512,815.1766821228473,655.2994151689717,621.7449270428497,587.2035422071358
1072.128380726706,508.80571908323725,1132.216221493961,1656.829496898231,1373.2814553897083,843.7283186351158,749.8709529789846,690.5926167751123,642.1819755419499,601.6751124693038
1073.052637099081,528.2793281286883,1111.958735611696,1654.0880835789642,1375.109112544713,845.8404972846977,768.6761010411814,675.683110696431,619.2937442107844,597.5294273215876
1073.976797066309,513.6599086905211,1072.6717478988232,1632.6694986401208,1308.304604284686,870.5598836347987,757.1800573403459,660.5607271068121,623.0960888529929,590.56100826415
1074.900860643462,537.3681384942181,1048.0654318793484,1657.5436330759155,1347.3715825480028,825.8083893036146,746.7836630544649,668.7467458834295,628.2465736807403,602.5635376497667
1075.824827845634,483.26986475634095,1099.9577903349846,1642.524571012349,1304.5321502625154,863.7584085829079,754.0591141290146,651.2777931992407,614.7113617146096,596.9222869383025
1076.748698687894,518.084876897802,1061.8272905562571,1649.976979377381,1387.4806417491614,827.9489746995351,770.7129311565399,666.1091274400312,604.9257705492431,592.0970021689167
1077.672473185314,489.4893450621583,1058.7546196012477,1624.0803420674024,1317.780168396716,820.4117191886878,769.1975422405344,636.2376597789823,593.8874749949325,541.6884100285454
1078.596151352969,510.4663776125666,1078.0892222165016,1606.2938137229412,1306.7150901819755,816.943295445594,716.4267500469805,665.1830210202363,596.2010780996193,568.6083009313725
1079.519733205922,503.26207491486485,1044.8585656923854,1645.4310808739917,1324.9946816117927,791.2616607548168,709.6781603291649,626.1287924233768,595.6578464812658,585.8285090805849
1080.443218759236,483.2249395295189,1092.8921046154433,1622.1851418283038,1303.6291472094526,811.5826570597194,738.0697352245999,623.3895771618135,607.7068205036546,543.0154492887494
1081.366608027973,489.5148393690196,1142.5276350872919,1584.0700201981474,1320.711036617615,796.930158492764,722.523902908673,646.159587967106,577.6275104554431,551.1937091295162
1082.289901027194,487.0476125274303,1039.6217110776274,1678.2604479860852,1307.5956986931212,800.0099338301968,741.329498585928,617.1225773188926,585.826345188616,559.4201493286951
1083.213097771946,453.29878789670164,1017.7288915358205,1610.4292421620453,1346.2486582480537,806.1894571840263,717.4793718106934,604.3983838622688,567.3546119481298,535.185020549009
1084.136198277287,450.7608504540811,1075.1914658017258,1618.641235721473,1288.8638169909982,816.6381641343418,693.7033867377742,617.6009054922799,570.7686093412066,539.5470785738244
1085.059202558263,445.5323411038899,1067.522786671246,1633.9435529324278,1290.7764105504382,805.2728966122824,682.434658146002,634.6642320757819,541.0731932443301,507.92636699152433
1085.982110629917,466.4421779662431,1042.4053704654405,1576.320316313593,1312.2964419930781,777.4036299437385,732.4217846891322,593.5647841205652,550.538671268333,571.073861493262
1086.904922507292,450.082405247102,1071.7648560677178,1615.001571769013,1318.8689216935777,776.612777681274,674.6333220261572,618.7407357536413,557.9452910361679,517.741851787516
1087.827638205425,472.3135433421198,1057.7855397766223,1596.026181876913,1321.493934809306,808.83694297338,679.9347051029266,580.5520636913556,541.1926017461789,552.0164537811024
1088.750257739357,440.96018126570635,1084.683303024126,1617.1820933472222,1283.5090990412525,795.3031840685061,691.9531415843562,586.6345268624129,537.4202209175796,511.8287818262663
1089.6727811241142,427.03884611455595,1067.1039988359112,1612.4907930653555,1286.0477028484547,758.4131008362436,716.9913189960328,614.4230972964627,527.6346020122112,507.90994399306305
1090.595208374729,461.3926750749117,1079.8551969838359,1597.2040049933646,1329.2035788328308,769.6422494866613,705.8326242103437,577.2316871149959,542.8726581200557,494.7700175271394
1091.517539506225,467.11662296473617,1018.6282660449499,1588.7853205460249,1337.5629350859988,744.8351193912495,693.8055723446817,568.1943796146686,527.9595444433363,513.2394827952878
1092.439774533632,470.5031434845705,1026.4630165790734,1602.068114871262,1284.7977279286392,764.1992601899705,643.381125224204,562.8357019136929,514.7049001793631,512.7403776595946
1093.361913471959,438.9882896544535,1096.4908395610123,1617.7894335256758,1283.648793409228,737.8530850665256,668.2812802328957,564.4135152700117,496.80147958662485,473.2842497837077
1094.283956336229,446.7377806439459,1083.3883182576749,1604.9103969829862,1330.3733027106055,754.7310082685166,678.9627062650279,573.6742865978424,508.7300277377093,486.09793752887504
1095.2059031414572,435.9342090011903,1061.233504265341,1626.3699335813637,1321.6104978769117,786.0623632894766,680.5307787575143,566.1227058069757,504.97356336789466,472.42643916644835
1096.1277539026519,441.7603582821431,1046.2226342351648,1642.7963323617198,1274.9913912027032,1302.6014135953371,679.4037653044567,529.5207866015867,498.9525475240277,464.4400195332353
1097.0495086348199,441.3733030358932,1055.7570767495529,1606.2449379969921,1299.5445581591332,813.9356234158564,670.4155738763455,552.4538893233229,494.45606108475334,471.8467382120907
1097.971167352967,425.35187579914873,1070.7472162149472,1630.6792467126718,1252.479541902805,745.5937037680228,648.3423511026285,549.1263246460142,491.16844780502163,434.1929078596391
1098.892730072093,439.2833941571191,1086.494261548608,1619.491446459246,1302.231217345771,725.3056930194211,678.4487976426618,519.3305904257497,493.9497720966717,450.997618001309
1099.814196807198,431.5093478434974,1045.1682398105477,1653.956823111193,1286.7355496642438,741.2609790268657,655.5435464981348,533.7858298380057,479.23837277426793,436.37965650990253
1100.735567573269,427.27709692899106,1042.944550231219,1622.6818840189637,1310.9638201230407,737.0529922025096,635.089139526273,542.8361299620591,471.94697524429466,420.4795067505753
1101.65684238531,413.7993597126118,1070.036461939201,1626.961717834763,1310.5269133486481,751.654366348556,636.7641911812897,553.0306736865024,485.84913058021954,448.8505995941507
1102.5780212583009,437.006605956461,1067.1545243668936,1606.5845535944002,1292.4860555631938,718.9148852453387,645.7552971945919,506.26434931116796,473.0986693948294,423.35014952032157
1103.499104207229,403.0468884375097,1059.8278955039602,1588.7659427996753,1297.9476068326585,730.9494417426024,591.395676496685,503.56463543282086,440.1311057755857,422.56489756281286
1104.420091247073,417.91389310262844,1096.1675884659107,1648.166266943387,1313.4436640368322,708.5940482583208,615.6155474509444,522.637046643568,454.1265723644487,424.76494053054034
1105.340982392823,396.90007752175836,1080.6685279057779,1626.8973474654254,1310.5561965693705,734.8545989759289,618.9283387096727,498.0899487711176,451.9159298515071,427.35528149001215
1106.261777659445,404.87248038697885,1113.6444012581308,1741.0496977415846,1284.2202162395697,727.3980156105044,638.1888250167633,512.7077657200725,443.1049906414394,423.4985751263314
1107.1824770619169,391.8748289410792,1061.9807864303248,1604.7274245137194,1275.5525682032128,727.9074947580547,629.9387875227849,510.41696469575567,463.3919852228262,409.50919624342777
1108.1030806152048,408.8567385616689,1075.5775592377718,1612.8761029591017,1312.8517336548553,741.2366771046084,624.5605334862904,490.23589755595793,468.66551806349577,400.0324924056617
1109.023588334283,379.5776922946846,1100.4810613814886,1647.7791293412665,1350.5903935136453,736.596503651959,575.7418743591211,501.19948517463524,420.7721705282163,414.8872450662832
1109.944000234107,397.11881916118193,1062.561164782622,1563.1065068703033,1281.122873608432,721.0584947422934,559.0886569517377,471.27368465565326,449.80780253883256,375.6529370443613
1110.864316329637,406.2611033353125,1094.756482785782,1622.1146457691204,1310.5826939326669,727.5589470788649,614.2746009565182,473.6457574942946,427.74606553092997,405.2845141446026
1111.784536635834,402.1001158223653,1084.3039531035142,1586.9290978814709,1271.6904148459757,752.4737604345719,611.9339141277258,478.22586590524025,437.23507739907683,365.9891830907451
1112.704661167656,384.9720185610028,1125.6776745264765,1647.0954718179612,1308.9048631074095,737.7818178498205,612.0567788767336,484.3825144932111,417.13423783318785,376.20050421404324
1113.624689940047,380.97260742557484,1085.4309070897452,1622.3002336664504,1311.4811498588842,690.8173367384464,573.8947973750986,477.43370240033676,419.9467872133574,392.66486136190963
1114.544622967958,390.0730177528137,1122.3153493238851,1660.9876119349135,1301.2210191202885,706.8240396874294,576.7997004364914,478.0594127346514,418.42418946918366,376.3862452000834
1115.4644602663361,386.96368065541645,1065.864517855932,1608.5933256612502,1306.859620238799,685.758421414662,589.7522424166094,486.8884792044101,430.0684957157667,359.53334379883
1116.384201850124,409.00038466555674,1093.2894897790843,1665.4967587102237,1313.520466137461,709.8516291551249,571.2240949295395,466.0244767583507,418.8321246815557,368.690250599961
1117.303847734249,394.66819987152644,1071.8046624939957,1732.2095555458516,1370.0202848408098,726.3469613595673,617.0996541632096,473.4049978508833,429.11554898749506,406.47871956842994
1118.22339793366,384.46069254410014,1136.6663953477741,1656.8190970250862,1276.2915061949923,722.7074399486281,595.8649096719301,477.87185825174595,439.52411654018607,404.1262011141308
1119.142852463287,390.6406176038647,1115.1370011298293,1659.4883379412297,1308.9887361813712,729.3916293605995,588.4085493231145,467.98550179109606,402.38920760698846,379.87107676766794
1120.062211338052,404.7989551605764,1080.4416556822148,1616.2624948802722,1337.5965474871218,734.3092157623016,568.0874225804224,488.887627005527,405.7767304145874,384.26567482634425
1120.9814745728909,396.24998136996726,1065.7758119606015,1650.3909322576715,1343.931587060209,706.6132672705819,624.6305125043818,469.44886955407446,433.3374180499149,381.6102037331458
1121.900642182722,403.88991889091596,1093.6246354510067,1637.998004390937,1306.3009695529865,695.5881936454664,623.3953095925007,456.5712126592963,406.8166574336037,366.81789735020385
1122.819714182468,414.7131323677235,1090.215137571888,1641.2051621360974,1312.7680478496025,728.4441072085546,608.8341730504877,482.36137381777775,417.6543602568563,405.88944870032515
1123.7386905870371,406.80100295730114,1110.084092815686,1653.7987505213282,1345.4967797570782,732.8327995163003,572.279377041627,515.1499383696573,427.48579971784187,398.921080381857
1124.657571411357,414.07207572606296,1113.3719470829055,1651.370582289928,1372.0440513963367,757.3289746058633,602.9125473160964,500.6239585381616,429.80878169189907,384.56575204012023
1125.576356670328,431.02615396612657,1134.3824688472148,1656.5118780834546,1327.3646332365943,737.6424862193029,604.4162204479547,480.98600363038213,430.046549070749,399.67879731404463
1126.495046378863,414.07960258039736,1123.509822167192,1681.8304237507134,1392.3671944587295,753.5856274448938,610.3258597275051,477.85963615320736,433.7042282951081,392.4925142942155
1127.413640551862,415.8905561424534,1125.6380545357954,1680.1587960590666,1352.1324419185398,748.7982548386427,600.4053803464997,483.2531110105973,423.7007074315136,398.31771574206806
1128.332139204231,412.9720965244164,1117.1674403620414,1728.8336587991487,1346.055276879112,728.5451136798666,598.030347325452,492.83934160696856,419.790032080244,399.3362254127611
1129.250542350867,395.7106876001937,1144.3525290059654,1653.8178860145686,1339.777217476823,750.5863656691635,578.4959683590055,474.4639202675541,440.4347456582008,399.5997361269769
1130.168850006663,424.2008770810703,1117.1926324969202,1639.135647154274,1334.1801779162695,752.6144593373829,622.6174163609257,488.7106878814174,438.86219771751286,387.0588648020826
1131.087062186514,428.67679396120207,1172.49954147379,1752.8770273619016,1373.1359404738962,755.5673172101552,637.1429060930195,495.2293555807494,434.54907880998564,402.2515121416759
1132.005178905311,410.70034319560057,1123.8166160601706,1678.8961772912794,1366.724895052343,737.504654289487,649.7064811597862,507.27833363827153,422.4067662795607,387.2874970276804
1132.923200177935,390.79542820995704,1090.7275384367456,1733.3041007421725,1290.0137642652064,747.5663788394452,624.1061316188866,518.1441871539977,415.0986264817205,414.12649855085
1133.84112601927,440.03508559999,1131.3790978648633,1735.6939487555162,1284.9024499519708,770.5503276728714,617.0269755857638,483.06073841421124,447.8579315662121,390.16444256532446
1134.7589564441992,409.7119175185658,1191.091074500402,1674.9413389985177,1386.191987604481,776.5016341542342,626.2739310640934,531.6499882086151,451.6586138359428,416.54044947720854
1135.676691467597,430.0542146828879,1153.283085876458,1720.2168587315516,1378.503351805194,736.8197493099592,625.1803933539048,506.74559833965577,458.2067479239799,397.0477964002284
1136.594331104334,446.7263329882143,1099.3352368318665,1734.4635450368496,1387.7650648699093,766.2327754950024,662.3203458651351,495.28354309562894,464.20692862688355,419.53429532806217
1137.511875369288,437.14467332395503,1126.8618245684174,1712.6356868225173,1340.5769981934623,751.8888381172027,655.7170099859326,527.4879058109058,441.03040375350133,422.57318421315654
1138.42932427732,426.4310621622664,1131.3477159407068,1761.808152516212,1377.9235001841944,769.7032323835921,651.7336414906295,553.1033277932345,436.10070076005024,413.8605319851475
1139.346677843299,430.73464097964495,1098.615320251454,1703.5797036498318,1368.6714210004898,786.9376699246097,619.4835285999388,491.71505082620143,440.414071114019,392.0169204421488
1140.26393608208,438.9938106097475,1137.3047615575538,1715.1837821610932,1368.4563697989695,782.8075472377357,661.4043916487568,529.3177583679478,450.6485135462895,423.4542066943582
1141.1810990085291,432.8201010700989,1150.2876559971096,1752.7264453244093,1412.5142487625524,785.7049582488731,647.280511510238,541.0251263376235,454.26614211411277,415.27334021590565
1142.098166637497,477.2593078819096,1181.9243800511094,1728.4790066643393,1374.1944897704063,787.6242565658508,640.2497054612121,551.4345786365623,451.88355736058105,419.67587400658715
1143.015138983832,442.46692688303096,1196.917185803321,1731.6056007728373,1377.4358433343136,799.5799233030382,657.3233725313321,539.593813271989,460.1263607719324,448.3534048459981
1143.932016062394,447.6924468163096,1180.7273322627946,1755.3479672973544,1382.434918191022,813.7179198177759,687.7736710430778,540.1827545102285,466.38729624380386,449.66032570341423
1144.848797888019,444.67931188707297,1188.0969280154616,1780.676187248235,1435.9028000582578,776.7195910274205,664.080558280695,551.4415255339694,451.5356008368737,415.2952163879272
1145.765484475553,459.8430292048525,1192.656707661096,1805.128486985006,1426.4917799588827,795.4306015820108,655.5209139728748,535.1790148405411,495.0650484630965,441.2536301518903
1146.682075839832,449.13318883960244,1219.4942453492683,1777.0052254088619,1397.1947678901545,761.5736680323694,669.794277269494,553.6054740696839,483.3063662513113,438.3930473673511
1147.598571995699,480.65208475760113,1167.1592037952253,1808.0286501386936,1353.593951822416,799.144779304052,671.941904348,512.6955570747746,469.9709273185433,427.2462975623121
1148.514972957983,451.45843788920735,1210.0248689348068,1745.7684658290807,1416.3781892575562,807.9749725313281,675.2500669716256,551.2443157917575,508.6173388236778,442.73928350937285
1149.4312787415151,467.05032365441105,1200.1542620308774,1717.6965125668464,1389.4989878367198,826.3198033885734,677.7570185255279,531.1362308502346,474.81831240541993,452.48534474626933
1150.347489361127,440.527575140927,1178.6300685889703,1717.3768161123114,1416.8844966453216,826.5969952975452,716.7082182756362,591.2599684010676,480.3987243258674,467.75665263308144
1151.263604831638,456.5688232423345,1215.5657131622836,1725.7911288796788,1420.4363389761518,771.6793572322363,663.3905978734774,559.979710557906,506.32311808284527,463.39784410279674
1152.179625167872,472.84588652576235,1214.9104455040808,1757.2636983721395,1454.75980823454,815.4878332835611,707.8003643025386,582.4913094882579,491.44644934975713,470.8879325442892
1153.0955503846421,461.38757518559504,1233.6252539919935,1790.8094019915468,1422.285851472544,810.3608047221574,690.1263306801485,571.8468887363837,502.44324924872,457.4775109891069
1154.01138049677,483.9919088371308,1219.2685056967719,1782.459090525433,1470.5531937192823,817.4085571471543,674.6553880760005,561.2350619646729,473.23653308519454,449.77025871733366
1154.927115519062,483.11310968360834,1224.3410864360799,1817.5182715113167,1446.4172739519322,822.0715011551722,733.4358298220909,584.4110197785584,503.56749537585785,454.866577060978
1155.842755466329,500.50308445360923,1225.5036689242743,1797.9237014352952,1484.9877923206116,832.8760065567827,726.944285769514,551.0393182236824,522.8556493903724,449.96685068353605
1156.75830035338,493.3239518109883,1220.6854476897881,1794.611541233674,1466.376313453922,833.212501287063,711.8237336170363,589.4638558056495,507.8906039313915,469.046198276983
1157.673750195016,504.29635354714753,1199.2767409691282,1834.2448943797401,1453.8447658883217,847.9147902251464,692.0765696472371,567.21240533326,498.4887179976602,466.54672247548007
1158.589105006035,477.40933627230885,1206.5435953063807,1783.2926520555538,1422.5833757609205,828.473979510936,711.7739195332605,582.5358365827769,520.810185024337,481.2671894947114
1159.504364801232,497.72577726590276,1226.4349734959817,1821.7729905751976,1473.8481753990325,863.046833200876,674.5875583137866,558.6126199217316,510.289728925042,466.7991270280214
1160.419529595405,500.7359757202665,1222.6141041418957,1838.3050314866591,1439.8594788220892,791.0459382973859,720.9039339163369,584.5167031754083,528.0134218684522,479.3036966038348
1161.3345994033439,498.08152195724824,1222.2979031984135,1871.4609044186236,1477.6743391138716,893.817525704103,738.8371695569358,571.1854635361008,514.6517487151215,468.8399453257073
1162.249574239835,504.32025963943335,1253.4561792980091,1808.698096221424,1450.2879699533996,873.5022749483,712.9032019757427,581.6820082054824,514.112886040199,493.5483705985911
1163.164454119655,502.1016791897746,1216.8581872128655,1882.3890404134295,1414.7453195994237,840.7741843687598,745.2764140130575,589.7233447738726,522.7764542152358,478.47336487496165
1164.0792390575991,528.2811192908135,1275.3652394819267,1834.1999309705297,1451.7874789465827,865.3560125696534,731.3145345406411,600.2298538210922,533.2091148065861,505.61233991826
1164.9939290684379,512.6085658473728,1267.7732921627555,1818.6801991366563,1495.5993214282546,842.5635047836129,738.4705776192038,588.2232393535945,517.518609581543,491.00437341702377
1165.908524166942,518.9315616184568,1244.847167663179,1816.7509491821968,1492.0508605324628,822.0503754938882,687.657891672095,577.7895837301911,510.1028583016967,473.8070779994606
1166.823024367892,521.3526263137999,1233.5399875424623,1883.755244133824,1461.7547220798238,847.9357809103687,759.404202857082,601.0310465617579,517.4178895114316,469.2173636824199
1167.737429686054,516.8111384433932,1287.1151927012268,1839.2974356768675,1478.7086755842336,899.9981042094073,734.9329497255859,598.3611850038527,525.6539145764551,504.03823958452614
1168.651740136196,518.4121967062717,1274.3478523597137,1867.6637124684125,1473.4339050872172,877.1613214231595,700.7434826200746,599.2293072194168,543.0515596675965,496.72955730030606
1169.565955733073,552.1475850284614,1310.364536612188,1869.413966453505,1473.0508786295024,881.4641803847223,733.5675058235273,632.0117892915067,552.1475850284614,493.97489303439136
1170.480076491451,496.49921903585533,1290.7001610394248,1877.2022265538913,1472.6839385346386,865.4119853712618,763.5406316647019,619.1404603913256,540.0170788716674,501.444430380834
1171.394102426089,537.6261882135651,1292.4850982329804,1887.6432401668162,1556.338541156981,859.0115848578365,751.8831193097461,632.8514909229789,543.5777696329035,516.7956532458809
1172.308033551733,539.9884888458932,1256.9897788235894,1940.1796348772334,1513.5588950708095,850.2581177960197,752.8016317796339,611.5891724497686,520.099410067039,496.23251553241386
1173.221869883138,552.3986597112314,1278.351655956512,1897.1968330836366,1547.1129428178112,888.5982030543327,757.688646354364,586.1177879521324,569.2582238316819,538.5143127885074
1174.1356114350572,528.8538351954488,1273.4243663258833,1909.6395064106339,1518.9636469523418,884.7366791803561,791.2925804804083,630.250623146456,546.7473860103324,502.0135089731234
1175.049258222225,545.3591315260153,1299.7062514105403,1879.8967143296404,1520.636410532393,877.74955110574,744.3953109150721,623.9784223846927,551.330216907687,511.52298102987567
1175.9628102593852,543.657845340524,1327.9511304219357,1865.6673599663884,1515.1120279981817,880.3494071178977,724.8771271206987,646.6458524724266,581.2880787156422,506.02761196540575
1176.876267561282,530.6379100194379,1282.457603093707,1918.2312485562484,1526.4518570465698,911.5069893604923,752.811539635053,622.8796401723495,567.3362327684457,504.84989943905396
1177.789630142645,542.0918541727101,1319.0571442484043,1944.395279500653,1514.2894939230366,855.256435376689,775.9742629199854,629.302243875084,561.912397286886,525.2443925256606
1178.702898018204,561.4481024844646,1359.9741139685527,1940.2694142395983,1557.3737118385325,872.922844852171,762.8155314674085,640.8047247437528,566.40789137567,535.6572002501958
1179.616071202698,537.0854210861239,1302.0853197549202,1909.526949138304,1513.1539446466995,908.685112797003,775.9001562923155,618.3418870069028,549.967543732101,504.38464821556653
1180.529149710845,547.8003969664412,1333.2129443411936,1927.740416910943,1519.1270536564832,903.7215260299366,773.4822301994398,628.3300378998019,541.8352383787849,536.8642728890712
1181.442133557375,548.491861798934,1316.7764913223505,1888.0396759035507,1535.5792015345605,857.3898056279365,744.5232492288778,607.8953125352806,552.4520918480238,511.85973384485357
1182.355022756994,560.0984536628398,1336.6888628194724,1990.1370587594522,1562.1185595951188,899.7326223732853,756.728761863624,655.4343606692806,554.1399594749373,515.4097472535707
1183.267817324439,549.8127282562948,1339.3636191036226,1939.6996791456309,1511.7373393137043,903.4760507562899,768.7471659943869,610.2425956862659,580.5229887534932,504.24266429271
1184.180517274406,584.5671792377339,1308.0807168681379,1914.4823238532913,1512.530358503067,896.2040116327227,777.1071330104339,633.1984046751684,566.7026474443905,503.18431217916986
1185.09312262162,545.1538793469213,1355.4642735123086,1966.9072815638465,1562.2467794714858,903.3130523479838,766.777235016087,639.1459275101835,580.7719186508943,512.5040099849459
1186.005633380773,537.1319733574901,1337.8564891959707,1946.6060590011261,1563.6508557740267,874.3314899652478,768.8944729728515,611.7336363238081,558.0204389880591,528.179773801532
1186.918049566586,535.0803501741195,1361.2044048354705,1969.2957186782082,1553.2332407858087,918.1378718875546,794.119248669628,640.0961198344608,556.0835041061878,516.077496616534
1187.8303711937551,565.420389739969,1374.4527559104565,1977.9688456683668,1578.9665139015092,907.2791714799148,758.9064450942492,627.5765318745047,577.4506107982662,528.3272081435526
1188.742598276971,578.3800488366397,1406.9244786579852,1942.2762539652556,1575.0349426797077,919.6042644997784,769.505635908955,641.4214728447856,562.3695284536186,504.3313920651669
1189.654730830938,595.9319410546773,1367.7291260968225,1966.6758999055708,1587.8119171439967,911.4844359807627,758.7329097745048,668.2879271523784,593.9220525519634,499.4572929244091
1190.5667688703509,576.0264646048387,1396.4885072332959,2033.6238663440392,1616.8812415168863,926.6512691469145,785.3995621742497,670.194269253282,578.0300349165077,524.9354216572791
1191.4787124098912,578.6586754459593,1420.2534788054008,2002.8960349773217,1538.773930402766,910.3167458822835,760.921218658714,626.4652441575015,556.747331453169,520.8924049195123
1192.390561464246,595.0594950944854,1342.3666536496,2012.0573563228254,1645.866897803142,895.5744909448778,758.2530689999965,632.8726402677136,553.2660188503911,518.4381219803125
1193.302316048106,572.4913536026113,1382.3571708941104,1992.74864895125,1602.7763157480774,920.5740755665685,786.9262682795477,646.2968591193243,576.4808403872985,533.5938574519113
1194.21397617615,563.6182471617071,1406.0582420359196,1967.6849052853945,1626.1282643375755,926.0865191879641,790.6588131561758,631.3321001776013,579.5509184595646,519.8034010925992
1195.125541863046,596.7649453695224,1372.1602004734002,1972.9168846079363,1561.7677918115428,905.1267649668174,779.3869938688913,614.7277698120832,552.8558189543736,508.9466925392248
1196.037013123481,586.5823411813627,1383.655964657398,1987.1973191042082,1610.1086712019037,918.7794833810119,764.1531859607547,648.4328601494656,595.5606423218937,552.6643146504675
1196.9483899721201,575.2225319853561,1371.7611854624784,1989.851254493537,1645.9140386617382,917.1659088847966,801.5232508080179,629.0561831590289,573.2286930529979,537.3395922705494
1197.8596724236302,607.2380101734655,1435.4708371641593,2055.6499852593543,1653.4792375379116,924.7936253297531,767.5090259733473,646.0614239386542,608.2334823212908,526.6047661996118
1198.770860492674,605.8059658315649,1368.0453800768728,1997.7647392965257,1579.2803550049841,915.6836884855397,781.1708506775442,659.6111009547632,564.9539187935811,524.1018717555972
1199.681954193922,603.2141438648033,1477.5245281729926,2050.728018114174,1646.5845452760636,978.347317910079,784.2784225373231,671.2382927583467,591.2098822953545,537.1907052328348
1200.592953542033,564.6092416544942,1426.1163911308704,2076.2724875815,1697.85345930683,878.6165204356032,815.2112045278793,666.2590338240199,597.8215499871114,504.2232265042809
1201.503858551652,620.1032233631227,1443.535562380385,2022.1636925006235,1645.8530903944545,930.6606288647192,833.5482154179659,650.450852565233,599.8714705617158,558.3963773188315
1202.414669237442,617.8660034068904,1477.4177266406987,2030.5645414746905,1672.5865296808456,926.2933864496098,821.1247050186497,666.4053948365643,579.438985191732,535.9557803693157
1203.3253856140511,630.1494439519794,1452.4792961718176,2053.295940967124,1635.5564219427781,967.9823721702156,815.2495213889172,648.3560089457766,610.9314031251936,545.185473980926
1204.236007696127,619.6455882437177,1443.4925635222971,2028.9369342330822,1609.469060373293,945.5630729693096,794.6753485593133,649.8231331257169,598.5213068263183,539.1721352250531
1205.146535498308,614.7992493014967,1440.5296231600923,2101.3138569621888,1673.453566391391,935.6944672295949,792.7411458472958,665.7826016825965,569.8139383769969,521.8296067241972
1206.056969035246,610.504633091212,1439.7568545864412,1981.6542894963932,1595.8630881293082,949.5633951174389,838.2009864753936,678.1175240524537,595.5900247909381,550.8461998901164
1206.967308321568,640.8814586149714,1420.8689702626498,2031.9419889420412,1614.6238298439202,928.0360966610594,817.7448688994132,643.8623026085295,582.2581934083306,526.6157721952478
1207.877553371909,628.8831168015589,1437.589052151431,2063.491680247769,1672.0541636287894,965.6783404914933,812.6799202901661,679.5514247903101,600.0717259844258,571.2603351672929
1208.787704200913,645.0911967382879,1510.845329803078,2080.394260051212,1644.038273351507,938.3144679829642,795.1817525279357,665.9647177421461,578.4947249640733,510.9042759991987
1209.697760823197,615.6591085692385,1447.4962536425624,2087.0644538067227,1612.8674705074386,912.5303292061852,811.9129020775556,682.4053226050621,568.8371375291831,557.8788038815106
1210.60772325339,628.9794230473927,1442.9527940499008,2090.931595535927,1664.9455315960395,964.9684312253322,839.9725204448488,695.9772312257318,603.980240891296,553.9818765791026
1211.517591506115,647.0454736813459,1472.379019058171,2075.353284005803,1706.7577200511043,947.5309877748501,842.3610578421236,658.0632758647744,594.9613179051385,558.9030562139179
1212.427365595991,653.9622202898818,1473.9148512343818,2100.8786312370667,1701.9016803262673,1011.9415396534562,823.9523998759366,669.9612960156281,606.9649353455019,544.9685169082348
1213.337045537639,667.0326573153066,1470.2761875959009,2107.2623288159234,1662.573890605719,971.5040204141851,842.3040012044636,681.054364826439,602.9334229787005,579.8977606389827
1214.246631345668,623.9312743720689,1484.4572879860264,2076.443281110245,1658.1597547712104,973.3327880204274,835.5687626390746,682.8303866727922,596.9774433191955,583.0013827732612
1215.156123034689,632.1145530200847,1511.102191314155,2096.4303128508636,1684.3115334015486,979.5286931838792,839.1693987337502,687.860088404533,602.2508733498445,555.4644418664681
1216.065520619311,661.2354440887539,1568.0726245533306,2096.0666408106663,1727.1668667400984,973.4578943802858,848.171178658206,697.0316485807766,607.5411373507197,570.7505938450297
1216.974824114142,653.5702463898643,1540.9137163742769,2122.8598261734714,1672.224633457172,971.899742348398,873.4165545362267,672.4710602124023,605.8208219960843,516.2906512577467
1217.8840335337738,664.105228075381,1500.2017801882484,2122.5518891331412,1673.1872737288418,997.1520116161784,818.2015010569439,681.0061096281976,613.4025834169313,530.8865146590621
1218.793148892815,709.7129105497928,1561.1687652600226,2087.214762249813,1752.8211968008948,987.2096603850142,860.4395624387081,677.7708386263141,614.8848845269654,544.013412446747
1219.702170205856,669.3905395914828,1543.9007512550943,2249.3123064299753,1715.0005752762356,1000.5837662055051,841.4909473788298,696.4063012790315,606.353762320536,553.3228227116443
1220.6110974874941,694.5432861719546,1533.9912867251085,2225.5365443236587,1754.846058299212,1022.3277435308052,831.4532576907428,685.5492004517423,592.6103146762146,570.6247718045843
1221.519930752307,693.9422183444705,1596.5663411982853,2118.7703414776497,1732.35935083116,1018.447572246561,852.7002222534933,705.9239544885477,610.0700653359302,546.1674725675185
1222.428670014895,678.0824507258719,1571.191047330892,2180.2651070536886,1746.2123288604312,1003.1219735664447,870.1057996039949,709.0862205968189,623.0757622451596,553.0672496333439
1223.337315289835,708.9819951807967,1590.9595970841292,2235.9432175236407,1776.9548736759882,1014.974224412565,886.9774749299953,704.9820967594663,573.9854234608989,547.9860837222519
1224.2458665917081,681.1872540476471,1554.1456998506435,2208.365130057695,1731.9335755404986,995.8118655212671,860.9727463182871,709.1538861786356,629.24922294724,578.3100001372253
1225.1543239350901,683.5822054915642,1598.3613208931597,2261.926477907665,1758.4977087096315,1014.8643577868903,842.7177408841831,714.6086306310057,607.51742127874,543.4628661521514
1226.062687334561,748.5085335931619,1618.261421356033,2165.364044303645,1779.5865537636623,1051.1184092894605,899.8134714413112,715.4418915468777,623.256101599661,543.0945451238204
1226.970956804689,708.5073801956175,1618.1588047688047,2213.585204791958,1784.277766792071,1024.73383802304,878.6292087736614,680.487314312175,620.4443159905126,537.3848349788794
1227.879132360038,715.9921448493457,1611.2326728148214,2314.2067786669063,1795.4879940068208,1082.5000120029968,859.1905738192148,713.9893696189979,630.8741975595633,542.7520874242592
1228.787214015181,705.587277318292,1644.0383444597596,2280.6659586973688,1812.9395482370844,1069.3744854540685,904.4709433046094,723.5767546436875,621.6363831331128,574.663859005691
1229.695201784674,724.074723170429,1624.4372400150892,2269.829840585155,1776.8216040385769,1075.6543342834434,928.2498514371938,688.2195786943142,614.5173372711895,575.6742640887318
1230.60309568308,714.7149687606789,1683.2632481536323,2239.7056820494813,1839.5449335233072,1087.0038243546815,893.8914233246373,715.7103935082564,613.1816445077691,523.5934172257898
1231.5108957249581,739.3168134355518,1673.3998841740179,2317.3209797469176,1873.1346684489451,1079.164058321249,860.5488715526718,688.637838321018,628.021809262458,552.5001992878587
1232.418601924856,700.0057409295795,1603.973550644864,2274.2760776736127,1845.5596903716212,1075.2563432100756,889.1162027648691,683.1739197191088,600.9950279268102,536.6380644750101
1233.326214297325,727.3136347753505,1659.1842293312682,2340.0525640598235,1843.977231645114,1081.0884734296649,851.8265668156957,700.6322921952765,617.6236708350463,555.3672048148736
1234.233732856912,724.1446569279408,1708.1878071642657,2314.286965223131,1857.9766334603194,1079.2731325172597,864.0136934030636,706.2890352502656,613.0430109335169,550.5483350616536
1235.141157618164,715.4521097418584,1748.4419103538896,2300.1636482408153,1804.01100625617,1086.574285946373,902.005503128085,715.4521097418584,606.2985285052364,538.8217691953247
1236.048488595625,702.8827875119509,1731.9269813587846,2319.8106104061567,1824.1245825415933,1060.7680996301656,939.8207088312122,714.7792521807004,602.754209883309,545.2546306510197
1236.955725803826,727.8478708564353,1777.3029404633885,2257.2245187845947,1904.7509944574017,1087.2912106364258,865.2528040687308,717.890991638153,594.4256893314526,532.6930381781025
1237.8628692573038,747.3705352019878,1740.5340539062336,2412.967703894118,1881.4153981087472,1092.0802071868618,905.2375733863648,727.3873658115602,611.4849833470809,544.5413658891488
1238.769918970596,746.3923421710253,1763.2892915718182,2382.4442814532863,1910.5640221746917,1115.0801031360418,884.6502525329065,754.4072934963518,629.173679038126,526.9830496402138
1239.676874958226,757.4300372006579,1790.7451872889726,2418.7600260805116,1877.0219862283855,1090.4986098504837,934.9997280410771,742.3817583158766,627.0116201992201,536.7219468905324
1240.583737234723,773.302930680672,1796.999138005671,2375.216543911245,1887.5027319735,1141.3508794831766,902.0191532126955,731.0679201623518,611.4020570271114,556.0943051578826
1241.490505814614,751.1637314181966,1810.6259461858401,2428.2271424721916,1912.053134519046,1117.7075308401775,934.9377459229157,700.9522520453224,641.702706385331,539.2712884646678
1242.397180712411,775.1948904700857,1838.5775187185582,2471.1847479881876,1951.0410261442703,1119.6143819613285,905.7328901606443,719.967275216388,636.6237831062621,587.4209986075132
1243.30376194264,779.6476006077182,1855.5412728199096,2454.0384039667842,1935.6077786589562,1081.89866015012,924.7681424409905,738.6135163652067,610.5071070227318,552.4588902894229
1244.210249519805,794.4460539702442,1815.4489600149172,2419.2678829445626,1869.3435415656625,1082.8818700473805,929.1825078471071,703.6237035791735,644.7388829959519,532.9575286684803
1245.116643458427,787.6861457034158,1856.546333290836,2485.698178783058,1899.420389322794,1132.672736100102,920.2965980813327,727.8618814727768,627.1577033512008,554.3715152039231
1246.022943773009,785.0090656221572,1925.11753068712,2497.665438777486,1991.9480356384345,1108.1894179240364,969.5410569056377,713.191209555073,623.4188894712177,540.62886094944
1246.929150478056,790.214773790282,1775.7411436245682,2452.356315634154,1924.217816127408,1143.9679196863099,937.6949585582034,772.277994561751,639.7451258176053,542.0893277956033
1247.835263588073,784.2152619705938,1910.9042775865735,2453.8988956852,1941.6772815373183,1161.4327297539173,935.1022490839232,729.6179968966917,593.6211729853355,527.1117773498548
1248.7412831175611,820.0240599163205,1829.5913940225448,2525.9135276254547,1998.1851484335646,1147.2356069388914,953.7019480292,712.2836724820595,621.502420106895,539.6995333512524
1249.647209081013,841.1697093253586,1892.3817955333868,2482.5008543942213,1981.3997552598516,1176.2373105429508,947.1910995613729,717.1446867851155,632.1275342373682,550.110987073659
1250.55304149292,801.7894346443716,1872.8365152514052,2491.1318504249257,2024.418597422978,1161.796879801857,929.4375038414855,705.0561322059337,625.2760889577376,518.5702811132752
1251.458780367779,787.4648692053794,1878.7938619628976,2506.382509299341,1975.1168030889023,1135.0218732682831,919.5365307492829,764.6254089383885,624.6095873016187,547.1540263961715
1252.364425720072,774.2941724485025,1950.1849362699093,2580.9805748283416,1915.3068203938506,1153.9673766993126,928.7543998996196,718.4891870468086,644.746884908856,547.0881604558917
1253.26997756428,808.2807092900573,1933.886437782878,2554.566192324132,2005.733611941994,1165.520825247885,905.0748189210889,733.4399028743113,615.6903674468708,550.828335219891
1254.175435914895,799.6981751009713,1965.4273557207953,2567.190285989561,2014.1651798252076,1099.0876660280762,938.9491011135783,728.0834131516306,584.8538892529492,527.1642199048691
1255.080800786389,807.5165368890505,1889.1899227219144,2561.123436133297,2045.7085601189278,1145.4771615870604,905.2160685126639,707.8231372731183,624.0806815957353,538.3443579260336
1255.986072193238,834.3044012165469,1970.6329763501951,2511.8842187164855,2009.5073749731882,1173.2094148528981,944.946920374297,752.568486163074,631.9581724866079,559.1932724999795
1256.891250149911,810.2213984526352,1984.643302367354,2578.3400167507507,1997.6148272194282,1171.4284751027017,930.956360537326,729.3988205281728,615.6485256715221,513.8719460629399
1257.796334670886,801.5267544278747,1967.5644368297644,2614.149216423998,2075.8251756558343,1184.9088203623971,954.4822936867257,744.913340546352,643.6051262320482,514.4868138706804
1258.7013257706199,838.6922387088257,2039.2316016832795,2582.4979690738664,2024.3611719189385,1133.126748042775,974.5088305564724,732.6165063898608,653.3075476467094,560.1195211235065
1259.606223463583,811.2986520897374,2012.9297860009685,2523.820654612898,2045.5398414442832,1151.2337754988357,965.4552778217703,737.1848897185678,609.7092184401558,518.7963365981877
1260.511027764231,835.7000634237496,2000.3141827253367,2652.1801061569417,2076.8289328842293,1177.5321940037377,951.962735743106,739.3113521846252,603.1747187850369,519.7040822480631
1261.415738687025,826.7323559597479,2074.761176287473,2601.133935297816,2067.822175697883,1165.7520990511555,947.6692233783202,756.351064265333,593.7801933092195,547.1897607791137
1262.3203562464191,826.0683554885875,2036.5837976604078,2636.9127099426864,2077.98579161091,1194.7432540002005,940.4167197328311,705.8054206799864,592.442818196469,524.4252567063586
1263.224880456859,804.9909870984925,1995.6656166643218,2634.5159577768845,2028.3003864115578,1180.7853054,913.7735529226131,753.5665014361809,595.3373147829146,521.1673835391961
1264.1293113328031,822.5582148242785,2091.081726842443,2692.639361057307,2106.93827074267,1193.2049284920859,929.5898861508111,737.329291360558,614.4410761337984,538.1314586139557
1265.03364888869,834.045947296733,2100.963722347233,2672.5130235232605,2045.4927329783295,1189.6546112866702,943.997372652953,715.1795415062246,591.3603688077785,524.9932922414115
1265.937893138962,822.622508688108,2093.3159731954634,2673.523153236351,2108.2185548745956,1212.0766432361013,942.8366675664427,727.2459859416607,597.0967726105712,521.5903587696337
1266.842044098059,866.1524668503675,2111.184485790276,2722.7617155411094,2113.173354830116,1181.3882096650248,918.8574964061305,729.9149376213201,607.5994916711534,531.0280336373091
1267.746101780424,879.860457193647,2089.42031821155,2760.7359717814206,2146.0253363380034,1229.421270886834,996.0497049268938,743.8097995914691,599.8145780417187,541.223418928372
1268.650066200484,855.2436124942724,2131.17997419001,2756.774838884894,2100.494150130609,1223.4735012070842,938.3922970423266,700.8246269050288,598.8685018044384,531.557661932204
1269.553937372668,856.4573289513345,2072.6464473931605,2812.806923851678,2151.491771117104,1249.6983810245017,957.9706832459115,744.1027426447152,631.7481563380959,513.4801707521809
1270.457715311411,887.5028494086806,2056.146226168676,2747.7323317785313,2101.2070772424063,1213.7042278337256,992.3183073410524,712.1573637087316,628.8927475942306,547.5872989177179
1271.361400031135,894.1101230063883,2158.2306920867704,2735.3292127539016,2194.544714645757,1260.194728803735,961.8308677785517,794.9826560210478,613.4125432261171,504.4704755491587
1272.264991546253,882.9419337579387,2221.0894866977483,2700.821270706228,2188.7149491266237,1208.6494026553116,1000.6675249256639,736.7659913913467,615.116213851364,520.9357409171838
1273.1684898711972,944.2157228620109,2152.8902062766597,2798.3654774032834,2136.239099130753,1193.0028531596777,970.6615989172748,780.6430820757497,615.1114875076171,535.7738593418258
1274.071895020377,956.2362764627454,2113.527359771504,2743.1721695038964,2187.0839964224842,1201.425065299347,1011.1585651621441,752.239204150693,626.7025442663531,512.93494624617
1274.975207008203,942.6802213868299,2211.3706860032717,2848.6617940033266,2218.244395950884,1293.2394287150573,966.2472269215007,756.1080942373532,637.2911080000548,512.5823703790887
1275.878425849085,978.3632058611468,2195.4234589354046,2847.6655961761694,2189.5297046832293,1270.1040413438382,1014.7080237495629,805.4797477973297,649.2952601146767,527.4910055697147
1276.781551557437,998.3064406005944,2205.856346713948,2718.209505259209,2227.3673571872223,1277.9495767531605,1005.150853023909,797.862933917811,649.2414070115522,554.397406288479
1277.684584147657,1000.1492248238403,2286.6156787148975,2826.8923678109136,2172.8732178525784,1282.5443000682187,1042.3123784193551,779.5280722891697,638.3305346669804,542.237766007435
1278.587523634145,1033.9506334491027,2205.2381631817675,2860.5313540204775,2232.70554243848,1327.2630047975672,1049.6462787386527,790.6681314610785,644.5024347021447,560.1383412708137
1279.490370031304,1076.8442561345523,2227.953633381833,2847.481091085377,2239.679705136474,1293.776583595415,1049.4834220403895,794.441361376943,664.4773994296694,544.2851639445968
1280.393123353522,1062.6508745468561,2257.889381147265,2836.9853623223407,2217.9181097193555,1303.453412173529,1026.579239355816,771.1530658408836,641.4901609649829,559.5977999907298
1281.2957836151982,1117.3870257176081,2248.4483681835086,2897.978413727398,2277.7504755012783,1325.4319876737711,1071.4803909197694,813.6218465233983,671.9949944875126,570.4143557859119
1282.198350830713,1155.9697366182006,2216.661900327584,2834.993904103173,2295.4117309971166,1309.5805174303753,1080.136566343836,830.2759924911214,720.4151176064648,571.6654374529032
1283.1008250144619,1132.6635509091723,2303.277169245714,2912.424405387588,2227.3770343909755,1341.8754610856947,1084.009618309981,815.4399103624454,678.2358204327261,567.30485410657
1284.003206180823,1178.3485823070198,2243.3568366309432,2843.278917506988,2301.981144208407,1373.7629408985654,1121.6784183154716,809.0154445689986,728.8955575464649,569.6328552943553
1284.905494344181,1219.0002989121174,2310.9195722760587,2901.357567899891,2363.7070751960705,1378.3403540225224,1095.8294587654239,827.981758763884,731.2046700771963,579.6849857697558
1285.807689518901,1187.595470742206,2286.2434617827325,2989.02629590919,2269.6268996406607,1419.2498958993278,1121.129222173918,905.1139143269818,729.1738445873957,610.9030199291184
1286.709791719371,1295.2550534065767,2359.2845450855043,2923.631678793665,2338.709389169061,1393.2319863420214,1175.7231952253344,901.3877830060898,729.9281503690618,629.0119094455539
1287.611800959956,1318.2637938245775,2364.086403592076,2981.229157441804,2373.851320583369,1469.6200071896217,1185.4609227429905,931.5730809693682,748.969133232186,645.4610131244784
1288.51371725502,1328.0980411552002,2377.834574053517,2984.5450445148226,2423.9014433777197,1475.1199645303145,1229.1032794159564,876.2506633156819,758.6331246155903,641.0155859154988
1289.415540618938,1423.3618119573985,2385.648373961609,2984.752520397598,2372.9223054915637,1503.63393615307,1228.555071531317,909.4244314363295,793.9108868620702,638.2612801899751
1290.317271066066,1407.1900847728907,2427.133975264986,2957.1527563260747,2467.227646895068,1539.205832823162,1195.9648878924568,952.4691748219566,815.5639546216754,653.2334792413419
1291.218908610768,1489.4375436159564,2486.6365297819616,3038.570021634392,2470.978842069836,1549.1324780184357,1225.2140634738355,991.3273532739579,835.7290816347089,661.5373058373106
1292.120453267391,1539.328475086939,2516.322850316832,3048.3398073989765,2527.0805461401847,1523.6809175256994,1253.7605495943176,1008.2894903523724,833.232440136005,715.8757584267086
1293.0219050503,1588.9836133005467,2444.7397820303395,3023.347646114688,2546.8470521628715,1599.6805654096693,1353.6506668998538,1001.6236974905528,833.3898143198095,713.7784407359861
1293.923263973837,1590.0668431545837,2550.327259436203,3165.554833835256,2493.9556965370793,1596.870307642409,1319.8721106380958,994.2777387207452,856.2646019677189,736.718011681647
1294.824530052356,1701.5003757635493,2609.746853547987,3101.876114579254,2549.327023480782,1720.016130138983,1368.2167970057408,1067.092160057896,872.1894824217507,731.8595545237259
1295.725703300195,1772.6255120276799,2541.639325592681,3198.7080903475867,2655.5312448168647,1685.9897786007366,1409.5341798001539,1076.6193389910015,895.5603904807608,727.1560996620959
1296.626783731699,1853.9827603399833,2626.556763991905,3196.488406030208,2679.1658386415943,1731.2282528240412,1426.2904682804706,1110.6360203823338,923.5815327389932,788.1618776222
1297.527771361212,1869.9660690477983,2665.1157888721877,3274.145905159251,2731.3782655242203,1797.85690327941,1478.2378982519595,1120.615413968196,951.0614295938776,815.6131317316348
1298.428666203057,2005.783000629666,2708.8812286984876,3370.9653934632947,2824.1112160764333,1824.1492917118871,1931.5670765557347,1188.4313104996609,964.8070129611051,789.0324559438998
1299.329468271579,2050.802457028946,2726.934003431838,3397.220032142486,2780.5179156107415,1901.741755876723,1976.759232927188,1219.7646917815866,1033.6823785784852,827.1407534525296
1300.2301775811031,2148.9003995913904,2872.0224388189695,3406.08022520268,2914.9029910103623,2009.5386049693639,1609.9698231859306,1285.442007737435,1040.8279486456258,846.8909057800083
1301.1307941459559,2247.6987315521847,2946.4398589694943,3568.9546815776425,2946.4398589694943,2030.7469409414955,1687.7285693002707,1276.3019753944143,1124.8266260941584,921.5564799363957
1302.031317980458,2424.6729705325974,3001.325576401718,3527.2405587425915,3028.645835224621,2026.5777705417324,1708.491899960796,1353.3285352630635,1155.2566587970202,988.407935271437
1302.931749098938,2524.6785410661378,3032.337323206555,3532.2158941264297,3056.6504832707515,2154.145981687787,1787.5035279197075,1406.2731781131106,1189.39979034048,974.4714553729854
1303.832087515708,2612.091140164311,3138.408011689956,3638.409039639318,3133.5347073239777,2246.5933127159465,1874.2728591552127,1414.2329270068715,1232.9460045924827,987.3314645471818
1304.732333245083,2833.5722223468383,3285.5411158390807,3800.824617255883,3209.563586329609,2288.092523304477,1915.9974428862945,1531.2394408832004,1283.8254345318435,1078.296476499811
1305.63248630138,2927.5244949810585,3265.6138559169917,3732.5452942296556,3310.1757774157104,2355.969414888794,2037.2548024305647,1591.635587443375,1321.3578461794057,1154.7350092711522
1306.532546698905,3009.7576317231787,3396.3942366998526,3898.343513336236,3406.0843771754585,2474.8618774697356,2051.4027386857597,1665.7351477566467,1385.6900880116375,1158.9408008824605
1307.432514451968,3351.440109111062,3425.076838886269,3951.1918950433396,3571.3813940975356,2600.539246271781,2164.5322936554244,1760.499184230934,1421.382665529323,1197.5657631862598
1308.332389574862,3470.21656704869,3578.6003527456933,4049.8762780531983,3621.179697126659,2630.2422278969157,2255.7375398188783,1858.0077548057684,1521.243849247223,1284.1543180350284
1309.232172081898,3713.044148010659,3745.9200597378363,4058.2412211460246,3743.986182577414,2857.303504523827,2437.652160712206,1915.5053273982069,1594.4817187681188,1270.5572943973973
1310.1318619873712,4021.671281224818,3840.1476197261354,4275.027835509075,3923.629089720182,2952.914322347549,2437.464780872681,2005.4967093918594,1651.1858193008484,1360.9421038564312
1311.03145930557,4445.698889355796,3966.6616897143044,4398.963552805407,3981.266482386301,3164.3717455992855,2696.044727250591,2217.0075276090997,1807.0996799483921,1496.504422457262
1311.930964050793,4727.384415986222,4197.792751592378,4570.648647663779,4179.295983902152,3353.7560364646897,2867.9725060740134,2329.6192148795362,1931.4519524951945,1586.8279650036125
1312.830376237325,5206.600924492895,4374.5179730085165,4719.0295108160835,4348.24166927743,3578.44328960007,2965.329535874738,2429.0983004736945,2045.658905286741,1704.0669567826278
1313.729695879458,5583.976807864477,4450.629117480126,4817.701350534165,4574.284750365704,3724.273982577441,3221.862119829739,2610.3996202065673,2170.3024071019913,1795.4408428425625
1314.6289229914619,6149.173378186951,4776.208038212255,5017.352092258802,4832.604631497335,4066.388846865564,3473.2522623155896,2773.1566215352914,2391.0210842760457,1935.9589177688517
1315.528057587628,6912.396562890931,4920.722109190752,5324.123882102628,5028.880555551183,4327.312254834877,3674.463975001649,3040.12930310399,2522.722681325715,2102.756101313593
1316.427099682231,7599.176971129326,5186.024165386981,5542.802240647019,5434.984690431073,4606.749872863128,4111.769301417196,3341.3638971468945,2833.6412515845327,2320.0376487376648
1317.3260492895351,8531.452147074338,5503.216726401068,5808.190726158996,5569.685418656001,4972.444669130059,4422.122996489952,3568.7822856288276,3034.100305283999,2491.5984787915313
1318.2249064238279,9578.693527371246,5864.046185844895,6066.93061848235,6038.507195552465,5628.817858149295,4845.70355052936,4035.1459380116053,3405.9101614258752,2836.46158479611
1319.1236710993649,10933.824810940043,6428.547885076637,6474.620125180113,6527.554188277725,6076.6343915202915,5482.596572313759,4453.323123193529,3808.311761744851,3161.339879440706
1320.0223433304159,12476.218867287347,6752.795206471462,6761.635229287207,7182.027425413721,6734.1329360826685,5958.175377811765,5023.097408857463,4226.513130683156,3448.5911228976443
1320.920923131242,14394.464861904544,7236.969042424369,7199.685308203636,7657.882778758432,7366.480961296388,6657.108860201917,5636.711923634491,4759.563018546721,3993.284165220605
1321.819410516102,17331.30963520316,7938.154404650617,7812.401463586845,8354.711021924362,8470.639514467528,7785.8754525812055,6467.434461115719,5533.129406805975,4624.367918649809
1322.717805499255,20630.035970397214,8820.609122093407,8481.620233924472,9587.275851731287,9616.838836164625,8861.99730030008,7526.735836727677,6407.284159518638,5377.506868424055
1323.616108094946,25333.57293613221,9812.271591988912,9362.493159545513,10829.204846044055,11303.642183774922,10289.667998354274,8777.583926126792,7607.765459289352,6353.120358263026
1324.514318317437,31495.005589990367,10991.894141347913,10199.129377119469,12285.404016232396,13001.734106035849,12162.912550807729,10441.17251279861,9023.211309042666,7535.67495292551
1325.41243618097,40317.16998780172,12657.126639138176,11670.451846439992,14268.760465551317,15936.942847277202,15093.589393044069,12748.774297748481,11073.767090381405,9359.76087935037
1326.310461699792,54308.56366828299,14939.800341219037,13615.822230224796,17510.393936899425,20012.438370028332,18807.93165662381,16074.778618321348,14126.023854357933,12095.010095332744
1327.208394888134,63800.77753686218,18324.89563708487,16183.113221870146,21535.62218498403,25769.536604878947,24577.926752050396,21228.95788462374,18779.537631587267,16213.292883175445
1328.10623576025,63893.631111196315,23246.81071511963,20276.124913703363,28481.340438717907,34755.171463369596,33769.49264970637,29269.10352619554,25831.414607326566,22654.038490879037
1329.0039843303641,63936.790892425604,32416.689570193415,27380.575820491715,40746.47244407042,51835.28857717959,50573.82110752359,44257.70324321347,39752.322906885995,35364.99173051859
1329.9016406127162,64305.17715660926,51001.60514334446,42419.7316496128,64305.17715660926,64305.17715660926,64305.17715660926,64305.17715660926,64305.17715660926,61820.69239944843
1330.7992046215331,64266.56877043017,64266.56877043017,64266.56877043017,64266.56877043017,64266.56877043017,64266.56877043017,64266.56877043017,64266.56877043017,64266.56877043017
1331.696676371041,64421.79489168647,64421.79489168647,64421.79489168647,64421.79489168647,64421.79489168647,64421.79489168647,64421.79489168647,64421.79489168647,64421.79489168647
1332.59405587547,64250.323568233754,64250.323568233754,64250.323568233754,64250.323568233754,64250.323568233754,64250.323568233754,64250.323568233754,64250.323568233754,64250.323568233754
1333.491343149031,64174.7306819138,64174.7306819138,64174.7306819138,64174.7306819138,64174.7306819138,64174.7306819138,64174.7306819138,64174.7306819138,64174.7306819138
1334.3885382059489,64211.57672436015,64211.57672436015,64211.57672436015,64211.57672436015,64211.57672436015,64211.57672436015,64211.57672436015,64211.57672436015,64211.57672436015
1335.28564106044,64252.676048750225,64252.676048750225,64252.676048750225,64252.676048750225,64252.676048750225,64252.676048750225,64252.676048750225,64252.676048750225,64252.676048750225
1336.182651726715,64127.13009814894,64127.13009814894,64127.13009814894,64127.13009814894,64127.13009814894,64127.13009814894,64127.13009814894,64127.13009814894,64127.13009814894
1337.079570218983,64267.20780454085,64267.20780454085,64267.20780454085,64267.20780454085,64267.20780454085,64267.20780454085,64267.20780454085,64267.20780454085,64267.20780454085
1337.976396551447,55005.20486429487,64422.59138203136,64422.59138203136,64422.59138203136,64422.59138203136,64422.59138203136,64422.59138203136,64422.59138203136,64422.59138203136
1338.8731307383212,39899.19207212981,64459.35048556704,64459.35048556704,64459.35048556704,64459.35048556704,64459.35048556704,64459.35048556704,64459.35048556704,64459.35048556704
1339.769772793788,30088.697889819803,64330.64127004243,64330.64127004243,64330.64127004243,64330.64127004243,64330.64127004243,64330.64127004243,64330.64127004243,55133.818533199104
1340.6663227320641,23848.575595790746,64394.396673814284,64394.396673814284,64394.396673814284,64394.396673814284,64394.396673814284,64394.396673814284,64394.396673814284,48034.18145112399
1341.5627805673391,19284.571765604334,64473.748120542805,64473.748120542805,64473.748120542805,64473.748120542805,64473.748120542805,64473.748120542805,63337.45180438767,42681.4540087225
1342.459146313799,16111.243250555144,64680.85802653341,64680.85802653341,64680.85802653341,64680.85802653341,64680.85802653341,64680.85802653341,56019.23889109651,37116.854013944336
1343.355419985634,13911.861454378339,64468.52216183598,64468.52216183598,64468.52216183598,64468.52216183598,64468.52216183598,64468.52216183598,49674.257955047986,32902.70329971661
1344.251601597036,13205.702160949015,64536.59143309423,64536.59143309423,64536.59143309423,64536.59143309423,64536.59143309423,63865.96628979772,45162.31967213145,29322.370435825345
1345.147691162183,12380.904817142213,64770.7030567107,64770.7030567107,64770.7030567107,64770.7030567107,64770.7030567107,60209.52514251645,41817.551186884666,26852.143607961745
1346.0436886952562,10382.326077655893,64652.768861571545,64652.768861571545,64652.768861571545,64652.768861571545,64652.768861571545,56117.24194938238,38416.77687096143,24294.48517563227
1346.939594210438,8201.299864131932,64607.78778649911,64607.78778649911,64607.78778649911,64607.78778649911,64607.78778649911,51699.046300630194,34814.36511623453,21504.38200941337
1347.835407721897,7065.950220553118,64511.98769907336,64511.98769907336,64511.98769907336,64511.98769907336,64511.98769907336,48588.49776208991,32539.990316328207,19736.031759803493
1348.731129243806,6371.669337469791,64688.97754160848,64688.97754160848,64688.97754160848,64688.97754160848,64688.97754160848,46785.129603107,30538.606655715008,18389.496476694378
1349.626758790331,5636.433673596377,64622.75731265545,64622.75731265545,64622.75731265545,64622.75731265545,64622.75731265545,44627.02567633856,28583.502956007378,16878.732538654513
1350.522296375646,5000.376873602723,64520.515536829,64520.515536829,64520.515536829,64520.515536829,64520.515536829,42178.80409901317,26718.88717714202,15457.947881952425
1351.417742013906,4633.667067231087,64363.580171892594,64363.580171892594,64363.580171892594,64363.580171892594,64363.580171892594,40076.604142736694,24739.73578286373,14347.868203725931
1352.313095719277,4316.3532957031,64774.95150764888,64774.95150764888,64774.95150764888,64774.95150764888,64774.95150764888,39448.1283226028,23947.013429882005,13672.57044640737
1353.208357505908,3926.4650149394015,64637.248117069495,64637.248117069495,64637.248117069495,64637.248117069495,64637.248117069495,38159.00652172582,22559.66698987916,12731.175687726147
1354.1035273879609,3753.7900739531506,64399.118454586314,64399.118454586314,64399.118454586314,64399.118454586314,64399.118454586314,36173.95816815795,21058.56578136545,11683.917272068838
1354.9986053795799,3407.180990182898,64460.04797680029,64460.04797680029,64460.04797680029,64460.04797680029,64460.04797680029,34791.80311338033,20069.31897335215,10956.290141353147
1355.8935914949182,3244.661339585249,64651.52961073861,64651.52961073861,64651.52961073861,64651.52961073861,64651.52961073861,34132.57454798116,19103.942487402965,10384.100109599978
1356.788485748122,3030.99128992472,64576.077433425395,64576.077433425395,64576.077433425395,64576.077433425395,64576.077433425395,33275.869915721,18297.29429863853,9912.799862367581
1357.683288153334,2852.312774301194,64479.58525830588,64479.58525830588,64479.58525830588,64479.58525830588,64479.58525830588,32542.34046568196,17089.279260723506,9193.518648868698
1358.57799872469,2698.55635659735,64473.16472096512,64473.16472096512,64473.16472096512,64473.16472096512,64473.16472096512,31452.987705714135,16217.900670254216,8639.709049813317
1359.472617476324,2587.555037804931,64575.559559233116,64575.559559233116,64575.559559233116,64575.559559233116,64575.559559233116,29033.62878481428,14715.36440768425,7791.24054985666
1360.36714442238,2498.8804032229355,64601.23361941423,64601.23361941423,64601.23361941423,64601.23361941423,60451.21922195129,25160.324817302644,12545.661101308993,6595.664212214856
1361.261579576982,2316.826226105705,64527.49967183909,64527.49967183909,64527.49967183909,64527.49967183909,47316.2279198936,19893.394420841334,10037.282851220381,5124.98109089681
1362.1559229542552,2171.9246418915945,64522.70236009322,64522.70236009322,64522.70236009322,64522.70236009322,33998.59552756145,14549.729083351762,7515.095553743672,3951.0125058526605
1363.050174568329,2090.3375511032477,64496.36130487352,64496.36130487352,64496.36130487352,53967.90974098343,23673.761672216868,10557.976105572337,5526.0100515276545,3038.0753391034496
1363.94433443333,2025.1523472820086,64488.99858072227,64488.99858072227,64488.99858072227,35482.479756217035,16115.607381650852,7765.052075997244,4160.5170672052145,2378.4223631587047
1364.838402563371,1915.4306731458046,64472.39299671818,64472.39299671818,64472.39299671818,22611.329528291306,11061.685921341257,5809.254301451451,3296.6657348287576,1980.360526472781
1365.732378972563,1884.4731925172694,61109.93224609907,64322.37014146836,39100.85575182447,14450.572298662373,7762.655458134939,4313.676917246562,2652.0034198862822,1609.6541852751675
1366.626263675036,1796.433588064153,41483.161820929694,53463.31881982057,26657.422553917488,10319.414617806942,5814.07323821748,3384.41401757899,2145.4943016726775,1371.6611140391315
1367.5200566848869,1747.4533118923193,31711.28347432887,40945.98580961493,20547.163249115292,8115.224605199985,4666.798063848249,2703.756284501189,1842.3913526063334,1229.24983966166
1368.4137580162242,1669.0662306565127,25026.129002219695,32094.012892677092,16491.400262479656,6514.487817526956,3760.3312477911504,2289.5406154573084,1609.8794848885511,1052.5376289069143
1369.307367683159,1603.963389665366,20568.010047537657,26026.390659218447,13386.962945182622,5556.482348051763,3242.2623870605717,1950.2625190548918,1375.3863439210052,941.7766691613159
1370.200885699793,1555.4907168669006,17608.233624140998,22190.093376480756,11633.220895783828,4859.309709427971,2792.2091426111724,1722.7477831966748,1221.9604493034096,866.7851496266536
1371.094312080222,1474.9295800526174,15417.48508396107,19602.511787121697,10251.792344229818,4325.542978941787,2569.5808473268453,1638.0463757146656,1143.782832232676,845.0629172853104
1371.9876468385369,1416.8201494168518,13694.618060036117,17637.54403757414,9361.624399198172,4038.2321873115543,2359.0743264562143,1488.5454413082737,1060.1587664499189,787.0131343154635
1372.880889988843,1464.1664863881156,11895.859384354117,15660.8589207807,8448.556349690993,3692.9751742255503,2244.5948494157433,1422.7278122450557,1027.0871376886985,759.7090259560978
1373.774041545221,1388.5811868353785,10794.907344842106,13938.2671804723,7508.037693038618,3381.8830473389085,2030.911329569634,1332.166983236222,971.9078584977489,725.4668638277494
1374.667101521762,1340.0958288661311,9753.799404339528,12716.064408620423,6837.062027922624,3050.3510668873087,1948.7804187868628,1282.6914285158832,946.1828747385682,746.2572045532222
1375.560069932551,1344.3336430283987,8915.159351621762,11215.043757187357,6272.231227975694,2850.7430137295996,1871.328340369413,1215.0707927372064,900.862633567847,686.0874361609431
1376.452946791669,1314.664607574884,7782.972989531491,9873.359064876635,5615.311978699655,2609.5151291275392,1707.9742151161267,1114.5423387503727,854.9778118591747,675.6603333580036
1377.345732113194,1252.1112648976557,7201.374685840516,9182.149275916143,5224.565610459736,2490.34322836335,1605.0420727389585,1076.6372396507159,837.7149792862384,652.3271673021833
1378.238425911201,1212.3589775321304,6775.706521440834,8648.35929099497,5024.190357340361,2330.390270489689,1547.9669500185025,1090.229449082948,812.2110103368409,648.3787160757422
1379.131028199769,1230.982859919323,6317.5905196020685,8125.875574906601,4689.836391376759,2187.20161653675,1465.0779082198549,1041.5245793032143,795.5263929535028,623.9228194111636
1380.023538992959,1163.2637592481683,5797.540536745756,7426.307465582613,4444.5175236525165,2098.2234162139857,1417.2644271553722,973.5045054030974,754.0953681447344,608.810939419602
1380.915958304842,1154.2118703092133,5408.0251906282965,7057.463008711206,4204.488026716125,2025.2965553374486,1360.391597569577,944.0861195606129,717.1897689870069,601.7685819560855
1381.808286149488,1109.2310144184275,5169.193689197498,6758.730590959486,4003.8613723639423,2008.8203198118993,1360.210525222952,923.2109064103682,690.9318297442201,591.5242587981144
1382.7005225409562,1114.132311504045,4989.974222019,6511.571884196786,3894.5420111497406,1882.8048691760055,1303.101749497664,936.9734633850272,704.6985291845373,561.0030190435563
1383.5926674932998,1113.0157658283513,4716.502979308084,6094.945377235572,3765.308654610805,1809.6373355755284,1334.040173226889,887.0577779075246,698.5950019560928,532.8266964071894
1384.484721020574,1051.7451983053254,4459.084511167148,5871.259243723174,3536.345512279423,1755.863004286887,1229.9904051342241,884.3325731069123,648.9701176809077,559.3551241923453
1385.376683136838,1042.8594574901995,4316.47126444619,5724.380863158124,3568.6117859432843,1734.4814818048917,1233.2775041274829,848.4949228397081,652.1571441826129,563.3611638854342
1386.268553856138,994.6880919700762,4199.575095929162,5477.1923082118365,3415.851574505762,1656.1704603664302,1179.0356372608633,867.5178601919396,659.5107368959177,537.2695838688717
1387.1603331925219,1034.0976317508484,4019.9558699932795,5246.466706125249,3342.0693499428667,1640.9392763374628,1171.2537107712378,822.9364741223355,659.1385668030218,545.6641129372321
1388.052021160034,955.0087191719454,3734.555701206342,5120.890374819114,3206.9428594415945,1562.2056208676884,1151.5125708534156,776.1902141418075,656.3228646161106,524.6652839895255
1388.943617772718,959.3734333276564,3727.2887850719612,4976.934180278242,3084.754577930464,1503.5103652560604,1101.0655096345101,752.7391553801612,644.5021526457589,501.8261035867741
1389.835123044613,957.1364942469031,3652.4643403275963,4870.280352534858,3176.35533393962,1476.528137579241,1049.6039459007663,746.6254872902358,604.9732209268709,537.0981766277586
1390.726536989743,926.0012108436467,3513.473677390766,4663.571130091032,3017.8952042100514,1471.927297833558,1060.2615143348364,749.2909584545073,651.5573551778325,486.6936001555627
1391.617859622154,941.544799990999,3394.283761723037,4539.485587417418,2927.9386883732636,1417.728376997941,1069.4453475341859,710.3399640475458,596.2133216243943,496.8444346869953
1392.5090909558749,902.9408039176661,3312.0929815086533,4414.486433081691,2891.57212832393,1390.2733814401497,997.2632382768566,749.6668480839818,599.3404683240221,505.0180339648318
1393.4002310049218,904.6753786082899,3192.3941156101437,4374.0710759421445,2802.4308959494583,1413.493886880922,981.2928373829334,702.3267054342316,605.0814692971841,466.58067843532865
1394.291279783331,885.7138350200474,3109.8616055882067,4257.936108888135,2745.910152222508,1346.3244819625443,983.3593468986496,714.0944505061407,605.599437307694,495.131787505639
1395.182237305115,860.6522662536862,3003.941376285671,4191.386350250278,2732.104799601211,1353.2947265266057,981.3594826153776,712.4669843787642,575.0766568126113,471.05255165538125
1396.073103584298,862.1934348521884,2973.0469863901967,4086.3456764439325,2618.94934135989,1294.7614721329792,952.4343859402445,698.3864910293039,547.3309859471229,480.63115253421194
1396.963878634891,833.1227698737683,2904.1679613364417,3922.5380294527304,2665.012719160913,1303.592098743661,940.9386577397854,704.7238488696935,541.0397282003765,479.2906287862032
1397.8545624709109,873.4049407058619,2827.980822668811,3962.324105299198,2671.4178175140964,1275.1515199707906,967.9335475917275,703.056513713625,559.2942574080379,460.8269585685946
1398.745155106364,840.9177500160908,2742.2935484207715,3903.7009304360017,2524.713431283741,1254.5159906999957,935.0064493185905,656.660713882029,572.372920756873,465.5430434238265
1399.63565655526,843.9166469625084,2670.4355437100353,3753.363548728359,2617.3219085865207,1249.1540112382118,902.9317970997467,686.5429132632062,535.0706945776277,442.6136260292876
1400.526066831601,787.4042422362337,2624.6808074541123,3712.0485705422448,2593.105699996018,1200.8408055156597,894.9569520153684,687.7453093216227,541.7104373279352,434.15772754880055
1401.416385949386,821.4791489774757,2710.8811916256695,3785.732222697403,2522.831747883838,1196.5883025467085,936.2882830514361,649.2654478665349,527.5281763915597,474.0825450123022
1402.306613922618,806.9492875339636,2596.2287822368667,3647.5290139813587,2380.4511339219243,1233.5781538370236,908.4337522665621,634.5242260950824,521.2163285781035,448.30515974109085
1403.196750765288,772.6238095029436,2534.9560237714713,3537.492154620757,2506.340327123214,1173.243562578544,888.073344256257,657.1742747496302,525.936769431761,446.010168448698
1404.0867964913919,793.564878704878,2473.3593548702347,3560.6911079279744,2469.4161753487197,1123.8061636317527,868.4852896136615,624.9939541601151,538.2440046867869,453.465644974216
1404.976751114918,787.4453185182355,2404.7141141232723,3530.1991626186727,2401.757498409186,1114.6441242104183,896.8400999394171,620.889299958058,540.0751371063743,427.7237399711066
1405.8666146498551,775.6375831884588,2379.1475550405844,3433.699288219302,2396.887677654806,1130.4400354728873,870.2515704643065,641.6011012143415,508.5501816076808,450.4020019277328
1406.7563871101809,752.095410495004,2443.5708029057864,3325.7797051246966,2310.500186369973,1118.7788871714674,866.4375698887399,644.6532089957177,534.2538826845245,426.81168118523817
1407.6460685098832,775.8671413549156,2358.1628997725006,3365.7057440732933,2286.1955537510153,1135.7038714623413,806.4286170626696,635.8758655323005,512.6441086461958,436.73334640435525
1408.53565886294,729.8479464254127,2375.6993883645014,3309.431983791345,2311.6776386780616,1113.978444544051,850.0118458368842,594.9097970863013,525.9632974239817,431.40809788708606
1409.425158183323,753.5638163382164,2299.158711890553,3423.586395955431,2308.035772554223,1073.1380002303397,855.1568439335518,595.7494045396371,497.115397165525,440.89401296228107
1410.3145664850022,747.4977703492941,2240.5184160139343,3197.3550599617097,2316.5518748209297,1073.3554509507037,828.4684667411594,627.0291732784699,483.8492833172445,427.5647748497283
1411.2038837819532,718.6565994961448,2257.9279661855458,3198.3188332948266,2293.5638306233714,1046.3085752994837,844.3720101518065,619.6680871688521,497.91221700628216,431.58991374699605
1412.093110088143,723.1014159530479,2258.698653677515,3243.030388855359,2303.3958565867006,1062.8001580628588,859.1795670321242,646.6195354195524,508.55484198895675,418.1671649948258
1412.9822454175298,732.2554739745042,2224.6239671290646,3181.7296274055225,2255.4662493209253,1071.5205780849742,850.6500410980993,602.9168712344423,523.3238849328658,435.77160000113156
1413.871289784078,713.7570069654362,2204.9815487147016,3253.218826726702,2224.8910886579497,1059.1875249807867,823.2594766532994,630.1369392037951,506.69779155565834,448.9601257202395
1414.7602432017482,700.0292714388088,2180.630954922312,3156.0978800380385,2233.332022232336,1100.7562549471043,793.4990889320588,614.5143320300907,496.1855205226784,438.512654409822
1415.6491056844932,714.3331346462187,2213.6368030471263,3184.6523175522925,2237.5142337316793,1055.5814148462925,815.81221505557,606.884696565729,494.46179375929063,435.7631099930972
1416.537877246265,722.8732726312365,2181.5460249696466,3109.2499635734207,2180.5517013484205,1046.0284495296573,818.328340268924,588.6395837657387,491.19586888559957,427.5591571271413
1417.426557901013,706.2638082469291,2056.38662821967,3105.3815411698774,2196.0545061478847,1055.9287792303317,792.4418605856147,595.321947764943,466.5501454197806,424.94694773903586
1418.315147662685,660.2043477402163,2044.8544842432748,2959.059606488335,2165.430727393434,1002.1664799529631,786.7105700616949,584.1029483749519,485.2699621862967,421.02852116367086
1419.2036465452218,721.890137206632,2038.1035243600936,3104.1275899885172,2161.714849224243,1047.2351442490728,777.2680107457708,594.3232499468298,482.5786122696389,427.2007387305
1420.0920545625738,678.3419583971106,2067.6099867300577,2953.305382191787,2161.412732068814,990.3595113133944,790.905252803618,615.1485299583695,507.5222221486388,420.63125804536986
1420.98037172867,665.9012910387319,2000.6546912448753,3016.7197335536052,2188.5234454374863,1001.3109516653309,744.5897744701921,563.6062625778336,498.68826374687893,420.98338635831203
1421.868598057448,685.6018386542642,2007.4105708147906,2961.720911074184,2117.0673490433546,988.8868018629948,781.4280322413875,594.715139581941,501.85264270369765,408.9901458254544
1422.7567335628369,678.1333411910832,2024.52908702025,2949.4358420363274,2048.2193347474495,983.1452806787757,777.8298003763808,581.3981629716857,453.0759877826888,417.5406161918897
1423.6447782587782,635.8513388881158,2006.4422497729192,2873.692054135093,2124.1192471721197,1009.6488600385168,782.205923888802,553.7741054080014,493.4522832117727,413.3528143938296
1424.532732159187,685.7944153325944,1995.30702736854,2889.992845072557,2065.265940426894,958.732709940538,768.5627068382524,573.466019717773,474.93233935389446,426.65083597559396
1425.420595277989,663.5066151461928,1921.5072703119313,2914.3024582052685,2115.728374596924,1005.6118089882862,772.9408414184475,565.9031160385061,469.28551086120024,414.07545075988253
1426.30836762911,652.9721500045146,1936.2301064333265,2813.106603946942,2128.5708454829946,962.6900580126983,761.4720540838146,570.1176777985037,506.9904608796382,426.10871420234184
1427.1960492264661,643.0441263181092,1905.425683053199,2966.300324628697,2092.1159132745856,980.8645429091896,754.663152852589,569.9484806229631,473.1461390266886,389.1849243768587
1428.083640083973,687.3930201166794,1929.0398096818146,2816.6348141366375,2099.655293871464,976.354504900305,775.1663038905451,549.3226860903736,468.4529190178231,419.1420854369996
1428.971140215541,636.0675762021489,1909.1934880709357,2814.747638614182,2058.7981672088245,982.8333887734137,727.217446935167,539.9639081466839,445.8417590201978,403.2391020471567
1429.858549635083,638.9927841084332,1844.5459404620763,2743.501627422077,2079.70322281254,972.3803236432677,754.0908632335546,581.4437445458724,473.29123916105993,423.6799981588524
1430.7458683565021,613.8306358975976,1899.9991896281051,2787.5249071214007,2026.9302419623418,979.7490602048892,735.8034440000282,585.0728193531221,469.04990432885893,405.58437816174063
1431.633096393704,646.4151164586226,1899.587980267977,2855.330575768149,2073.088970115,958.7168981832639,744.5671050006528,561.1517728766571,467.9569554731133,414.4195071774605
1432.520233760592,596.9868996401108,1840.3801442547788,2721.034660114611,2044.9766479393863,926.1204055675229,732.3961798564936,546.5790653989757,469.4847306772395,396.343951582259
1433.407280471067,627.4157535435328,1809.3606581781314,2772.645755455329,2059.538996325788,944.5709696204833,751.5199685301656,551.5742888294793,471.79300776664394,402.846221662959
1434.294236539015,628.9569466995113,1837.7335786376345,2778.220762999247,1953.6975156853568,957.1938532583187,743.9381385180156,564.0957615711242,442.23535314809385,402.9255439793744
1435.181101978335,652.3171959820909,1769.44740150664,2762.2327254975376,2067.4803715317403,949.3633018680355,719.4239574446964,567.4468800146782,464.81300954245813,394.7456556623848
1436.0678768029181,630.6588909617825,1804.1384235964608,2727.920461061607,2039.031719447641,949.4426496169558,730.3404997053506,560.5856808549178,461.8910187325731,413.5306342926242
1436.954561026651,602.491274598874,1809.452448672152,2695.8763929095758,1981.592812843259,952.7078775676777,724.1767044439669,546.1004656462701,438.265409929887,409.57534923470257
1437.8411546634131,634.4221837176108,1812.0683622434256,2717.11125870308,2080.7065056613515,926.8511590249469,730.5767959373111,566.0235420355558,467.8863604917379,415.34827340262325
1438.7276577270902,634.7071249252004,1815.7192869534686,2706.69313837429,2050.1338119649668,963.483429072683,734.0353134893945,559.2177016164129,447.9701304245155,403.2724455706281
1439.614070231557,625.695990359108,1789.3919976254176,2751.0916615474484,1999.271125100205,897.6520428616494,740.981708267794,521.2491006298711,438.4798672595324,393.15385850910883
1440.500392190697,619.1081762551698,1777.3440466655593,2708.474844446461,2008.398772732082,904.470637080918,729.698472492138,520.3668403293054,482.84513267747695,390.0282769071644
1441.386623618371,623.1379016601613,1735.3207388004491,2715.3825651457028,1991.6749388505157,892.309811712731,744.4131578376927,516.6523108701338,442.7039839326146,400.3069431551036
1442.272764528461,630.3066985720942,1786.1982931322043,2700.04421190836,2004.5333721046698,948.4238724595775,714.2817289461193,541.3919605290089,449.5133978844873,380.3574905176431
1443.158814934828,592.5802975532537,1806.4300890354612,2662.1595671382397,2052.761464813024,932.8935235270754,723.1656051943713,553.9982748411053,446.1664677738187,390.76664028970816
1444.044774851333,595.6234431037637,1714.5233886347942,2631.2483218643806,1955.349506229161,907.8054473927581,713.5588669462727,532.195988264095,437.054806004592,385.5199989473612
1444.930644291846,602.252581570329,1715.7770591535646,2705.6864748381286,1962.0182624557187,892.9952071560051,707.0781540604027,545.8841133445346,430.1804154073779,389.6346751046135
1445.8164232702218,605.1418190533284,1756.7992382369205,2687.863087913388,1962.4878368314014,923.1145318563908,745.2485456321778,553.4712532228307,454.10478047187365,408.39620300643344
1446.7021118003179,581.0806556288536,1726.355862364013,2654.0983108381142,1968.7211272758768,899.930041025199,733.0555963317846,547.3084465837578,459.89802317292174,406.2598088071814
1447.587709895979,579.6568856348478,1705.28119688474,2644.6226115545446,1938.1348176098497,867.9990287455155,746.1224527915219,534.0770279609965,433.99951437275774,391.3922561124185
1448.4732175710628,622.7220201700129,1697.3396052161916,2595.1716725745514,2005.2244955713813,919.6819628029218,713.1011331452461,544.2610319827226,437.99108595689904,370.4550454918897
1449.35863483942,584.6715452545556,1742.082563411533,2640.9653472722784,1997.6277796197317,896.8941051353897,712.9413230399938,545.8923101101208,460.37912491982866,386.79801208167027
1450.243961714885,563.200636985808,1678.69485636791,2537.3775176878216,1914.6838556683015,871.5728167438824,695.0768424772032,528.4963723828092,451.1554398389835,381.74691063298604
1451.129198211307,556.9683369708039,1699.5943213425242,2622.598687938901,1981.5409928108709,872.550751702041,711.2970413534779,508.4932952095794,445.1789549500209,383.84318782357354
1452.0143443425259,547.7118664832592,1693.7394132009483,2559.957636823929,1962.6341882316788,896.977404530555,705.4766975898502,514.9682222913252,435.58969091693984,372.08686581743154
1452.899400122373,582.8548643985471,1667.1436410990812,2554.830606639628,1984.8839419637065,889.6728424209509,683.1416468589445,544.130265230671,440.86466744966765,381.28836103755043
1453.784365564683,560.6949453220097,1653.3566497216152,2517.1834912777854,2008.0011557733458,881.6581295699445,685.5139614184288,540.8824030844828,464.6041154700045,398.23209897428956
